{
"type": "FeatureCollection",
"name": "subcatchments",
"crs": { "type": "name", "properties": { "name": "urn:ogc:def:crs:OGC:1.3:CRS84" } },
"xy_coordinate_resolution": 1e-06,
"features": [
{ "type": "Feature", "properties": { "id": "SC01", "sc_id": 1, "area_km2": 5.4802, "downstream_unit": "SC04", "receiving_segment": "R01", "impervious_total": 0.0989, "impervious_connected": 0.0311, "mean_elevation_m": 162.189, "mean_slope": 0.066, "control": "" }, "geometry": { "type": "Polygon", "coordinates": [ [ [ -77.132719, 39.195902 ], [ -77.132466, 39.195186 ], [ -77.132439, 39.194285 ], [ -77.132092, 39.194292 ], [ -77.132086, 39.194112 ], [ -77.131731, 39.193848 ], [ -77.1315, 39.193852 ], [ -77.131491, 39.193582 ], [ -77.131139, 39.193408 ], [ -77.131131, 39.193138 ], [ -77.130662, 39.192967 ], [ -77.130654, 39.192696 ], [ -77.130186, 39.192525 ], [ -77.129811, 39.191631 ], [ -77.128872, 39.191197 ], [ -77.128859, 39.190747 ], [ -77.12909, 39.190743 ], [ -77.129192, 39.19029 ], [ -77.12892, 39.188944 ], [ -77.128562, 39.18859 ], [ -77.128408, 39.187332 ], [ -77.129094, 39.187049 ], [ -77.128959, 39.18642 ], [ -77.129298, 39.186144 ], [ -77.129169, 39.185696 ], [ -77.129629, 39.185597 ], [ -77.129618, 39.185237 ], [ -77.129963, 39.185141 ], [ -77.130175, 39.184506 ], [ -77.130522, 39.1845 ], [ -77.130633, 39.184318 ], [ -77.130506, 39.18396 ], [ -77.130616, 39.183777 ], [ -77.130848, 39.183773 ], [ -77.130831, 39.183233 ], [ -77.13106, 39.183139 ], [ -77.131385, 39.182412 ], [ -77.131458, 39.180969 ], [ -77.131226, 39.180973 ], [ -77.131218, 39.180703 ], [ -77.130868, 39.180619 ], [ -77.130857, 39.180259 ], [ -77.130626, 39.180263 ], [ -77.129915, 39.179736 ], [ -77.129431, 39.179024 ], [ -77.129533, 39.178571 ], [ -77.129872, 39.178295 ], [ -77.129274, 39.177675 ], [ -77.128809, 39.177594 ], [ -77.128798, 39.177233 ], [ -77.128448, 39.17715 ], [ -77.128443, 39.17697 ], [ -77.128209, 39.176884 ], [ -77.128077, 39.176346 ], [ -77.128413, 39.175979 ], [ -77.128397, 39.175439 ], [ -77.128741, 39.175342 ], [ -77.128848, 39.17507 ], [ -77.129537, 39.174877 ], [ -77.129758, 39.174513 ], [ -77.129989, 39.174509 ], [ -77.130042, 39.172435 ], [ -77.130274, 39.172431 ], [ -77.130384, 39.172249 ], [ -77.130847, 39.172241 ], [ -77.130957, 39.172058 ], [ -77.131304, 39.172052 ], [ -77.131866, 39.171501 ], [ -77.1321, 39.171587 ], [ -77.132544, 39.170948 ], [ -77.134618, 39.17064 ], [ -77.134844, 39.170456 ], [ -77.134806, 39.169195 ], [ -77.135153, 39.169188 ], [ -77.135258, 39.168826 ], [ -77.135822, 39.168365 ], [ -77.135924, 39.167913 ], [ -77.136271, 39.167907 ], [ -77.137326, 39.168338 ], [ -77.137577, 39.168964 ], [ -77.137918, 39.168777 ], [ -77.13816, 39.169133 ], [ -77.138392, 39.169129 ], [ -77.1384, 39.169399 ], [ -77.138631, 39.169395 ], [ -77.13864, 39.169665 ], [ -77.139102, 39.169657 ], [ -77.139223, 39.169835 ], [ -77.139917, 39.169822 ], [ -77.139937, 39.170452 ], [ -77.140413, 39.170894 ], [ -77.141107, 39.170881 ], [ -77.141333, 39.170697 ], [ -77.141457, 39.170965 ], [ -77.14193, 39.171317 ], [ -77.142162, 39.171312 ], [ -77.14217, 39.171582 ], [ -77.142407, 39.171758 ], [ -77.142985, 39.171748 ], [ -77.143112, 39.172106 ], [ -77.143346, 39.172191 ], [ -77.143357, 39.172552 ], [ -77.14371, 39.172725 ], [ -77.143718, 39.172995 ], [ -77.144062, 39.172899 ], [ -77.144764, 39.173156 ], [ -77.144872, 39.172884 ], [ -77.145679, 39.172779 ], [ -77.146037, 39.173133 ], [ -77.146266, 39.173039 ], [ -77.146389, 39.173307 ], [ -77.147541, 39.173105 ], [ -77.147893, 39.173279 ], [ -77.148469, 39.173178 ], [ -77.149058, 39.173528 ], [ -77.149287, 39.173433 ], [ -77.149532, 39.173879 ], [ -77.149882, 39.173963 ], [ -77.149898, 39.174503 ], [ -77.150133, 39.174589 ], [ -77.150267, 39.175217 ], [ -77.150738, 39.175479 ], [ -77.151105, 39.176103 ], [ -77.151129, 39.176913 ], [ -77.150904, 39.177098 ], [ -77.150802, 39.17755 ], [ -77.15046, 39.177736 ], [ -77.150471, 39.178097 ], [ -77.15024, 39.178101 ], [ -77.150361, 39.178279 ], [ -77.150138, 39.178553 ], [ -77.150146, 39.178823 ], [ -77.150383, 39.178999 ], [ -77.150537, 39.180258 ], [ -77.150663, 39.1844 ], [ -77.151247, 39.184569 ], [ -77.151258, 39.18493 ], [ -77.151492, 39.185015 ], [ -77.151299, 39.18628 ], [ -77.151192, 39.186553 ], [ -77.150847, 39.186649 ], [ -77.151233, 39.187903 ], [ -77.150889, 39.188 ], [ -77.151026, 39.188718 ], [ -77.151263, 39.188894 ], [ -77.151285, 39.189614 ], [ -77.151054, 39.189618 ], [ -77.150376, 39.190172 ], [ -77.1505, 39.19044 ], [ -77.150963, 39.190431 ], [ -77.150971, 39.190701 ], [ -77.150864, 39.190973 ], [ -77.150293, 39.191254 ], [ -77.150458, 39.192873 ], [ -77.150227, 39.192877 ], [ -77.150119, 39.193149 ], [ -77.150133, 39.1936 ], [ -77.149805, 39.194236 ], [ -77.14972, 39.195229 ], [ -77.149499, 39.195594 ], [ -77.14962, 39.195772 ], [ -77.149279, 39.195958 ], [ -77.14919, 39.196861 ], [ -77.14873, 39.196959 ], [ -77.14862, 39.197141 ], [ -77.148273, 39.197148 ], [ -77.148163, 39.19733 ], [ -77.147815, 39.197337 ], [ -77.147482, 39.197793 ], [ -77.147011, 39.197532 ], [ -77.146779, 39.197536 ], [ -77.146785, 39.197716 ], [ -77.146091, 39.197729 ], [ -77.145506, 39.197559 ], [ -77.144118, 39.197585 ], [ -77.144007, 39.197767 ], [ -77.143776, 39.197771 ], [ -77.143787, 39.198132 ], [ -77.143556, 39.198136 ], [ -77.143338, 39.19859 ], [ -77.142657, 39.199053 ], [ -77.142566, 39.199866 ], [ -77.142335, 39.19987 ], [ -77.142345, 39.20023 ], [ -77.142114, 39.200235 ], [ -77.142122, 39.200505 ], [ -77.141893, 39.200599 ], [ -77.1418, 39.201321 ], [ -77.141458, 39.201508 ], [ -77.14135, 39.20178 ], [ -77.141003, 39.201787 ], [ -77.140764, 39.201521 ], [ -77.140659, 39.201883 ], [ -77.14089, 39.201879 ], [ -77.140898, 39.202149 ], [ -77.140438, 39.202248 ], [ -77.140444, 39.202428 ], [ -77.139981, 39.202436 ], [ -77.139994, 39.202886 ], [ -77.139647, 39.202893 ], [ -77.139424, 39.203167 ], [ -77.139074, 39.203083 ], [ -77.138713, 39.20264 ], [ -77.138134, 39.20265 ], [ -77.138129, 39.20247 ], [ -77.137426, 39.202213 ], [ -77.137421, 39.202033 ], [ -77.13671, 39.201505 ], [ -77.136247, 39.201514 ], [ -77.135652, 39.200984 ], [ -77.135647, 39.200804 ], [ -77.135181, 39.200722 ], [ -77.134826, 39.200458 ], [ -77.13482, 39.200278 ], [ -77.13447, 39.200195 ], [ -77.134465, 39.200015 ], [ -77.133991, 39.199663 ], [ -77.133969, 39.198943 ], [ -77.13293, 39.199052 ], [ -77.132691, 39.198786 ], [ -77.132341, 39.198702 ], [ -77.132421, 39.197529 ], [ -77.13219, 39.197534 ], [ -77.132184, 39.197353 ], [ -77.132526, 39.197167 ], [ -77.132512, 39.196717 ], [ -77.132975, 39.196708 ], [ -77.133077, 39.196256 ], [ -77.133067, 39.195896 ], [ -77.132719, 39.195902 ] ], [ [ -77.133067, 39.195896 ], [ -77.13318, 39.195804 ], [ -77.133064, 39.195806 ], [ -77.133067, 39.195896 ] ] ] } },
{ "type": "Feature", "properties": { "id": "SC02", "sc_id": 2, "area_km2": 2.6767, "downstream_unit": "SC04", "receiving_segment": "R02", "impervious_total": 0.0911, "impervious_connected": 0.0275, "mean_elevation_m": 156.6736, "mean_slope": 0.0612, "control": "" }, "geometry": { "type": "MultiPolygon", "coordinates": [ [ [ [ -77.133067, 39.195896 ], [ -77.132975, 39.196708 ], [ -77.132512, 39.196717 ], [ -77.132526, 39.197167 ], [ -77.132184, 39.197353 ], [ -77.13219, 39.197534 ], [ -77.132421, 39.197529 ], [ -77.132344, 39.198792 ], [ -77.132115, 39.198886 ], [ -77.131902, 39.199521 ], [ -77.131214, 39.199714 ], [ -77.130858, 39.19945 ], [ -77.130729, 39.199002 ], [ -77.129913, 39.198837 ], [ -77.129902, 39.198476 ], [ -77.129663, 39.19821 ], [ -77.129316, 39.198217 ], [ -77.129192, 39.197949 ], [ -77.128726, 39.197867 ], [ -77.128718, 39.197597 ], [ -77.128137, 39.197518 ], [ -77.128005, 39.196979 ], [ -77.127539, 39.196898 ], [ -77.127181, 39.196544 ], [ -77.12601, 39.196115 ], [ -77.125087, 39.196222 ], [ -77.124732, 39.195958 ], [ -77.1245, 39.195962 ], [ -77.124702, 39.194967 ], [ -77.124925, 39.194693 ], [ -77.125157, 39.194689 ], [ -77.125148, 39.194419 ], [ -77.125374, 39.194234 ], [ -77.124545, 39.193619 ], [ -77.123961, 39.193449 ], [ -77.123835, 39.193091 ], [ -77.123601, 39.193005 ], [ -77.123237, 39.192471 ], [ -77.123348, 39.192289 ], [ -77.123116, 39.192293 ], [ -77.122995, 39.192115 ], [ -77.123103, 39.191843 ], [ -77.122739, 39.191309 ], [ -77.122723, 39.190769 ], [ -77.122491, 39.190773 ], [ -77.122246, 39.190327 ], [ -77.121775, 39.190065 ], [ -77.12177, 39.189885 ], [ -77.121539, 39.18989 ], [ -77.12153, 39.189619 ], [ -77.121299, 39.189624 ], [ -77.121178, 39.189446 ], [ -77.120833, 39.189542 ], [ -77.120594, 39.189276 ], [ -77.120362, 39.18928 ], [ -77.120252, 39.189462 ], [ -77.119555, 39.189385 ], [ -77.11955, 39.189205 ], [ -77.119318, 39.189209 ], [ -77.119076, 39.188853 ], [ -77.118495, 39.188774 ], [ -77.118374, 39.188596 ], [ -77.117798, 39.188696 ], [ -77.117792, 39.188516 ], [ -77.117445, 39.188522 ], [ -77.117655, 39.187798 ], [ -77.117421, 39.187712 ], [ -77.117407, 39.187262 ], [ -77.116931, 39.18682 ], [ -77.117041, 39.186638 ], [ -77.116347, 39.18665 ], [ -77.116334, 39.1862 ], [ -77.115279, 39.185769 ], [ -77.115483, 39.184864 ], [ -77.115712, 39.18477 ], [ -77.115671, 39.183419 ], [ -77.116462, 39.182774 ], [ -77.116457, 39.182594 ], [ -77.115989, 39.182422 ], [ -77.115738, 39.181796 ], [ -77.115502, 39.18162 ], [ -77.115155, 39.181627 ], [ -77.115149, 39.181446 ], [ -77.114915, 39.181361 ], [ -77.114998, 39.180278 ], [ -77.115445, 39.179729 ], [ -77.115547, 39.179277 ], [ -77.115779, 39.179273 ], [ -77.115765, 39.178822 ], [ -77.116572, 39.178718 ], [ -77.116567, 39.178538 ], [ -77.117024, 39.178349 ], [ -77.117016, 39.178079 ], [ -77.117476, 39.17798 ], [ -77.117928, 39.177612 ], [ -77.117923, 39.177432 ], [ -77.118154, 39.177427 ], [ -77.118256, 39.176975 ], [ -77.118603, 39.176969 ], [ -77.11845, 39.17571 ], [ -77.118218, 39.175714 ], [ -77.118095, 39.175446 ], [ -77.118043, 39.173735 ], [ -77.118269, 39.173551 ], [ -77.118619, 39.173635 ], [ -77.119421, 39.17335 ], [ -77.121283, 39.173677 ], [ -77.122751, 39.172478 ], [ -77.122746, 39.172298 ], [ -77.123443, 39.172376 ], [ -77.123782, 39.172099 ], [ -77.124131, 39.172183 ], [ -77.124242, 39.172001 ], [ -77.125054, 39.172076 ], [ -77.125046, 39.171806 ], [ -77.125506, 39.171707 ], [ -77.125614, 39.171435 ], [ -77.125958, 39.171339 ], [ -77.126404, 39.17079 ], [ -77.12722, 39.170955 ], [ -77.127123, 39.171588 ], [ -77.127368, 39.172034 ], [ -77.129673, 39.171721 ], [ -77.129795, 39.171899 ], [ -77.130142, 39.171893 ], [ -77.130265, 39.172161 ], [ -77.130274, 39.172431 ], [ -77.130042, 39.172435 ], [ -77.129989, 39.174509 ], [ -77.129758, 39.174513 ], [ -77.129537, 39.174877 ], [ -77.128848, 39.17507 ], [ -77.128854, 39.17525 ], [ -77.128397, 39.175439 ], [ -77.128413, 39.175979 ], [ -77.128077, 39.176346 ], [ -77.128085, 39.176616 ], [ -77.128448, 39.17715 ], [ -77.128798, 39.177233 ], [ -77.128809, 39.177594 ], [ -77.129274, 39.177675 ], [ -77.129872, 39.178295 ], [ -77.129533, 39.178571 ], [ -77.129431, 39.179024 ], [ -77.129915, 39.179736 ], [ -77.130626, 39.180263 ], [ -77.130857, 39.180259 ], [ -77.130868, 39.180619 ], [ -77.1311, 39.180615 ], [ -77.131226, 39.180973 ], [ -77.131458, 39.180969 ], [ -77.131487, 39.181959 ], [ -77.131281, 39.182774 ], [ -77.130831, 39.183233 ], [ -77.130848, 39.183773 ], [ -77.130616, 39.183777 ], [ -77.130506, 39.18396 ], [ -77.130633, 39.184318 ], [ -77.130522, 39.1845 ], [ -77.130175, 39.184506 ], [ -77.129963, 39.185141 ], [ -77.129618, 39.185237 ], [ -77.129629, 39.185597 ], [ -77.129169, 39.185696 ], [ -77.129298, 39.186144 ], [ -77.128959, 39.18642 ], [ -77.129094, 39.187049 ], [ -77.128521, 39.187239 ], [ -77.128416, 39.187602 ], [ -77.128562, 39.18859 ], [ -77.12892, 39.188944 ], [ -77.129192, 39.19029 ], [ -77.12909, 39.190743 ], [ -77.128859, 39.190747 ], [ -77.128872, 39.191197 ], [ -77.129811, 39.191631 ], [ -77.130186, 39.192525 ], [ -77.130654, 39.192696 ], [ -77.130662, 39.192967 ], [ -77.131131, 39.193138 ], [ -77.131139, 39.193408 ], [ -77.131491, 39.193582 ], [ -77.1315, 39.193852 ], [ -77.131731, 39.193848 ], [ -77.132086, 39.194112 ], [ -77.132092, 39.194292 ], [ -77.132439, 39.194285 ], [ -77.132466, 39.195186 ], [ -77.132719, 39.195902 ], [ -77.133067, 39.195896 ] ] ], [ [ [ -77.133064, 39.195806 ], [ -77.133182, 39.195894 ], [ -77.133067, 39.195896 ], [ -77.133064, 39.195806 ] ] ] ] } },
{ "type": "Feature", "properties": { "id": "SC03", "sc_id": 3, "area_km2": 2.3605, "downstream_unit": "SC10", "receiving_segment": "R03", "impervious_total": 0.1808, "impervious_connected": 0.0769, "mean_elevation_m": 151.97, "mean_slope": 0.0637, "control": "" }, "geometry": { "type": "Polygon", "coordinates": [ [ [ -77.150623, 39.175481 ], [ -77.150267, 39.175217 ], [ -77.150133, 39.174589 ], [ -77.149898, 39.174503 ], [ -77.149882, 39.173963 ], [ -77.149532, 39.173879 ], [ -77.149287, 39.173433 ], [ -77.149058, 39.173528 ], [ -77.148469, 39.173178 ], [ -77.147893, 39.173279 ], [ -77.147656, 39.173103 ], [ -77.146389, 39.173307 ], [ -77.146266, 39.173039 ], [ -77.146037, 39.173133 ], [ -77.145679, 39.172779 ], [ -77.144872, 39.172884 ], [ -77.144764, 39.173156 ], [ -77.144062, 39.172899 ], [ -77.143718, 39.172995 ], [ -77.14371, 39.172725 ], [ -77.143357, 39.172552 ], [ -77.143346, 39.172191 ], [ -77.143112, 39.172106 ], [ -77.142985, 39.171748 ], [ -77.142407, 39.171758 ], [ -77.14217, 39.171582 ], [ -77.142162, 39.171312 ], [ -77.14193, 39.171317 ], [ -77.141333, 39.170697 ], [ -77.141107, 39.170881 ], [ -77.140413, 39.170894 ], [ -77.139937, 39.170452 ], [ -77.139917, 39.169822 ], [ -77.139223, 39.169835 ], [ -77.139102, 39.169657 ], [ -77.13864, 39.169665 ], [ -77.138631, 39.169395 ], [ -77.1384, 39.169399 ], [ -77.138392, 39.169129 ], [ -77.13816, 39.169133 ], [ -77.137918, 39.168777 ], [ -77.137577, 39.168964 ], [ -77.137326, 39.168338 ], [ -77.137095, 39.168342 ], [ -77.136621, 39.16799 ], [ -77.13604, 39.167911 ], [ -77.135674, 39.167287 ], [ -77.13544, 39.167201 ], [ -77.135305, 39.166573 ], [ -77.134261, 39.166502 ], [ -77.134022, 39.166236 ], [ -77.133322, 39.166069 ], [ -77.133309, 39.165618 ], [ -77.132728, 39.165539 ], [ -77.132722, 39.165359 ], [ -77.132136, 39.165099 ], [ -77.131767, 39.164385 ], [ -77.130946, 39.16404 ], [ -77.130941, 39.16386 ], [ -77.131169, 39.163765 ], [ -77.131024, 39.162777 ], [ -77.131465, 39.162048 ], [ -77.131459, 39.161868 ], [ -77.131225, 39.161782 ], [ -77.131193, 39.160702 ], [ -77.13141, 39.160247 ], [ -77.132336, 39.16023 ], [ -77.132793, 39.160042 ], [ -77.133143, 39.160125 ], [ -77.133253, 39.159943 ], [ -77.133487, 39.160029 ], [ -77.133482, 39.159849 ], [ -77.133713, 39.159845 ], [ -77.13382, 39.159572 ], [ -77.134283, 39.159564 ], [ -77.134393, 39.159382 ], [ -77.135225, 39.160087 ], [ -77.135803, 39.160077 ], [ -77.135908, 39.159714 ], [ -77.13636, 39.159346 ], [ -77.136707, 39.159339 ], [ -77.137161, 39.159061 ], [ -77.137624, 39.159052 ], [ -77.13772, 39.15842 ], [ -77.138183, 39.158411 ], [ -77.138772, 39.158761 ], [ -77.138778, 39.158941 ], [ -77.139356, 39.15893 ], [ -77.139829, 39.159282 ], [ -77.139838, 39.159552 ], [ -77.140303, 39.159634 ], [ -77.140308, 39.159814 ], [ -77.141, 39.159711 ], [ -77.140895, 39.160073 ], [ -77.141592, 39.160151 ], [ -77.141724, 39.160689 ], [ -77.142415, 39.160586 ], [ -77.142655, 39.160852 ], [ -77.143002, 39.160845 ], [ -77.143594, 39.161285 ], [ -77.143822, 39.161191 ], [ -77.143817, 39.161011 ], [ -77.144737, 39.160813 ], [ -77.144742, 39.160994 ], [ -77.145563, 39.161339 ], [ -77.145568, 39.161519 ], [ -77.145915, 39.161513 ], [ -77.14602, 39.16115 ], [ -77.146491, 39.161412 ], [ -77.146482, 39.161142 ], [ -77.146714, 39.161137 ], [ -77.147273, 39.160496 ], [ -77.14762, 39.16049 ], [ -77.148074, 39.160211 ], [ -77.148879, 39.160016 ], [ -77.148989, 39.159834 ], [ -77.149336, 39.159828 ], [ -77.149581, 39.160274 ], [ -77.149812, 39.160269 ], [ -77.150054, 39.160625 ], [ -77.150404, 39.160709 ], [ -77.150655, 39.161335 ], [ -77.15112, 39.161417 ], [ -77.151478, 39.16177 ], [ -77.151709, 39.161766 ], [ -77.151715, 39.161946 ], [ -77.151946, 39.161942 ], [ -77.152654, 39.162379 ], [ -77.152662, 39.162649 ], [ -77.15302, 39.163003 ], [ -77.152687, 39.16346 ], [ -77.152827, 39.164268 ], [ -77.153177, 39.164352 ], [ -77.153304, 39.16471 ], [ -77.154, 39.164787 ], [ -77.154474, 39.165139 ], [ -77.154934, 39.16504 ], [ -77.155298, 39.165574 ], [ -77.155083, 39.166119 ], [ -77.155672, 39.166468 ], [ -77.155578, 39.167191 ], [ -77.156041, 39.167182 ], [ -77.156278, 39.167358 ], [ -77.156179, 39.1679 ], [ -77.156647, 39.168072 ], [ -77.156661, 39.168522 ], [ -77.156319, 39.168708 ], [ -77.15622, 39.169251 ], [ -77.156454, 39.169337 ], [ -77.156584, 39.169785 ], [ -77.156242, 39.169971 ], [ -77.156253, 39.170331 ], [ -77.155801, 39.1707 ], [ -77.155587, 39.171245 ], [ -77.154895, 39.171348 ], [ -77.15479, 39.17171 ], [ -77.154336, 39.171989 ], [ -77.154341, 39.172169 ], [ -77.153994, 39.172175 ], [ -77.153774, 39.17254 ], [ -77.153207, 39.172911 ], [ -77.153212, 39.173091 ], [ -77.152981, 39.173095 ], [ -77.152986, 39.173275 ], [ -77.152755, 39.173279 ], [ -77.152532, 39.173554 ], [ -77.151835, 39.173476 ], [ -77.151738, 39.174109 ], [ -77.151298, 39.174838 ], [ -77.151309, 39.175198 ], [ -77.150846, 39.175207 ], [ -77.150854, 39.175477 ], [ -77.150623, 39.175481 ] ] ] } },
{ "type": "Feature", "properties": { "id": "SC04", "sc_id": 4, "area_km2": 1.5242, "downstream_unit": "SC10", "receiving_segment": "R04", "impervious_total": 0.0682, "impervious_connected": 0.0178, "mean_elevation_m": 142.1419, "mean_slope": 0.0713, "control": "" }, "geometry": { "type": "Polygon", "coordinates": [ [ [ -77.121283, 39.173677 ], [ -77.119768, 39.173344 ], [ -77.118388, 39.173639 ], [ -77.118476, 39.172737 ], [ -77.118934, 39.172548 ], [ -77.118804, 39.1721 ], [ -77.119482, 39.171547 ], [ -77.119466, 39.171007 ], [ -77.119695, 39.170912 ], [ -77.119689, 39.170732 ], [ -77.119455, 39.170646 ], [ -77.119412, 39.169206 ], [ -77.119756, 39.169109 ], [ -77.119972, 39.168565 ], [ -77.120316, 39.168468 ], [ -77.120539, 39.168194 ], [ -77.120512, 39.167294 ], [ -77.120047, 39.167212 ], [ -77.119926, 39.167034 ], [ -77.119579, 39.16704 ], [ -77.119457, 39.166862 ], [ -77.118876, 39.166783 ], [ -77.118279, 39.166163 ], [ -77.117009, 39.166276 ], [ -77.116415, 39.165746 ], [ -77.116073, 39.165933 ], [ -77.115947, 39.165575 ], [ -77.116167, 39.16521 ], [ -77.116622, 39.164932 ], [ -77.116727, 39.164569 ], [ -77.117189, 39.164561 ], [ -77.117394, 39.163656 ], [ -77.117625, 39.163652 ], [ -77.11798, 39.163916 ], [ -77.118903, 39.163809 ], [ -77.119718, 39.163974 ], [ -77.120172, 39.163696 ], [ -77.120162, 39.163336 ], [ -77.12039, 39.163241 ], [ -77.120605, 39.162697 ], [ -77.120727, 39.162875 ], [ -77.121649, 39.162768 ], [ -77.122217, 39.162397 ], [ -77.122647, 39.161308 ], [ -77.123341, 39.161296 ], [ -77.123677, 39.160929 ], [ -77.124368, 39.160826 ], [ -77.124479, 39.160644 ], [ -77.125167, 39.160451 ], [ -77.12539, 39.160177 ], [ -77.126195, 39.159982 ], [ -77.126189, 39.159802 ], [ -77.127004, 39.159967 ], [ -77.127128, 39.160235 ], [ -77.128064, 39.160579 ], [ -77.129103, 39.16047 ], [ -77.129224, 39.160648 ], [ -77.129918, 39.160635 ], [ -77.130725, 39.16053 ], [ -77.131061, 39.160164 ], [ -77.131292, 39.160159 ], [ -77.131413, 39.160337 ], [ -77.131193, 39.160702 ], [ -77.131225, 39.161782 ], [ -77.131459, 39.161868 ], [ -77.131465, 39.162048 ], [ -77.131024, 39.162777 ], [ -77.131169, 39.163765 ], [ -77.130941, 39.16386 ], [ -77.130946, 39.16404 ], [ -77.131767, 39.164385 ], [ -77.132136, 39.165099 ], [ -77.132485, 39.165183 ], [ -77.132728, 39.165539 ], [ -77.133309, 39.165618 ], [ -77.133441, 39.166157 ], [ -77.134022, 39.166236 ], [ -77.134261, 39.166502 ], [ -77.135305, 39.166573 ], [ -77.13544, 39.167201 ], [ -77.136035, 39.167731 ], [ -77.135933, 39.168183 ], [ -77.135258, 39.168826 ], [ -77.135153, 39.169188 ], [ -77.134806, 39.169195 ], [ -77.134844, 39.170456 ], [ -77.134618, 39.17064 ], [ -77.132544, 39.170948 ], [ -77.1321, 39.171587 ], [ -77.131866, 39.171501 ], [ -77.131304, 39.172052 ], [ -77.130957, 39.172058 ], [ -77.130847, 39.172241 ], [ -77.130387, 39.172339 ], [ -77.130155, 39.172343 ], [ -77.130142, 39.171893 ], [ -77.129795, 39.171899 ], [ -77.129673, 39.171721 ], [ -77.127368, 39.172034 ], [ -77.127123, 39.171588 ], [ -77.12722, 39.170955 ], [ -77.126404, 39.17079 ], [ -77.126066, 39.171067 ], [ -77.126071, 39.171247 ], [ -77.125614, 39.171435 ], [ -77.125506, 39.171707 ], [ -77.125046, 39.171806 ], [ -77.125054, 39.172076 ], [ -77.124242, 39.172001 ], [ -77.124131, 39.172183 ], [ -77.123782, 39.172099 ], [ -77.123443, 39.172376 ], [ -77.122746, 39.172298 ], [ -77.122751, 39.172478 ], [ -77.121283, 39.173677 ] ] ] } },
{ "type": "Feature", "properties": { "id": "SC05", "sc_id": 5, "area_km2": 3.9669, "downstream_unit": "SC08", "receiving_segment": "R05", "impervious_total": 0.0862, "impervious_connected": 0.0253, "mean_elevation_m": 149.4347, "mean_slope": 0.0571, "control": "" }, "geometry": { "type": "Polygon", "coordinates": [ [ [ -77.104507, 39.185604 ], [ -77.104265, 39.185248 ], [ -77.103799, 39.185166 ], [ -77.103444, 39.184902 ], [ -77.101822, 39.184841 ], [ -77.101816, 39.184661 ], [ -77.101109, 39.184223 ], [ -77.101103, 39.184043 ], [ -77.100751, 39.183869 ], [ -77.100387, 39.183335 ], [ -77.099346, 39.183354 ], [ -77.098873, 39.183002 ], [ -77.098525, 39.183009 ], [ -77.098517, 39.182738 ], [ -77.098862, 39.182642 ], [ -77.098967, 39.18228 ], [ -77.098951, 39.181739 ], [ -77.09859, 39.181295 ], [ -77.098577, 39.180845 ], [ -77.098921, 39.180749 ], [ -77.099258, 39.180382 ], [ -77.099605, 39.180376 ], [ -77.10006, 39.180098 ], [ -77.100148, 39.179195 ], [ -77.099912, 39.179019 ], [ -77.100135, 39.178745 ], [ -77.09954, 39.178215 ], [ -77.098607, 39.177962 ], [ -77.098252, 39.177698 ], [ -77.098246, 39.177518 ], [ -77.098012, 39.177432 ], [ -77.097878, 39.176803 ], [ -77.097399, 39.176271 ], [ -77.097493, 39.175549 ], [ -77.097138, 39.175285 ], [ -77.096791, 39.175291 ], [ -77.096436, 39.175027 ], [ -77.096431, 39.174847 ], [ -77.096199, 39.174851 ], [ -77.096194, 39.174671 ], [ -77.095729, 39.17459 ], [ -77.095597, 39.174051 ], [ -77.095242, 39.173787 ], [ -77.095236, 39.173607 ], [ -77.095922, 39.173325 ], [ -77.096587, 39.172322 ], [ -77.098207, 39.172293 ], [ -77.098331, 39.172561 ], [ -77.098678, 39.172554 ], [ -77.099022, 39.172458 ], [ -77.09913, 39.172186 ], [ -77.099477, 39.17218 ], [ -77.099961, 39.172892 ], [ -77.101007, 39.173053 ], [ -77.101131, 39.173321 ], [ -77.101941, 39.173306 ], [ -77.101933, 39.173036 ], [ -77.102164, 39.173032 ], [ -77.102388, 39.172758 ], [ -77.10447, 39.17272 ], [ -77.104459, 39.17236 ], [ -77.10411, 39.172276 ], [ -77.104327, 39.171822 ], [ -77.104311, 39.171281 ], [ -77.103846, 39.1712 ], [ -77.10372, 39.170842 ], [ -77.103709, 39.170481 ], [ -77.10394, 39.170477 ], [ -77.103935, 39.170297 ], [ -77.104621, 39.170014 ], [ -77.104234, 39.16867 ], [ -77.105159, 39.168653 ], [ -77.105495, 39.168287 ], [ -77.105598, 39.167834 ], [ -77.105826, 39.16774 ], [ -77.105791, 39.16657 ], [ -77.106249, 39.166381 ], [ -77.106577, 39.165744 ], [ -77.10645, 39.165386 ], [ -77.105641, 39.165401 ], [ -77.105619, 39.164681 ], [ -77.105851, 39.164676 ], [ -77.105842, 39.164406 ], [ -77.105606, 39.16423 ], [ -77.105662, 39.162247 ], [ -77.104963, 39.16208 ], [ -77.104724, 39.161814 ], [ -77.104258, 39.161732 ], [ -77.103903, 39.161468 ], [ -77.104121, 39.161014 ], [ -77.104, 39.160836 ], [ -77.104455, 39.160557 ], [ -77.104447, 39.160287 ], [ -77.104678, 39.160283 ], [ -77.104656, 39.159562 ], [ -77.104417, 39.159296 ], [ -77.104406, 39.158936 ], [ -77.104635, 39.158842 ], [ -77.104622, 39.158392 ], [ -77.104388, 39.158306 ], [ -77.104484, 39.157673 ], [ -77.104718, 39.157759 ], [ -77.104724, 39.157939 ], [ -77.105189, 39.158021 ], [ -77.105316, 39.158379 ], [ -77.105778, 39.158371 ], [ -77.106351, 39.15818 ], [ -77.10634, 39.15782 ], [ -77.106569, 39.157726 ], [ -77.107263, 39.157713 ], [ -77.107965, 39.157971 ], [ -77.108885, 39.157774 ], [ -77.109334, 39.157315 ], [ -77.109679, 39.157219 ], [ -77.110009, 39.156672 ], [ -77.110935, 39.156656 ], [ -77.111056, 39.156834 ], [ -77.11186, 39.156639 ], [ -77.112328, 39.156811 ], [ -77.112672, 39.156714 ], [ -77.112801, 39.157162 ], [ -77.113493, 39.15706 ], [ -77.113603, 39.156878 ], [ -77.114181, 39.156867 ], [ -77.114292, 39.156685 ], [ -77.115217, 39.156668 ], [ -77.11547, 39.157384 ], [ -77.115819, 39.157468 ], [ -77.115863, 39.158909 ], [ -77.115634, 39.159003 ], [ -77.115766, 39.159541 ], [ -77.116481, 39.160249 ], [ -77.116506, 39.16106 ], [ -77.117208, 39.161317 ], [ -77.117219, 39.161677 ], [ -77.117453, 39.161763 ], [ -77.117708, 39.162569 ], [ -77.117612, 39.163202 ], [ -77.117848, 39.163378 ], [ -77.117854, 39.163558 ], [ -77.117394, 39.163656 ], [ -77.117189, 39.164561 ], [ -77.116614, 39.164662 ], [ -77.116622, 39.164932 ], [ -77.116167, 39.16521 ], [ -77.115952, 39.165755 ], [ -77.116073, 39.165933 ], [ -77.116415, 39.165746 ], [ -77.117009, 39.166276 ], [ -77.118279, 39.166163 ], [ -77.118876, 39.166783 ], [ -77.119457, 39.166862 ], [ -77.119579, 39.16704 ], [ -77.119926, 39.167034 ], [ -77.120047, 39.167212 ], [ -77.120512, 39.167294 ], [ -77.120639, 39.167652 ], [ -77.120429, 39.168376 ], [ -77.120084, 39.168473 ], [ -77.119756, 39.169109 ], [ -77.119412, 39.169206 ], [ -77.119455, 39.170646 ], [ -77.119689, 39.170732 ], [ -77.119695, 39.170912 ], [ -77.119466, 39.171007 ], [ -77.119482, 39.171547 ], [ -77.118804, 39.1721 ], [ -77.118934, 39.172548 ], [ -77.118476, 39.172737 ], [ -77.118501, 39.173547 ], [ -77.118043, 39.173735 ], [ -77.118095, 39.175446 ], [ -77.118218, 39.175714 ], [ -77.11845, 39.17571 ], [ -77.118603, 39.176969 ], [ -77.118256, 39.176975 ], [ -77.118154, 39.177427 ], [ -77.117923, 39.177432 ], [ -77.117928, 39.177612 ], [ -77.117476, 39.17798 ], [ -77.117016, 39.178079 ], [ -77.117024, 39.178349 ], [ -77.116567, 39.178538 ], [ -77.116572, 39.178718 ], [ -77.115765, 39.178822 ], [ -77.115779, 39.179273 ], [ -77.115547, 39.179277 ], [ -77.115445, 39.179729 ], [ -77.114998, 39.180278 ], [ -77.114915, 39.181361 ], [ -77.115149, 39.181446 ], [ -77.115155, 39.181627 ], [ -77.115502, 39.18162 ], [ -77.115738, 39.181796 ], [ -77.115989, 39.182422 ], [ -77.116457, 39.182594 ], [ -77.116462, 39.182774 ], [ -77.116008, 39.183053 ], [ -77.115677, 39.183599 ], [ -77.115219, 39.183788 ], [ -77.115225, 39.183968 ], [ -77.114183, 39.183987 ], [ -77.113586, 39.183367 ], [ -77.112542, 39.183296 ], [ -77.11184, 39.183038 ], [ -77.111495, 39.183134 ], [ -77.110906, 39.182785 ], [ -77.11044, 39.182703 ], [ -77.110257, 39.184328 ], [ -77.109216, 39.184347 ], [ -77.108759, 39.184536 ], [ -77.106558, 39.184485 ], [ -77.106453, 39.184848 ], [ -77.10599, 39.184856 ], [ -77.105879, 39.185038 ], [ -77.105188, 39.185141 ], [ -77.104507, 39.185604 ] ] ] } },
{ "type": "Feature", "properties": { "id": "SC06", "sc_id": 6, "area_km2": 2.9538, "downstream_unit": "SC08", "receiving_segment": "R06", "impervious_total": 0.1442, "impervious_connected": 0.0548, "mean_elevation_m": 142.1821, "mean_slope": 0.0513, "control": "" }, "geometry": { "type": "MultiPolygon", "coordinates": [ [ [ [ -77.095462, 39.173423 ], [ -77.095102, 39.172979 ], [ -77.094871, 39.172983 ], [ -77.094865, 39.172803 ], [ -77.094287, 39.172814 ], [ -77.093816, 39.172552 ], [ -77.093587, 39.172646 ], [ -77.093103, 39.171934 ], [ -77.093321, 39.171479 ], [ -77.092624, 39.171402 ], [ -77.092154, 39.17114 ], [ -77.091575, 39.17115 ], [ -77.09147, 39.171513 ], [ -77.091128, 39.171699 ], [ -77.091139, 39.172059 ], [ -77.090792, 39.172065 ], [ -77.090203, 39.171716 ], [ -77.089046, 39.171736 ], [ -77.08882, 39.171921 ], [ -77.08698, 39.172314 ], [ -77.086385, 39.171784 ], [ -77.085807, 39.171794 ], [ -77.085912, 39.171432 ], [ -77.086372, 39.171334 ], [ -77.086361, 39.170974 ], [ -77.086125, 39.170798 ], [ -77.085996, 39.170349 ], [ -77.085764, 39.170354 ], [ -77.085754, 39.169993 ], [ -77.085049, 39.169646 ], [ -77.084799, 39.169019 ], [ -77.083763, 39.169218 ], [ -77.083981, 39.168764 ], [ -77.084212, 39.16876 ], [ -77.084207, 39.16858 ], [ -77.084439, 39.168575 ], [ -77.084549, 39.168393 ], [ -77.084299, 39.167767 ], [ -77.084517, 39.167313 ], [ -77.084864, 39.167306 ], [ -77.084966, 39.166854 ], [ -77.08403, 39.16651 ], [ -77.084127, 39.165878 ], [ -77.083877, 39.165252 ], [ -77.083982, 39.164889 ], [ -77.084211, 39.164795 ], [ -77.084085, 39.164437 ], [ -77.084316, 39.164433 ], [ -77.084427, 39.164251 ], [ -77.085121, 39.164238 ], [ -77.085094, 39.163338 ], [ -77.085444, 39.163422 ], [ -77.08567, 39.163238 ], [ -77.085662, 39.162967 ], [ -77.086009, 39.162961 ], [ -77.086229, 39.162597 ], [ -77.086805, 39.162496 ], [ -77.086789, 39.161956 ], [ -77.087357, 39.161586 ], [ -77.087349, 39.161315 ], [ -77.087688, 39.161039 ], [ -77.087451, 39.160863 ], [ -77.08779, 39.160587 ], [ -77.087772, 39.159956 ], [ -77.088003, 39.159952 ], [ -77.088111, 39.15968 ], [ -77.088576, 39.159762 ], [ -77.089843, 39.159559 ], [ -77.089717, 39.159201 ], [ -77.090058, 39.159014 ], [ -77.090048, 39.158654 ], [ -77.090389, 39.158468 ], [ -77.090492, 39.158015 ], [ -77.090952, 39.157917 ], [ -77.090941, 39.157557 ], [ -77.090591, 39.157473 ], [ -77.090586, 39.157293 ], [ -77.091038, 39.156924 ], [ -77.091729, 39.156822 ], [ -77.091721, 39.156552 ], [ -77.091947, 39.156368 ], [ -77.092641, 39.156355 ], [ -77.092515, 39.155997 ], [ -77.092854, 39.155721 ], [ -77.093658, 39.155526 ], [ -77.093997, 39.15525 ], [ -77.094801, 39.155055 ], [ -77.094912, 39.154873 ], [ -77.095259, 39.154866 ], [ -77.095356, 39.154234 ], [ -77.095931, 39.154134 ], [ -77.096042, 39.153951 ], [ -77.097083, 39.153933 ], [ -77.097193, 39.15375 ], [ -77.097658, 39.153832 ], [ -77.09765, 39.153562 ], [ -77.097882, 39.153558 ], [ -77.097992, 39.153376 ], [ -77.099035, 39.153447 ], [ -77.099269, 39.153533 ], [ -77.099277, 39.153803 ], [ -77.099748, 39.154065 ], [ -77.101026, 39.154222 ], [ -77.10095, 39.155575 ], [ -77.100732, 39.156029 ], [ -77.100388, 39.156126 ], [ -77.100399, 39.156486 ], [ -77.10098, 39.156565 ], [ -77.101101, 39.156743 ], [ -77.101445, 39.156647 ], [ -77.101682, 39.156823 ], [ -77.102257, 39.156723 ], [ -77.102494, 39.156898 ], [ -77.102841, 39.156892 ], [ -77.103196, 39.157156 ], [ -77.103201, 39.157336 ], [ -77.103548, 39.15733 ], [ -77.103672, 39.157598 ], [ -77.104135, 39.15759 ], [ -77.104487, 39.157763 ], [ -77.104388, 39.158306 ], [ -77.104622, 39.158392 ], [ -77.104635, 39.158842 ], [ -77.104406, 39.158936 ], [ -77.104417, 39.159296 ], [ -77.104656, 39.159562 ], [ -77.104678, 39.160283 ], [ -77.104447, 39.160287 ], [ -77.104455, 39.160557 ], [ -77.104, 39.160836 ], [ -77.104121, 39.161014 ], [ -77.103903, 39.161468 ], [ -77.104258, 39.161732 ], [ -77.104724, 39.161814 ], [ -77.104963, 39.16208 ], [ -77.105662, 39.162247 ], [ -77.105606, 39.16423 ], [ -77.105842, 39.164406 ], [ -77.105851, 39.164676 ], [ -77.105619, 39.164681 ], [ -77.105641, 39.165401 ], [ -77.10645, 39.165386 ], [ -77.106577, 39.165744 ], [ -77.106249, 39.166381 ], [ -77.105791, 39.16657 ], [ -77.105826, 39.16774 ], [ -77.105598, 39.167834 ], [ -77.105495, 39.168287 ], [ -77.105159, 39.168653 ], [ -77.104234, 39.16867 ], [ -77.104621, 39.170014 ], [ -77.104389, 39.170019 ], [ -77.104395, 39.170199 ], [ -77.103709, 39.170481 ], [ -77.10372, 39.170842 ], [ -77.103846, 39.1712 ], [ -77.104311, 39.171281 ], [ -77.104327, 39.171822 ], [ -77.10411, 39.172276 ], [ -77.104459, 39.17236 ], [ -77.10447, 39.17272 ], [ -77.102388, 39.172758 ], [ -77.102164, 39.173032 ], [ -77.101933, 39.173036 ], [ -77.101941, 39.173306 ], [ -77.101131, 39.173321 ], [ -77.101007, 39.173053 ], [ -77.099961, 39.172892 ], [ -77.099477, 39.17218 ], [ -77.09913, 39.172186 ], [ -77.099135, 39.172366 ], [ -77.098678, 39.172554 ], [ -77.098331, 39.172561 ], [ -77.098207, 39.172293 ], [ -77.096587, 39.172322 ], [ -77.096593, 39.172502 ], [ -77.096361, 39.172506 ], [ -77.096369, 39.172776 ], [ -77.095809, 39.173417 ], [ -77.095462, 39.173423 ] ] ], [ [ [ -77.095465, 39.173513 ], [ -77.095347, 39.173425 ], [ -77.095462, 39.173423 ], [ -77.095465, 39.173513 ] ] ] ] } },
{ "type": "Feature", "properties": { "id": "SC07", "sc_id": 7, "area_km2": 5.7821, "downstream_unit": "SC09", "receiving_segment": "R07", "impervious_total": 0.2571, "impervious_connected": 0.1303, "mean_elevation_m": 142.3215, "mean_slope": 0.0562, "control": "01647685" }, "geometry": { "type": "Polygon", "coordinates": [ [ [ -77.084085, 39.164437 ], [ -77.08373, 39.164173 ], [ -77.083722, 39.163903 ], [ -77.083375, 39.163909 ], [ -77.08337, 39.163729 ], [ -77.08302, 39.163645 ], [ -77.08266, 39.163201 ], [ -77.082431, 39.163295 ], [ -77.082192, 39.163029 ], [ -77.081611, 39.16295 ], [ -77.0816, 39.16259 ], [ -77.081242, 39.162236 ], [ -77.080088, 39.162346 ], [ -77.079612, 39.161904 ], [ -77.079034, 39.161915 ], [ -77.078797, 39.161739 ], [ -77.078571, 39.161923 ], [ -77.07849, 39.163096 ], [ -77.076526, 39.163221 ], [ -77.076531, 39.163401 ], [ -77.076184, 39.163407 ], [ -77.07619, 39.163587 ], [ -77.075157, 39.163876 ], [ -77.074899, 39.162979 ], [ -77.07513, 39.162975 ], [ -77.075238, 39.162703 ], [ -77.076034, 39.162238 ], [ -77.076024, 39.161878 ], [ -77.075671, 39.161704 ], [ -77.075666, 39.161524 ], [ -77.075203, 39.161532 ], [ -77.075072, 39.160994 ], [ -77.074725, 39.161 ], [ -77.074488, 39.160824 ], [ -77.074028, 39.160923 ], [ -77.073905, 39.160655 ], [ -77.073552, 39.160481 ], [ -77.072869, 39.160853 ], [ -77.072864, 39.160673 ], [ -77.072632, 39.160677 ], [ -77.072393, 39.160411 ], [ -77.072046, 39.160417 ], [ -77.071922, 39.160149 ], [ -77.072135, 39.159515 ], [ -77.071893, 39.159159 ], [ -77.07188, 39.158708 ], [ -77.07153, 39.158624 ], [ -77.071402, 39.158176 ], [ -77.070823, 39.158187 ], [ -77.070587, 39.158011 ], [ -77.070358, 39.158105 ], [ -77.069656, 39.157847 ], [ -77.069645, 39.157487 ], [ -77.070103, 39.157298 ], [ -77.070095, 39.157028 ], [ -77.069393, 39.15677 ], [ -77.06938, 39.15632 ], [ -77.069033, 39.156326 ], [ -77.068796, 39.15615 ], [ -77.06822, 39.156251 ], [ -77.068213, 39.15598 ], [ -77.067981, 39.155985 ], [ -77.067958, 39.155174 ], [ -77.068068, 39.154992 ], [ -77.068299, 39.154988 ], [ -77.068407, 39.154716 ], [ -77.068281, 39.154357 ], [ -77.068047, 39.154272 ], [ -77.068036, 39.153911 ], [ -77.068262, 39.153727 ], [ -77.067786, 39.153285 ], [ -77.067203, 39.153115 ], [ -77.067187, 39.152575 ], [ -77.067534, 39.152569 ], [ -77.067529, 39.152389 ], [ -77.06776, 39.152385 ], [ -77.067852, 39.151572 ], [ -77.068188, 39.151206 ], [ -77.068181, 39.150935 ], [ -77.067949, 39.15094 ], [ -77.067826, 39.150671 ], [ -77.067476, 39.150588 ], [ -77.067471, 39.150407 ], [ -77.067, 39.150146 ], [ -77.067108, 39.149873 ], [ -77.066874, 39.149787 ], [ -77.066735, 39.148979 ], [ -77.065925, 39.148993 ], [ -77.065912, 39.148543 ], [ -77.066259, 39.148537 ], [ -77.06648, 39.148173 ], [ -77.066359, 39.147995 ], [ -77.067034, 39.147352 ], [ -77.066761, 39.145915 ], [ -77.066527, 39.145829 ], [ -77.0666, 39.144386 ], [ -77.066364, 39.14421 ], [ -77.066474, 39.144028 ], [ -77.066821, 39.144022 ], [ -77.066813, 39.143752 ], [ -77.067039, 39.143568 ], [ -77.067005, 39.142397 ], [ -77.067231, 39.142213 ], [ -77.067578, 39.142207 ], [ -77.06803, 39.141838 ], [ -77.068022, 39.141568 ], [ -77.068364, 39.141382 ], [ -77.068582, 39.140927 ], [ -77.069507, 39.140911 ], [ -77.069749, 39.141267 ], [ -77.070104, 39.141531 ], [ -77.070335, 39.141527 ], [ -77.07034, 39.141707 ], [ -77.070803, 39.141699 ], [ -77.070908, 39.141336 ], [ -77.073683, 39.141287 ], [ -77.073675, 39.141017 ], [ -77.073901, 39.140833 ], [ -77.074364, 39.140825 ], [ -77.074358, 39.140644 ], [ -77.075633, 39.140712 ], [ -77.075743, 39.14053 ], [ -77.076206, 39.140521 ], [ -77.076316, 39.140339 ], [ -77.07608, 39.140163 ], [ -77.076419, 39.139887 ], [ -77.076997, 39.139877 ], [ -77.077215, 39.139422 ], [ -77.077564, 39.139506 ], [ -77.07757, 39.139686 ], [ -77.078264, 39.139674 ], [ -77.078258, 39.139494 ], [ -77.078721, 39.139485 ], [ -77.078705, 39.138945 ], [ -77.078934, 39.138851 ], [ -77.078926, 39.138581 ], [ -77.07927, 39.138485 ], [ -77.079257, 39.138034 ], [ -77.080066, 39.13802 ], [ -77.079824, 39.137664 ], [ -77.079927, 39.137211 ], [ -77.080612, 39.136929 ], [ -77.080723, 39.136747 ], [ -77.08107, 39.136741 ], [ -77.081064, 39.13656 ], [ -77.081414, 39.136644 ], [ -77.081863, 39.136186 ], [ -77.082213, 39.13627 ], [ -77.082323, 39.136087 ], [ -77.082554, 39.136083 ], [ -77.082678, 39.136351 ], [ -77.083256, 39.136341 ], [ -77.083611, 39.136605 ], [ -77.083621, 39.136965 ], [ -77.083855, 39.137051 ], [ -77.084434, 39.137041 ], [ -77.084659, 39.136857 ], [ -77.085351, 39.136754 ], [ -77.085367, 39.137294 ], [ -77.085719, 39.137468 ], [ -77.086281, 39.136918 ], [ -77.087198, 39.136631 ], [ -77.087072, 39.136273 ], [ -77.087419, 39.136267 ], [ -77.087518, 39.135724 ], [ -77.087976, 39.135536 ], [ -77.088099, 39.135804 ], [ -77.088562, 39.135796 ], [ -77.088683, 39.135974 ], [ -77.089145, 39.135965 ], [ -77.08914, 39.135785 ], [ -77.089368, 39.135691 ], [ -77.089602, 39.135777 ], [ -77.089731, 39.136225 ], [ -77.090422, 39.136123 ], [ -77.090543, 39.136301 ], [ -77.09089, 39.136294 ], [ -77.091014, 39.136563 ], [ -77.091713, 39.13673 ], [ -77.091834, 39.136908 ], [ -77.092065, 39.136904 ], [ -77.09207, 39.137084 ], [ -77.092302, 39.13708 ], [ -77.092428, 39.137438 ], [ -77.092778, 39.137522 ], [ -77.093025, 39.138058 ], [ -77.093377, 39.138232 ], [ -77.093627, 39.138858 ], [ -77.093977, 39.138942 ], [ -77.093985, 39.139212 ], [ -77.09445, 39.139294 ], [ -77.09434, 39.139476 ], [ -77.094108, 39.13948 ], [ -77.093987, 39.139302 ], [ -77.093643, 39.139398 ], [ -77.093081, 39.139949 ], [ -77.093444, 39.140483 ], [ -77.093352, 39.141296 ], [ -77.093707, 39.14156 ], [ -77.094514, 39.141455 ], [ -77.095813, 39.142333 ], [ -77.096275, 39.142324 ], [ -77.096399, 39.142592 ], [ -77.096974, 39.142492 ], [ -77.097211, 39.142668 ], [ -77.097222, 39.143028 ], [ -77.096786, 39.143937 ], [ -77.095629, 39.143958 ], [ -77.095686, 39.145849 ], [ -77.096508, 39.146285 ], [ -77.096527, 39.146915 ], [ -77.096183, 39.147011 ], [ -77.096188, 39.147191 ], [ -77.095268, 39.147388 ], [ -77.095042, 39.147572 ], [ -77.095069, 39.148473 ], [ -77.095303, 39.148559 ], [ -77.095201, 39.149011 ], [ -77.095435, 39.149097 ], [ -77.095464, 39.150088 ], [ -77.095125, 39.150364 ], [ -77.095131, 39.150544 ], [ -77.094786, 39.15064 ], [ -77.094792, 39.15082 ], [ -77.094442, 39.150737 ], [ -77.09434, 39.151189 ], [ -77.093995, 39.151285 ], [ -77.094001, 39.151465 ], [ -77.093772, 39.15156 ], [ -77.093799, 39.15246 ], [ -77.094041, 39.152816 ], [ -77.094054, 39.153266 ], [ -77.094285, 39.153262 ], [ -77.094412, 39.15362 ], [ -77.094643, 39.153616 ], [ -77.094764, 39.153794 ], [ -77.095227, 39.153786 ], [ -77.095372, 39.154774 ], [ -77.094912, 39.154873 ], [ -77.094801, 39.155055 ], [ -77.094455, 39.155061 ], [ -77.094344, 39.155243 ], [ -77.093997, 39.15525 ], [ -77.093658, 39.155526 ], [ -77.092854, 39.155721 ], [ -77.092515, 39.155997 ], [ -77.092641, 39.156355 ], [ -77.091947, 39.156368 ], [ -77.091721, 39.156552 ], [ -77.091729, 39.156822 ], [ -77.091038, 39.156924 ], [ -77.090586, 39.157293 ], [ -77.090591, 39.157473 ], [ -77.090941, 39.157557 ], [ -77.090952, 39.157917 ], [ -77.090492, 39.158015 ], [ -77.090389, 39.158468 ], [ -77.090048, 39.158654 ], [ -77.090058, 39.159014 ], [ -77.089717, 39.159201 ], [ -77.089843, 39.159559 ], [ -77.088576, 39.159762 ], [ -77.088111, 39.15968 ], [ -77.088116, 39.15986 ], [ -77.087772, 39.159956 ], [ -77.08779, 39.160587 ], [ -77.087451, 39.160863 ], [ -77.087688, 39.161039 ], [ -77.087349, 39.161315 ], [ -77.087357, 39.161586 ], [ -77.086789, 39.161956 ], [ -77.086805, 39.162496 ], [ -77.086458, 39.162503 ], [ -77.086116, 39.162689 ], [ -77.086009, 39.162961 ], [ -77.085662, 39.162967 ], [ -77.08567, 39.163238 ], [ -77.085444, 39.163422 ], [ -77.085094, 39.163338 ], [ -77.085121, 39.164238 ], [ -77.084427, 39.164251 ], [ -77.084316, 39.164433 ], [ -77.084085, 39.164437 ] ] ] } },
{ "type": "Feature", "properties": { "id": "SC08", "sc_id": 8, "area_km2": 3.3436, "downstream_unit": "SC12", "receiving_segment": "R08", "impervious_total": 0.0872, "impervious_connected": 0.0257, "mean_elevation_m": 131.6628, "mean_slope": 0.0729, "control": "" }, "geometry": { "type": "MultiPolygon", "coordinates": [ [ [ [ -77.10444, 39.136771 ], [ -77.104553, 39.136679 ], [ -77.104556, 39.136769 ], [ -77.10444, 39.136771 ] ] ], [ [ [ -77.104784, 39.136675 ], [ -77.105709, 39.136658 ], [ -77.106274, 39.136198 ], [ -77.10696, 39.135915 ], [ -77.107059, 39.135372 ], [ -77.106825, 39.135287 ], [ -77.106807, 39.134656 ], [ -77.106917, 39.134474 ], [ -77.107377, 39.134376 ], [ -77.107597, 39.134011 ], [ -77.10806, 39.134003 ], [ -77.108167, 39.133731 ], [ -77.108154, 39.13328 ], [ -77.107788, 39.132656 ], [ -77.108001, 39.132022 ], [ -77.108579, 39.132011 ], [ -77.108689, 39.131829 ], [ -77.108923, 39.131915 ], [ -77.109724, 39.13163 ], [ -77.110079, 39.131894 ], [ -77.110095, 39.132434 ], [ -77.110687, 39.132874 ], [ -77.112082, 39.133119 ], [ -77.112556, 39.133471 ], [ -77.113249, 39.133458 ], [ -77.113717, 39.13363 ], [ -77.113938, 39.133266 ], [ -77.115094, 39.133245 ], [ -77.115107, 39.133695 ], [ -77.11546, 39.133869 ], [ -77.115484, 39.134679 ], [ -77.115145, 39.134956 ], [ -77.115277, 39.135494 ], [ -77.114473, 39.135689 ], [ -77.114481, 39.135959 ], [ -77.114605, 39.136227 ], [ -77.114836, 39.136223 ], [ -77.114841, 39.136403 ], [ -77.115075, 39.136489 ], [ -77.115083, 39.136759 ], [ -77.116361, 39.136916 ], [ -77.116275, 39.137908 ], [ -77.116627, 39.138082 ], [ -77.116412, 39.138627 ], [ -77.116065, 39.138633 ], [ -77.115955, 39.138815 ], [ -77.116087, 39.139353 ], [ -77.116318, 39.139349 ], [ -77.116337, 39.13998 ], [ -77.116695, 39.140333 ], [ -77.116592, 39.140786 ], [ -77.114511, 39.140824 ], [ -77.113954, 39.141554 ], [ -77.114, 39.143085 ], [ -77.114234, 39.143171 ], [ -77.114363, 39.143619 ], [ -77.1146, 39.143795 ], [ -77.115062, 39.143787 ], [ -77.115305, 39.144143 ], [ -77.115651, 39.144137 ], [ -77.11566, 39.144407 ], [ -77.115428, 39.144411 ], [ -77.115205, 39.144685 ], [ -77.115229, 39.145496 ], [ -77.115001, 39.14559 ], [ -77.114783, 39.146044 ], [ -77.114552, 39.146049 ], [ -77.114452, 39.146591 ], [ -77.113653, 39.146966 ], [ -77.113801, 39.148044 ], [ -77.114035, 39.14813 ], [ -77.114043, 39.1484 ], [ -77.114517, 39.148752 ], [ -77.114748, 39.148748 ], [ -77.114743, 39.148568 ], [ -77.114971, 39.148474 ], [ -77.115208, 39.14865 ], [ -77.115216, 39.14892 ], [ -77.11499, 39.149104 ], [ -77.115238, 39.14964 ], [ -77.11513, 39.149912 ], [ -77.115364, 39.149998 ], [ -77.11537, 39.150178 ], [ -77.115023, 39.150185 ], [ -77.114802, 39.150549 ], [ -77.114834, 39.15163 ], [ -77.114611, 39.151904 ], [ -77.114757, 39.152892 ], [ -77.114418, 39.153169 ], [ -77.114428, 39.153529 ], [ -77.114203, 39.153713 ], [ -77.114224, 39.154434 ], [ -77.114802, 39.154423 ], [ -77.114926, 39.154691 ], [ -77.115397, 39.154953 ], [ -77.115405, 39.155223 ], [ -77.115174, 39.155227 ], [ -77.115074, 39.15577 ], [ -77.114625, 39.156228 ], [ -77.114754, 39.156677 ], [ -77.114292, 39.156685 ], [ -77.114181, 39.156867 ], [ -77.113603, 39.156878 ], [ -77.113493, 39.15706 ], [ -77.112801, 39.157162 ], [ -77.112672, 39.156714 ], [ -77.112328, 39.156811 ], [ -77.11186, 39.156639 ], [ -77.111056, 39.156834 ], [ -77.110935, 39.156656 ], [ -77.110009, 39.156672 ], [ -77.109679, 39.157219 ], [ -77.109334, 39.157315 ], [ -77.108885, 39.157774 ], [ -77.107965, 39.157971 ], [ -77.107263, 39.157713 ], [ -77.106569, 39.157726 ], [ -77.10634, 39.15782 ], [ -77.106464, 39.158088 ], [ -77.105778, 39.158371 ], [ -77.105316, 39.158379 ], [ -77.105189, 39.158021 ], [ -77.104724, 39.157939 ], [ -77.1046, 39.157671 ], [ -77.104371, 39.157766 ], [ -77.104135, 39.15759 ], [ -77.103672, 39.157598 ], [ -77.103548, 39.15733 ], [ -77.103201, 39.157336 ], [ -77.103196, 39.157156 ], [ -77.102841, 39.156892 ], [ -77.102494, 39.156898 ], [ -77.102257, 39.156723 ], [ -77.101682, 39.156823 ], [ -77.101445, 39.156647 ], [ -77.101101, 39.156743 ], [ -77.10098, 39.156565 ], [ -77.100399, 39.156486 ], [ -77.100388, 39.156126 ], [ -77.100732, 39.156029 ], [ -77.10095, 39.155575 ], [ -77.101026, 39.154222 ], [ -77.099748, 39.154065 ], [ -77.099277, 39.153803 ], [ -77.099269, 39.153533 ], [ -77.098223, 39.153372 ], [ -77.09765, 39.153562 ], [ -77.097658, 39.153832 ], [ -77.097193, 39.15375 ], [ -77.097083, 39.153933 ], [ -77.096042, 39.153951 ], [ -77.095931, 39.154134 ], [ -77.095243, 39.154326 ], [ -77.095227, 39.153786 ], [ -77.094764, 39.153794 ], [ -77.094643, 39.153616 ], [ -77.094412, 39.15362 ], [ -77.094285, 39.153262 ], [ -77.094054, 39.153266 ], [ -77.094041, 39.152816 ], [ -77.093799, 39.15246 ], [ -77.093772, 39.15156 ], [ -77.094001, 39.151465 ], [ -77.093995, 39.151285 ], [ -77.09434, 39.151189 ], [ -77.094442, 39.150737 ], [ -77.094792, 39.15082 ], [ -77.094786, 39.15064 ], [ -77.095018, 39.150636 ], [ -77.095464, 39.150088 ], [ -77.095435, 39.149097 ], [ -77.095201, 39.149011 ], [ -77.095303, 39.148559 ], [ -77.095069, 39.148473 ], [ -77.095042, 39.147572 ], [ -77.095268, 39.147388 ], [ -77.09596, 39.147286 ], [ -77.096083, 39.147554 ], [ -77.096554, 39.147815 ], [ -77.097014, 39.147717 ], [ -77.09806, 39.147878 ], [ -77.098388, 39.147242 ], [ -77.098969, 39.147321 ], [ -77.099195, 39.147137 ], [ -77.099187, 39.146867 ], [ -77.099526, 39.146591 ], [ -77.099515, 39.14623 ], [ -77.099746, 39.146226 ], [ -77.099857, 39.146044 ], [ -77.099728, 39.145596 ], [ -77.099496, 39.1456 ], [ -77.099491, 39.14542 ], [ -77.099257, 39.145334 ], [ -77.099125, 39.144796 ], [ -77.099354, 39.144702 ], [ -77.099456, 39.144249 ], [ -77.099577, 39.144427 ], [ -77.10004, 39.144419 ], [ -77.100263, 39.144145 ], [ -77.100494, 39.14414 ], [ -77.100602, 39.143868 ], [ -77.100946, 39.143772 ], [ -77.100941, 39.143592 ], [ -77.101172, 39.143588 ], [ -77.101164, 39.143318 ], [ -77.101393, 39.143223 ], [ -77.101721, 39.142587 ], [ -77.101587, 39.141958 ], [ -77.101925, 39.141682 ], [ -77.102157, 39.141678 ], [ -77.102151, 39.141498 ], [ -77.103058, 39.140851 ], [ -77.102931, 39.140493 ], [ -77.103259, 39.139856 ], [ -77.103604, 39.13976 ], [ -77.103477, 39.139402 ], [ -77.103703, 39.139217 ], [ -77.104281, 39.139207 ], [ -77.104959, 39.138654 ], [ -77.105285, 39.137927 ], [ -77.105051, 39.137841 ], [ -77.105032, 39.137211 ], [ -77.104559, 39.136859 ], [ -77.104784, 39.136675 ] ] ] ] } },
{ "type": "Feature", "properties": { "id": "SC09", "sc_id": 9, "area_km2": 0.4984, "downstream_unit": "SC12", "receiving_segment": "R09", "impervious_total": 0.0475, "impervious_connected": 0.0104, "mean_elevation_m": 128.2664, "mean_slope": 0.1065, "control": "" }, "geometry": { "type": "Polygon", "coordinates": [ [ [ -77.09806, 39.147878 ], [ -77.097014, 39.147717 ], [ -77.096554, 39.147815 ], [ -77.096083, 39.147554 ], [ -77.095957, 39.147195 ], [ -77.096188, 39.147191 ], [ -77.096183, 39.147011 ], [ -77.096527, 39.146915 ], [ -77.096508, 39.146285 ], [ -77.095686, 39.145849 ], [ -77.095629, 39.143958 ], [ -77.096786, 39.143937 ], [ -77.097117, 39.14339 ], [ -77.097211, 39.142668 ], [ -77.096974, 39.142492 ], [ -77.096399, 39.142592 ], [ -77.096275, 39.142324 ], [ -77.095813, 39.142333 ], [ -77.094514, 39.141455 ], [ -77.093707, 39.14156 ], [ -77.093352, 39.141296 ], [ -77.093444, 39.140483 ], [ -77.093318, 39.140125 ], [ -77.093084, 39.140039 ], [ -77.093643, 39.139398 ], [ -77.093987, 39.139302 ], [ -77.094108, 39.13948 ], [ -77.09434, 39.139476 ], [ -77.094563, 39.139202 ], [ -77.095025, 39.139193 ], [ -77.094773, 39.138477 ], [ -77.095001, 39.138383 ], [ -77.095106, 39.138021 ], [ -77.095787, 39.137558 ], [ -77.095663, 39.13729 ], [ -77.096126, 39.137282 ], [ -77.096018, 39.137554 ], [ -77.096268, 39.13818 ], [ -77.096857, 39.13853 ], [ -77.097551, 39.138517 ], [ -77.097672, 39.138695 ], [ -77.098591, 39.138499 ], [ -77.099877, 39.138926 ], [ -77.100119, 39.139282 ], [ -77.10035, 39.139278 ], [ -77.100344, 39.139098 ], [ -77.100802, 39.138909 ], [ -77.100796, 39.138729 ], [ -77.101028, 39.138725 ], [ -77.101264, 39.138901 ], [ -77.101611, 39.138895 ], [ -77.102447, 39.139781 ], [ -77.102794, 39.139774 ], [ -77.102899, 39.139412 ], [ -77.103243, 39.139316 ], [ -77.103475, 39.139311 ], [ -77.103596, 39.139489 ], [ -77.103604, 39.13976 ], [ -77.103259, 39.139856 ], [ -77.103039, 39.14022 ], [ -77.103058, 39.140851 ], [ -77.102151, 39.141498 ], [ -77.102157, 39.141678 ], [ -77.101925, 39.141682 ], [ -77.101587, 39.141958 ], [ -77.101721, 39.142587 ], [ -77.101393, 39.143223 ], [ -77.101164, 39.143318 ], [ -77.101172, 39.143588 ], [ -77.100941, 39.143592 ], [ -77.100946, 39.143772 ], [ -77.100602, 39.143868 ], [ -77.100494, 39.14414 ], [ -77.100263, 39.144145 ], [ -77.10004, 39.144419 ], [ -77.099577, 39.144427 ], [ -77.099456, 39.144249 ], [ -77.099354, 39.144702 ], [ -77.099128, 39.144886 ], [ -77.099257, 39.145334 ], [ -77.099491, 39.14542 ], [ -77.099496, 39.1456 ], [ -77.099728, 39.145596 ], [ -77.099857, 39.146044 ], [ -77.099746, 39.146226 ], [ -77.099515, 39.14623 ], [ -77.099526, 39.146591 ], [ -77.099187, 39.146867 ], [ -77.099195, 39.147137 ], [ -77.098969, 39.147321 ], [ -77.098388, 39.147242 ], [ -77.09806, 39.147878 ] ] ] } },
{ "type": "Feature", "properties": { "id": "SC10", "sc_id": 10, "area_km2": 8.9369, "downstream_unit": "SC15", "receiving_segment": "R10", "impervious_total": 0.1215, "impervious_connected": 0.0424, "mean_elevation_m": 134.9528, "mean_slope": 0.0794, "control": "" }, "geometry": { "type": "Polygon", "coordinates": [ [ [ -77.155636, 39.165297 ], [ -77.155165, 39.165036 ], [ -77.154474, 39.165139 ], [ -77.154, 39.164787 ], [ -77.153185, 39.164622 ], [ -77.153177, 39.164352 ], [ -77.152827, 39.164268 ], [ -77.152698, 39.16382 ], [ -77.152687, 39.16346 ], [ -77.153023, 39.163093 ], [ -77.152662, 39.162649 ], [ -77.152654, 39.162379 ], [ -77.151946, 39.161942 ], [ -77.151715, 39.161946 ], [ -77.151709, 39.161766 ], [ -77.151478, 39.16177 ], [ -77.15112, 39.161417 ], [ -77.150655, 39.161335 ], [ -77.150404, 39.160709 ], [ -77.150054, 39.160625 ], [ -77.149812, 39.160269 ], [ -77.149581, 39.160274 ], [ -77.149336, 39.159828 ], [ -77.148989, 39.159834 ], [ -77.148421, 39.160205 ], [ -77.147273, 39.160496 ], [ -77.146821, 39.160865 ], [ -77.146827, 39.161045 ], [ -77.146482, 39.161142 ], [ -77.146491, 39.161412 ], [ -77.14602, 39.16115 ], [ -77.145915, 39.161513 ], [ -77.145568, 39.161519 ], [ -77.145563, 39.161339 ], [ -77.144979, 39.161169 ], [ -77.144737, 39.160813 ], [ -77.143817, 39.161011 ], [ -77.143822, 39.161191 ], [ -77.143594, 39.161285 ], [ -77.143354, 39.161019 ], [ -77.142655, 39.160852 ], [ -77.142415, 39.160586 ], [ -77.141724, 39.160689 ], [ -77.14171, 39.160238 ], [ -77.140895, 39.160073 ], [ -77.141, 39.159711 ], [ -77.140308, 39.159814 ], [ -77.140303, 39.159634 ], [ -77.139838, 39.159552 ], [ -77.139829, 39.159282 ], [ -77.139356, 39.15893 ], [ -77.138778, 39.158941 ], [ -77.138772, 39.158761 ], [ -77.138183, 39.158411 ], [ -77.13772, 39.15842 ], [ -77.137624, 39.159052 ], [ -77.137161, 39.159061 ], [ -77.136707, 39.159339 ], [ -77.13636, 39.159346 ], [ -77.135908, 39.159714 ], [ -77.135803, 39.160077 ], [ -77.135225, 39.160087 ], [ -77.134393, 39.159382 ], [ -77.134283, 39.159564 ], [ -77.13382, 39.159572 ], [ -77.133826, 39.159752 ], [ -77.133482, 39.159849 ], [ -77.133487, 39.160029 ], [ -77.133253, 39.159943 ], [ -77.133143, 39.160125 ], [ -77.131061, 39.160164 ], [ -77.130725, 39.16053 ], [ -77.129224, 39.160648 ], [ -77.129103, 39.16047 ], [ -77.128064, 39.160579 ], [ -77.127128, 39.160235 ], [ -77.127004, 39.159967 ], [ -77.126189, 39.159802 ], [ -77.126195, 39.159982 ], [ -77.12539, 39.160177 ], [ -77.125167, 39.160451 ], [ -77.124479, 39.160644 ], [ -77.124368, 39.160826 ], [ -77.123677, 39.160929 ], [ -77.123341, 39.161296 ], [ -77.122647, 39.161308 ], [ -77.122217, 39.162397 ], [ -77.121649, 39.162768 ], [ -77.120727, 39.162875 ], [ -77.120605, 39.162697 ], [ -77.12039, 39.163241 ], [ -77.120162, 39.163336 ], [ -77.120172, 39.163696 ], [ -77.119718, 39.163974 ], [ -77.118903, 39.163809 ], [ -77.11798, 39.163916 ], [ -77.117628, 39.163742 ], [ -77.117848, 39.163378 ], [ -77.117612, 39.163202 ], [ -77.117708, 39.162569 ], [ -77.117453, 39.161763 ], [ -77.117219, 39.161677 ], [ -77.117208, 39.161317 ], [ -77.116506, 39.16106 ], [ -77.116481, 39.160249 ], [ -77.116247, 39.160163 ], [ -77.116239, 39.159893 ], [ -77.115887, 39.159719 ], [ -77.115639, 39.159183 ], [ -77.115634, 39.159003 ], [ -77.115863, 39.158909 ], [ -77.115819, 39.157468 ], [ -77.11547, 39.157384 ], [ -77.115335, 39.156756 ], [ -77.114636, 39.156589 ], [ -77.114625, 39.156228 ], [ -77.115074, 39.15577 ], [ -77.115063, 39.15541 ], [ -77.115174, 39.155227 ], [ -77.115405, 39.155223 ], [ -77.115397, 39.154953 ], [ -77.114926, 39.154691 ], [ -77.114802, 39.154423 ], [ -77.114224, 39.154434 ], [ -77.114203, 39.153713 ], [ -77.114428, 39.153529 ], [ -77.114418, 39.153169 ], [ -77.114757, 39.152892 ], [ -77.114611, 39.151904 ], [ -77.114834, 39.15163 ], [ -77.114802, 39.150549 ], [ -77.115023, 39.150185 ], [ -77.11537, 39.150178 ], [ -77.115364, 39.149998 ], [ -77.11513, 39.149912 ], [ -77.115238, 39.14964 ], [ -77.11499, 39.149104 ], [ -77.115216, 39.14892 ], [ -77.115208, 39.14865 ], [ -77.114971, 39.148474 ], [ -77.114743, 39.148568 ], [ -77.114748, 39.148748 ], [ -77.114517, 39.148752 ], [ -77.114043, 39.1484 ], [ -77.114035, 39.14813 ], [ -77.113801, 39.148044 ], [ -77.113653, 39.146966 ], [ -77.114452, 39.146591 ], [ -77.114552, 39.146049 ], [ -77.114783, 39.146044 ], [ -77.114778, 39.145864 ], [ -77.115229, 39.145496 ], [ -77.115205, 39.144685 ], [ -77.115428, 39.144411 ], [ -77.11566, 39.144407 ], [ -77.115651, 39.144137 ], [ -77.115305, 39.144143 ], [ -77.115062, 39.143787 ], [ -77.1146, 39.143795 ], [ -77.114363, 39.143619 ], [ -77.114234, 39.143171 ], [ -77.114, 39.143085 ], [ -77.113954, 39.141554 ], [ -77.114511, 39.140824 ], [ -77.116592, 39.140786 ], [ -77.1167, 39.140514 ], [ -77.116337, 39.13998 ], [ -77.116318, 39.139349 ], [ -77.116087, 39.139353 ], [ -77.11596, 39.138995 ], [ -77.116065, 39.138633 ], [ -77.116412, 39.138627 ], [ -77.116407, 39.138447 ], [ -77.116635, 39.138352 ], [ -77.116627, 39.138082 ], [ -77.116275, 39.137908 ], [ -77.116361, 39.136916 ], [ -77.115083, 39.136759 ], [ -77.115075, 39.136489 ], [ -77.114841, 39.136403 ], [ -77.114836, 39.136223 ], [ -77.114605, 39.136227 ], [ -77.114481, 39.135959 ], [ -77.114473, 39.135689 ], [ -77.115277, 39.135494 ], [ -77.115145, 39.134956 ], [ -77.115484, 39.134679 ], [ -77.11546, 39.133869 ], [ -77.115107, 39.133695 ], [ -77.115089, 39.133065 ], [ -77.114852, 39.132889 ], [ -77.115064, 39.132254 ], [ -77.115301, 39.13243 ], [ -77.115882, 39.13251 ], [ -77.116801, 39.132313 ], [ -77.117595, 39.131758 ], [ -77.117828, 39.131844 ], [ -77.117823, 39.131663 ], [ -77.118054, 39.131659 ], [ -77.118043, 39.131299 ], [ -77.118275, 39.131295 ], [ -77.118498, 39.13102 ], [ -77.118729, 39.131016 ], [ -77.118968, 39.131282 ], [ -77.119775, 39.131177 ], [ -77.120114, 39.130901 ], [ -77.120348, 39.130987 ], [ -77.120356, 39.131257 ], [ -77.120826, 39.131519 ], [ -77.121286, 39.13142 ], [ -77.121281, 39.13124 ], [ -77.121862, 39.13132 ], [ -77.122657, 39.130855 ], [ -77.122649, 39.130585 ], [ -77.122413, 39.130409 ], [ -77.122391, 39.129688 ], [ -77.122622, 39.129684 ], [ -77.122493, 39.129236 ], [ -77.122724, 39.129232 ], [ -77.122945, 39.128867 ], [ -77.123872, 39.12894 ], [ -77.123867, 39.12876 ], [ -77.124445, 39.12875 ], [ -77.124902, 39.128561 ], [ -77.125599, 39.128639 ], [ -77.125604, 39.128819 ], [ -77.125953, 39.128903 ], [ -77.126416, 39.128894 ], [ -77.126889, 39.129246 ], [ -77.126895, 39.129426 ], [ -77.127475, 39.129505 ], [ -77.127613, 39.130224 ], [ -77.128083, 39.130485 ], [ -77.128661, 39.130475 ], [ -77.128997, 39.130108 ], [ -77.129576, 39.130098 ], [ -77.129697, 39.130276 ], [ -77.129928, 39.130272 ], [ -77.130613, 39.129989 ], [ -77.131423, 39.129974 ], [ -77.131891, 39.130146 ], [ -77.132934, 39.130217 ], [ -77.133168, 39.130302 ], [ -77.133173, 39.130482 ], [ -77.133872, 39.13065 ], [ -77.133878, 39.13083 ], [ -77.134227, 39.130914 ], [ -77.134599, 39.131718 ], [ -77.13519, 39.132157 ], [ -77.135201, 39.132518 ], [ -77.135551, 39.132601 ], [ -77.135564, 39.133051 ], [ -77.13661, 39.133213 ], [ -77.137092, 39.133834 ], [ -77.1371, 39.134105 ], [ -77.136869, 39.134109 ], [ -77.136759, 39.134291 ], [ -77.136665, 39.135013 ], [ -77.136208, 39.135202 ], [ -77.136109, 39.135744 ], [ -77.135197, 39.136212 ], [ -77.13555, 39.136385 ], [ -77.135475, 39.137738 ], [ -77.136534, 39.13835 ], [ -77.137812, 39.138506 ], [ -77.137825, 39.138957 ], [ -77.138062, 39.139132 ], [ -77.137842, 39.139497 ], [ -77.137861, 39.140127 ], [ -77.138098, 39.140303 ], [ -77.137996, 39.140755 ], [ -77.138464, 39.140927 ], [ -77.138238, 39.141111 ], [ -77.138477, 39.141377 ], [ -77.138488, 39.141737 ], [ -77.138728, 39.142003 ], [ -77.139424, 39.142081 ], [ -77.139435, 39.142441 ], [ -77.139666, 39.142437 ], [ -77.139793, 39.142795 ], [ -77.140027, 39.14288 ], [ -77.140038, 39.143241 ], [ -77.139806, 39.143245 ], [ -77.139815, 39.143515 ], [ -77.140396, 39.143594 ], [ -77.140404, 39.143865 ], [ -77.140635, 39.14386 ], [ -77.140643, 39.14413 ], [ -77.140307, 39.144497 ], [ -77.140541, 39.144583 ], [ -77.140555, 39.145033 ], [ -77.14102, 39.145115 ], [ -77.141494, 39.145466 ], [ -77.141725, 39.145462 ], [ -77.141719, 39.145282 ], [ -77.142066, 39.145276 ], [ -77.142424, 39.145629 ], [ -77.142683, 39.146526 ], [ -77.14303, 39.146519 ], [ -77.143038, 39.146789 ], [ -77.143269, 39.146785 ], [ -77.143872, 39.147585 ], [ -77.143786, 39.148578 ], [ -77.144497, 39.149105 ], [ -77.144626, 39.149553 ], [ -77.144978, 39.149727 ], [ -77.144992, 39.150177 ], [ -77.145912, 39.14998 ], [ -77.146264, 39.150154 ], [ -77.146517, 39.15087 ], [ -77.146975, 39.150681 ], [ -77.148134, 39.15075 ], [ -77.148145, 39.15111 ], [ -77.148957, 39.151185 ], [ -77.149312, 39.151449 ], [ -77.149888, 39.151348 ], [ -77.150124, 39.151524 ], [ -77.150821, 39.151601 ], [ -77.150942, 39.151779 ], [ -77.151752, 39.151764 ], [ -77.152223, 39.152026 ], [ -77.152567, 39.15193 ], [ -77.152691, 39.152198 ], [ -77.153159, 39.152369 ], [ -77.153164, 39.152549 ], [ -77.153519, 39.152813 ], [ -77.154095, 39.152712 ], [ -77.154205, 39.15253 ], [ -77.154899, 39.152517 ], [ -77.155257, 39.152871 ], [ -77.156188, 39.153034 ], [ -77.156427, 39.1533 ], [ -77.156659, 39.153295 ], [ -77.156557, 39.153748 ], [ -77.156909, 39.153921 ], [ -77.156917, 39.154192 ], [ -77.156686, 39.154196 ], [ -77.156474, 39.154831 ], [ -77.15613, 39.154927 ], [ -77.156138, 39.155197 ], [ -77.156719, 39.155276 ], [ -77.157176, 39.155088 ], [ -77.157421, 39.155534 ], [ -77.157884, 39.155525 ], [ -77.157774, 39.155707 ], [ -77.158011, 39.155883 ], [ -77.158589, 39.155873 ], [ -77.158831, 39.156228 ], [ -77.158864, 39.157309 ], [ -77.15841, 39.157588 ], [ -77.158418, 39.157858 ], [ -77.158074, 39.157954 ], [ -77.158079, 39.158134 ], [ -77.158426, 39.158128 ], [ -77.158437, 39.158488 ], [ -77.158669, 39.158484 ], [ -77.158674, 39.158664 ], [ -77.159142, 39.158836 ], [ -77.1595, 39.159189 ], [ -77.159401, 39.159732 ], [ -77.159635, 39.159817 ], [ -77.159655, 39.160448 ], [ -77.160004, 39.160531 ], [ -77.159916, 39.161434 ], [ -77.160387, 39.161696 ], [ -77.160519, 39.162234 ], [ -77.160877, 39.162587 ], [ -77.16031, 39.162958 ], [ -77.160208, 39.163411 ], [ -77.15801, 39.163451 ], [ -77.157685, 39.164178 ], [ -77.157809, 39.164446 ], [ -77.157118, 39.164549 ], [ -77.156901, 39.165004 ], [ -77.156559, 39.16519 ], [ -77.155636, 39.165297 ] ] ] } },
{ "type": "Feature", "properties": { "id": "SC11", "sc_id": 11, "area_km2": 9.2608, "downstream_unit": "SC15", "receiving_segment": "R11", "impervious_total": 0.2734, "impervious_connected": 0.1429, "mean_elevation_m": 140.5317, "mean_slope": 0.0749, "control": "" }, "geometry": { "type": "MultiPolygon", "coordinates": [ [ [ [ -77.17649, 39.12842 ], [ -77.176724, 39.128506 ], [ -77.176493, 39.12851 ], [ -77.17649, 39.12842 ] ] ], [ [ [ -77.176493, 39.12851 ], [ -77.176151, 39.128697 ], [ -77.176281, 39.129145 ], [ -77.176515, 39.12923 ], [ -77.176421, 39.129953 ], [ -77.175152, 39.130067 ], [ -77.175059, 39.130789 ], [ -77.174828, 39.130794 ], [ -77.174836, 39.131064 ], [ -77.17507, 39.131149 ], [ -77.175216, 39.132138 ], [ -77.175687, 39.132399 ], [ -77.175811, 39.132667 ], [ -77.176386, 39.132566 ], [ -77.176631, 39.133012 ], [ -77.177097, 39.133094 ], [ -77.177105, 39.133364 ], [ -77.177336, 39.13336 ], [ -77.177344, 39.13363 ], [ -77.177702, 39.133983 ], [ -77.177009, 39.133996 ], [ -77.176786, 39.134271 ], [ -77.176554, 39.134275 ], [ -77.17656, 39.134455 ], [ -77.175751, 39.13447 ], [ -77.175547, 39.135375 ], [ -77.174862, 39.135658 ], [ -77.174881, 39.136289 ], [ -77.175112, 39.136284 ], [ -77.175126, 39.136734 ], [ -77.175707, 39.136814 ], [ -77.175831, 39.137082 ], [ -77.176178, 39.137075 ], [ -77.176299, 39.137253 ], [ -77.17653, 39.137249 ], [ -77.17664, 39.137067 ], [ -77.177351, 39.137594 ], [ -77.177478, 39.137952 ], [ -77.176451, 39.138422 ], [ -77.176479, 39.139322 ], [ -77.175793, 39.139605 ], [ -77.175587, 39.14042 ], [ -77.175127, 39.140519 ], [ -77.17502, 39.140791 ], [ -77.174673, 39.140797 ], [ -77.174689, 39.141338 ], [ -77.174472, 39.141792 ], [ -77.174241, 39.141796 ], [ -77.173679, 39.142348 ], [ -77.173335, 39.142444 ], [ -77.173341, 39.142624 ], [ -77.172889, 39.142993 ], [ -77.172658, 39.142997 ], [ -77.172664, 39.143177 ], [ -77.172319, 39.143274 ], [ -77.172339, 39.143904 ], [ -77.17211, 39.143999 ], [ -77.172116, 39.144179 ], [ -77.171772, 39.144275 ], [ -77.171898, 39.144633 ], [ -77.171678, 39.144998 ], [ -77.171926, 39.145534 ], [ -77.171819, 39.145806 ], [ -77.171362, 39.145995 ], [ -77.171263, 39.146537 ], [ -77.170916, 39.146544 ], [ -77.170808, 39.146816 ], [ -77.170464, 39.146912 ], [ -77.170357, 39.147185 ], [ -77.170126, 39.147189 ], [ -77.170131, 39.147369 ], [ -77.169781, 39.147285 ], [ -77.169556, 39.14747 ], [ -77.169564, 39.14774 ], [ -77.169335, 39.147834 ], [ -77.169457, 39.148012 ], [ -77.169, 39.148201 ], [ -77.169008, 39.148471 ], [ -77.168667, 39.148658 ], [ -77.168672, 39.148838 ], [ -77.168212, 39.148936 ], [ -77.168218, 39.149117 ], [ -77.167871, 39.149123 ], [ -77.167761, 39.149305 ], [ -77.167295, 39.149224 ], [ -77.166425, 39.151042 ], [ -77.165847, 39.151053 ], [ -77.165511, 39.151419 ], [ -77.16528, 39.151424 ], [ -77.165175, 39.151786 ], [ -77.164947, 39.15188 ], [ -77.164961, 39.152331 ], [ -77.165197, 39.152506 ], [ -77.165222, 39.153317 ], [ -77.164873, 39.153233 ], [ -77.164193, 39.153696 ], [ -77.163986, 39.154511 ], [ -77.16365, 39.154878 ], [ -77.163892, 39.155234 ], [ -77.163086, 39.155339 ], [ -77.162518, 39.15571 ], [ -77.162411, 39.155982 ], [ -77.161607, 39.156177 ], [ -77.160913, 39.15619 ], [ -77.159977, 39.155847 ], [ -77.159522, 39.156126 ], [ -77.159531, 39.156396 ], [ -77.159181, 39.156312 ], [ -77.159057, 39.156044 ], [ -77.158713, 39.156141 ], [ -77.158589, 39.155873 ], [ -77.158011, 39.155883 ], [ -77.157774, 39.155707 ], [ -77.157884, 39.155525 ], [ -77.157421, 39.155534 ], [ -77.157176, 39.155088 ], [ -77.156719, 39.155276 ], [ -77.156138, 39.155197 ], [ -77.15613, 39.154927 ], [ -77.156474, 39.154831 ], [ -77.156686, 39.154196 ], [ -77.156917, 39.154192 ], [ -77.156909, 39.153921 ], [ -77.156557, 39.153748 ], [ -77.156659, 39.153295 ], [ -77.156427, 39.1533 ], [ -77.156188, 39.153034 ], [ -77.155257, 39.152871 ], [ -77.154899, 39.152517 ], [ -77.154205, 39.15253 ], [ -77.154095, 39.152712 ], [ -77.153519, 39.152813 ], [ -77.153164, 39.152549 ], [ -77.153159, 39.152369 ], [ -77.152691, 39.152198 ], [ -77.152567, 39.15193 ], [ -77.152223, 39.152026 ], [ -77.151752, 39.151764 ], [ -77.150942, 39.151779 ], [ -77.150821, 39.151601 ], [ -77.150124, 39.151524 ], [ -77.149888, 39.151348 ], [ -77.149312, 39.151449 ], [ -77.148957, 39.151185 ], [ -77.148145, 39.15111 ], [ -77.148134, 39.15075 ], [ -77.146975, 39.150681 ], [ -77.146517, 39.15087 ], [ -77.146385, 39.150332 ], [ -77.145912, 39.14998 ], [ -77.144992, 39.150177 ], [ -77.144978, 39.149727 ], [ -77.144626, 39.149553 ], [ -77.144497, 39.149105 ], [ -77.143786, 39.148578 ], [ -77.143872, 39.147585 ], [ -77.143269, 39.146785 ], [ -77.143038, 39.146789 ], [ -77.14303, 39.146519 ], [ -77.142683, 39.146526 ], [ -77.142424, 39.145629 ], [ -77.142066, 39.145276 ], [ -77.141719, 39.145282 ], [ -77.141725, 39.145462 ], [ -77.141494, 39.145466 ], [ -77.14102, 39.145115 ], [ -77.140555, 39.145033 ], [ -77.140541, 39.144583 ], [ -77.140307, 39.144497 ], [ -77.140643, 39.14413 ], [ -77.140635, 39.14386 ], [ -77.140404, 39.143865 ], [ -77.140396, 39.143594 ], [ -77.139815, 39.143515 ], [ -77.139806, 39.143245 ], [ -77.140038, 39.143241 ], [ -77.140027, 39.14288 ], [ -77.139793, 39.142795 ], [ -77.139785, 39.142524 ], [ -77.139435, 39.142441 ], [ -77.139424, 39.142081 ], [ -77.138728, 39.142003 ], [ -77.138488, 39.141737 ], [ -77.138477, 39.141377 ], [ -77.13824, 39.141201 ], [ -77.138464, 39.140927 ], [ -77.137996, 39.140755 ], [ -77.138098, 39.140303 ], [ -77.137861, 39.140127 ], [ -77.137842, 39.139497 ], [ -77.138068, 39.139312 ], [ -77.137825, 39.138957 ], [ -77.137812, 39.138506 ], [ -77.136534, 39.13835 ], [ -77.135475, 39.137738 ], [ -77.13555, 39.136385 ], [ -77.135197, 39.136212 ], [ -77.135883, 39.135929 ], [ -77.136109, 39.135744 ], [ -77.136208, 39.135202 ], [ -77.136665, 39.135013 ], [ -77.136759, 39.134291 ], [ -77.136869, 39.134109 ], [ -77.1371, 39.134105 ], [ -77.136847, 39.133388 ], [ -77.13661, 39.133213 ], [ -77.135564, 39.133051 ], [ -77.135551, 39.132601 ], [ -77.135201, 39.132518 ], [ -77.13519, 39.132157 ], [ -77.134599, 39.131718 ], [ -77.134227, 39.130914 ], [ -77.133996, 39.130918 ], [ -77.133872, 39.13065 ], [ -77.133173, 39.130482 ], [ -77.133168, 39.130302 ], [ -77.132469, 39.130135 ], [ -77.132678, 39.12941 ], [ -77.132909, 39.129406 ], [ -77.132904, 39.129226 ], [ -77.133248, 39.12913 ], [ -77.13286, 39.127785 ], [ -77.13343, 39.127504 ], [ -77.133535, 39.127142 ], [ -77.133766, 39.127138 ], [ -77.133989, 39.126864 ], [ -77.134334, 39.126767 ], [ -77.134328, 39.126587 ], [ -77.134559, 39.126583 ], [ -77.134551, 39.126313 ], [ -77.134782, 39.126308 ], [ -77.134884, 39.125856 ], [ -77.135336, 39.125487 ], [ -77.134365, 39.123973 ], [ -77.135169, 39.123779 ], [ -77.135392, 39.123504 ], [ -77.135739, 39.123498 ], [ -77.135733, 39.123318 ], [ -77.136531, 39.122943 ], [ -77.136854, 39.122126 ], [ -77.13719, 39.121759 ], [ -77.137647, 39.121571 ], [ -77.139152, 39.121633 ], [ -77.140072, 39.121436 ], [ -77.139967, 39.121798 ], [ -77.140198, 39.121794 ], [ -77.140418, 39.12143 ], [ -77.141217, 39.121055 ], [ -77.141316, 39.120512 ], [ -77.141542, 39.120328 ], [ -77.141415, 39.11997 ], [ -77.141869, 39.119691 ], [ -77.141974, 39.119329 ], [ -77.142205, 39.119325 ], [ -77.142313, 39.119052 ], [ -77.142659, 39.119046 ], [ -77.142654, 39.118866 ], [ -77.143562, 39.118309 ], [ -77.144033, 39.11857 ], [ -77.144044, 39.11893 ], [ -77.144393, 39.119014 ], [ -77.144399, 39.119194 ], [ -77.144633, 39.11928 ], [ -77.144429, 39.120185 ], [ -77.144778, 39.120268 ], [ -77.144798, 39.120899 ], [ -77.146185, 39.120873 ], [ -77.14619, 39.121053 ], [ -77.147586, 39.121298 ], [ -77.147715, 39.121746 ], [ -77.147484, 39.12175 ], [ -77.147263, 39.122115 ], [ -77.148081, 39.12237 ], [ -77.148095, 39.12282 ], [ -77.148326, 39.122816 ], [ -77.148697, 39.12362 ], [ -77.149512, 39.123785 ], [ -77.149517, 39.123965 ], [ -77.150558, 39.123946 ], [ -77.150679, 39.124124 ], [ -77.15091, 39.12412 ], [ -77.151133, 39.123845 ], [ -77.152058, 39.123828 ], [ -77.152512, 39.12355 ], [ -77.152619, 39.123277 ], [ -77.152851, 39.123273 ], [ -77.152972, 39.123451 ], [ -77.153319, 39.123445 ], [ -77.15344, 39.123623 ], [ -77.153786, 39.123616 ], [ -77.154257, 39.123878 ], [ -77.155182, 39.123861 ], [ -77.15543, 39.124397 ], [ -77.15554, 39.124214 ], [ -77.156002, 39.124206 ], [ -77.156013, 39.124566 ], [ -77.155782, 39.12457 ], [ -77.15579, 39.12484 ], [ -77.156484, 39.124828 ], [ -77.156839, 39.125091 ], [ -77.156756, 39.126174 ], [ -77.157004, 39.12671 ], [ -77.157354, 39.126794 ], [ -77.157257, 39.127426 ], [ -77.157491, 39.127512 ], [ -77.157497, 39.127692 ], [ -77.157282, 39.128237 ], [ -77.15764, 39.12859 ], [ -77.157648, 39.12886 ], [ -77.157882, 39.128946 ], [ -77.157904, 39.129667 ], [ -77.158259, 39.12993 ], [ -77.15827, 39.130291 ], [ -77.158966, 39.130368 ], [ -77.158972, 39.130548 ], [ -77.159316, 39.130451 ], [ -77.159311, 39.130271 ], [ -77.159765, 39.129993 ], [ -77.159979, 39.129448 ], [ -77.160445, 39.129529 ], [ -77.160439, 39.129349 ], [ -77.160783, 39.129253 ], [ -77.161003, 39.128888 ], [ -77.160874, 39.12844 ], [ -77.161105, 39.128436 ], [ -77.161097, 39.128166 ], [ -77.16156, 39.128157 ], [ -77.161681, 39.128335 ], [ -77.161912, 39.128331 ], [ -77.162622, 39.128858 ], [ -77.162746, 39.129126 ], [ -77.163442, 39.129204 ], [ -77.163685, 39.129559 ], [ -77.163916, 39.129555 ], [ -77.164026, 39.129373 ], [ -77.164954, 39.129446 ], [ -77.166674, 39.128963 ], [ -77.167024, 39.129047 ], [ -77.167134, 39.128865 ], [ -77.167822, 39.128672 ], [ -77.16761, 39.129306 ], [ -77.167844, 39.129392 ], [ -77.167734, 39.129574 ], [ -77.168086, 39.129748 ], [ -77.168194, 39.129476 ], [ -77.168882, 39.129283 ], [ -77.168876, 39.129102 ], [ -77.170495, 39.129072 ], [ -77.170605, 39.12889 ], [ -77.17118, 39.128789 ], [ -77.171654, 39.129141 ], [ -77.1718, 39.130129 ], [ -77.172265, 39.130211 ], [ -77.172386, 39.130389 ], [ -77.172848, 39.13038 ], [ -77.172716, 39.129842 ], [ -77.172485, 39.129846 ], [ -77.172457, 39.128946 ], [ -77.172689, 39.128941 ], [ -77.172799, 39.128759 ], [ -77.173613, 39.128924 ], [ -77.173853, 39.12919 ], [ -77.174431, 39.129179 ], [ -77.174657, 39.128995 ], [ -77.175579, 39.128887 ], [ -77.175917, 39.128611 ], [ -77.176493, 39.12851 ] ] ] ] } },
{ "type": "Feature", "properties": { "id": "SC12", "sc_id": 12, "area_km2": 1.2871, "downstream_unit": "SC14", "receiving_segment": "R12", "impervious_total": 0.0581, "impervious_connected": 0.014, "mean_elevation_m": 125.55, "mean_slope": 0.0941, "control": "" }, "geometry": { "type": "Polygon", "coordinates": [ [ [ -77.104559, 39.136859 ], [ -77.105032, 39.137211 ], [ -77.105051, 39.137841 ], [ -77.105285, 39.137927 ], [ -77.10529, 39.138107 ], [ -77.104623, 39.13902 ], [ -77.104392, 39.139025 ], [ -77.104281, 39.139207 ], [ -77.103703, 39.139217 ], [ -77.103593, 39.139399 ], [ -77.102899, 39.139412 ], [ -77.102794, 39.139774 ], [ -77.102447, 39.139781 ], [ -77.102084, 39.139246 ], [ -77.101611, 39.138895 ], [ -77.101264, 39.138901 ], [ -77.101028, 39.138725 ], [ -77.100796, 39.138729 ], [ -77.100802, 39.138909 ], [ -77.10057, 39.138913 ], [ -77.10035, 39.139278 ], [ -77.100119, 39.139282 ], [ -77.099995, 39.139014 ], [ -77.09929, 39.138666 ], [ -77.098828, 39.138674 ], [ -77.098591, 39.138499 ], [ -77.097672, 39.138695 ], [ -77.097551, 39.138517 ], [ -77.096623, 39.138444 ], [ -77.096144, 39.137912 ], [ -77.096126, 39.137282 ], [ -77.095663, 39.13729 ], [ -77.095787, 39.137558 ], [ -77.095106, 39.138021 ], [ -77.095001, 39.138383 ], [ -77.094773, 39.138477 ], [ -77.095025, 39.139193 ], [ -77.094219, 39.139298 ], [ -77.093985, 39.139212 ], [ -77.093977, 39.138942 ], [ -77.093627, 39.138858 ], [ -77.093377, 39.138232 ], [ -77.093025, 39.138058 ], [ -77.092778, 39.137522 ], [ -77.092428, 39.137438 ], [ -77.092302, 39.13708 ], [ -77.09207, 39.137084 ], [ -77.092065, 39.136904 ], [ -77.091834, 39.136908 ], [ -77.091713, 39.13673 ], [ -77.091014, 39.136563 ], [ -77.09089, 39.136294 ], [ -77.090543, 39.136301 ], [ -77.090422, 39.136123 ], [ -77.089731, 39.136225 ], [ -77.089602, 39.135777 ], [ -77.090062, 39.135679 ], [ -77.090283, 39.135314 ], [ -77.090624, 39.135128 ], [ -77.090619, 39.134948 ], [ -77.091192, 39.134757 ], [ -77.091415, 39.134483 ], [ -77.091762, 39.134477 ], [ -77.091749, 39.134027 ], [ -77.092095, 39.13402 ], [ -77.092082, 39.13357 ], [ -77.092542, 39.133472 ], [ -77.092763, 39.133107 ], [ -77.093107, 39.133011 ], [ -77.093096, 39.132651 ], [ -77.093327, 39.132647 ], [ -77.093769, 39.131918 ], [ -77.094339, 39.131637 ], [ -77.094436, 39.131005 ], [ -77.094782, 39.130999 ], [ -77.094788, 39.131179 ], [ -77.095713, 39.131162 ], [ -77.095721, 39.131432 ], [ -77.096412, 39.13133 ], [ -77.096654, 39.131686 ], [ -77.097692, 39.131577 ], [ -77.097802, 39.131395 ], [ -77.098377, 39.131294 ], [ -77.098135, 39.130938 ], [ -77.098923, 39.130203 ], [ -77.098915, 39.129933 ], [ -77.098566, 39.12985 ], [ -77.098663, 39.129217 ], [ -77.099359, 39.129295 ], [ -77.099469, 39.129112 ], [ -77.099701, 39.129108 ], [ -77.099822, 39.129286 ], [ -77.100631, 39.129272 ], [ -77.101319, 39.129079 ], [ -77.101674, 39.129343 ], [ -77.10176, 39.12835 ], [ -77.102567, 39.128246 ], [ -77.103376, 39.128231 ], [ -77.103613, 39.128407 ], [ -77.104304, 39.128304 ], [ -77.104772, 39.128476 ], [ -77.105576, 39.128281 ], [ -77.105812, 39.128457 ], [ -77.106619, 39.128353 ], [ -77.106742, 39.128621 ], [ -77.10745, 39.129058 ], [ -77.107455, 39.129239 ], [ -77.107928, 39.12959 ], [ -77.108057, 39.130039 ], [ -77.108415, 39.130392 ], [ -77.108549, 39.131021 ], [ -77.108783, 39.131107 ], [ -77.108794, 39.131467 ], [ -77.109025, 39.131463 ], [ -77.109031, 39.131643 ], [ -77.108579, 39.132011 ], [ -77.108001, 39.132022 ], [ -77.108009, 39.132292 ], [ -77.10778, 39.132386 ], [ -77.108167, 39.133731 ], [ -77.10806, 39.134003 ], [ -77.107597, 39.134011 ], [ -77.107603, 39.134191 ], [ -77.106917, 39.134474 ], [ -77.106807, 39.134656 ], [ -77.106825, 39.135287 ], [ -77.107059, 39.135372 ], [ -77.10696, 39.135915 ], [ -77.106274, 39.136198 ], [ -77.105709, 39.136658 ], [ -77.104784, 39.136675 ], [ -77.104559, 39.136859 ] ], [ [ -77.104556, 39.136769 ], [ -77.104438, 39.136681 ], [ -77.10444, 39.136771 ], [ -77.104556, 39.136769 ] ] ] } },
{ "type": "Feature", "properties": { "id": "SC13", "sc_id": 13, "area_km2": 2.9392, "downstream_unit": "SC14", "receiving_segment": "R13", "impervious_total": 0.2215, "impervious_connected": 0.1043, "mean_elevation_m": 141.2492, "mean_slope": 0.0618, "control": "" }, "geometry": { "type": "Polygon", "coordinates": [ [ [ -77.07034, 39.141707 ], [ -77.070335, 39.141527 ], [ -77.070104, 39.141531 ], [ -77.069507, 39.140911 ], [ -77.068582, 39.140927 ], [ -77.06845, 39.140389 ], [ -77.067977, 39.140037 ], [ -77.067972, 39.139857 ], [ -77.068201, 39.139763 ], [ -77.067835, 39.139139 ], [ -77.067932, 39.138506 ], [ -77.067811, 39.138328 ], [ -77.06758, 39.138332 ], [ -77.06768, 39.13779 ], [ -77.067911, 39.137786 ], [ -77.068014, 39.137333 ], [ -77.068009, 39.137153 ], [ -77.067777, 39.137157 ], [ -77.067767, 39.136797 ], [ -77.068221, 39.136519 ], [ -77.067972, 39.135893 ], [ -77.068431, 39.135794 ], [ -77.069225, 39.13524 ], [ -77.069924, 39.135407 ], [ -77.069916, 39.135137 ], [ -77.069685, 39.135141 ], [ -77.069561, 39.134873 ], [ -77.069669, 39.134601 ], [ -77.0699, 39.134597 ], [ -77.069777, 39.134329 ], [ -77.0701, 39.133512 ], [ -77.070095, 39.133332 ], [ -77.06963, 39.13325 ], [ -77.069729, 39.132708 ], [ -77.069498, 39.132712 ], [ -77.069485, 39.132262 ], [ -77.069138, 39.132268 ], [ -77.069017, 39.13209 ], [ -77.068552, 39.132008 ], [ -77.068778, 39.131824 ], [ -77.068754, 39.131013 ], [ -77.068515, 39.130747 ], [ -77.068284, 39.130751 ], [ -77.068279, 39.130571 ], [ -77.06851, 39.130567 ], [ -77.068957, 39.130019 ], [ -77.069303, 39.130012 ], [ -77.069298, 39.129832 ], [ -77.069755, 39.129644 ], [ -77.069745, 39.129284 ], [ -77.070783, 39.129175 ], [ -77.071009, 39.128991 ], [ -77.071108, 39.128449 ], [ -77.071566, 39.12826 ], [ -77.071442, 39.127992 ], [ -77.071905, 39.127984 ], [ -77.072244, 39.127708 ], [ -77.072475, 39.127704 ], [ -77.07258, 39.127341 ], [ -77.072816, 39.127517 ], [ -77.073279, 39.127509 ], [ -77.073389, 39.127327 ], [ -77.073965, 39.127227 ], [ -77.073959, 39.127047 ], [ -77.074416, 39.126858 ], [ -77.07557, 39.126748 ], [ -77.075565, 39.126567 ], [ -77.076143, 39.126557 ], [ -77.076137, 39.126377 ], [ -77.07671, 39.126187 ], [ -77.077288, 39.126176 ], [ -77.077759, 39.126438 ], [ -77.078684, 39.126422 ], [ -77.079256, 39.126231 ], [ -77.079246, 39.125871 ], [ -77.079472, 39.125687 ], [ -77.079819, 39.125681 ], [ -77.080045, 39.125496 ], [ -77.080278, 39.125582 ], [ -77.080383, 39.12522 ], [ -77.0813, 39.124933 ], [ -77.082233, 39.125187 ], [ -77.082362, 39.125635 ], [ -77.082714, 39.125809 ], [ -77.082956, 39.126165 ], [ -77.083306, 39.126249 ], [ -77.08423, 39.126233 ], [ -77.084341, 39.12605 ], [ -77.085034, 39.126038 ], [ -77.085263, 39.125944 ], [ -77.085258, 39.125764 ], [ -77.085605, 39.125757 ], [ -77.085599, 39.125577 ], [ -77.086293, 39.125565 ], [ -77.086648, 39.125829 ], [ -77.0871, 39.12546 ], [ -77.087562, 39.125452 ], [ -77.087901, 39.125176 ], [ -77.088702, 39.124891 ], [ -77.090208, 39.124954 ], [ -77.090434, 39.12477 ], [ -77.09078, 39.124764 ], [ -77.091017, 39.12494 ], [ -77.091595, 39.124929 ], [ -77.091716, 39.125107 ], [ -77.092294, 39.125097 ], [ -77.092531, 39.125273 ], [ -77.093111, 39.125353 ], [ -77.093364, 39.126069 ], [ -77.093595, 39.126065 ], [ -77.09395, 39.126329 ], [ -77.094213, 39.127405 ], [ -77.095603, 39.12747 ], [ -77.095861, 39.128367 ], [ -77.096324, 39.128358 ], [ -77.09656, 39.128534 ], [ -77.096574, 39.128984 ], [ -77.09773, 39.128964 ], [ -77.097851, 39.129142 ], [ -77.098552, 39.129399 ], [ -77.098566, 39.12985 ], [ -77.098915, 39.129933 ], [ -77.098923, 39.130203 ], [ -77.098135, 39.130938 ], [ -77.098372, 39.131114 ], [ -77.098264, 39.131387 ], [ -77.096654, 39.131686 ], [ -77.096412, 39.13133 ], [ -77.095721, 39.131432 ], [ -77.095713, 39.131162 ], [ -77.094788, 39.131179 ], [ -77.094782, 39.130999 ], [ -77.094436, 39.131005 ], [ -77.094339, 39.131637 ], [ -77.093881, 39.131826 ], [ -77.09344, 39.132555 ], [ -77.093096, 39.132651 ], [ -77.093107, 39.133011 ], [ -77.092763, 39.133107 ], [ -77.092542, 39.133472 ], [ -77.092082, 39.13357 ], [ -77.092095, 39.13402 ], [ -77.091749, 39.134027 ], [ -77.091762, 39.134477 ], [ -77.091415, 39.134483 ], [ -77.091192, 39.134757 ], [ -77.090619, 39.134948 ], [ -77.090624, 39.135128 ], [ -77.090283, 39.135314 ], [ -77.090062, 39.135679 ], [ -77.089253, 39.135693 ], [ -77.089145, 39.135965 ], [ -77.088683, 39.135974 ], [ -77.088562, 39.135796 ], [ -77.088099, 39.135804 ], [ -77.08786, 39.135538 ], [ -77.087518, 39.135724 ], [ -77.087419, 39.136267 ], [ -77.087072, 39.136273 ], [ -77.087198, 39.136631 ], [ -77.086281, 39.136918 ], [ -77.085719, 39.137468 ], [ -77.085367, 39.137294 ], [ -77.085351, 39.136754 ], [ -77.084659, 39.136857 ], [ -77.084434, 39.137041 ], [ -77.083855, 39.137051 ], [ -77.083621, 39.136965 ], [ -77.083611, 39.136605 ], [ -77.083256, 39.136341 ], [ -77.082678, 39.136351 ], [ -77.082554, 39.136083 ], [ -77.082323, 39.136087 ], [ -77.082213, 39.13627 ], [ -77.081863, 39.136186 ], [ -77.081414, 39.136644 ], [ -77.081064, 39.13656 ], [ -77.08107, 39.136741 ], [ -77.080723, 39.136747 ], [ -77.080612, 39.136929 ], [ -77.079927, 39.137211 ], [ -77.079824, 39.137664 ], [ -77.080066, 39.13802 ], [ -77.079257, 39.138034 ], [ -77.07927, 39.138485 ], [ -77.079039, 39.138489 ], [ -77.078934, 39.138851 ], [ -77.078705, 39.138945 ], [ -77.078721, 39.139485 ], [ -77.078258, 39.139494 ], [ -77.078264, 39.139674 ], [ -77.07757, 39.139686 ], [ -77.077564, 39.139506 ], [ -77.077215, 39.139422 ], [ -77.076997, 39.139877 ], [ -77.076419, 39.139887 ], [ -77.07608, 39.140163 ], [ -77.076316, 39.140339 ], [ -77.076206, 39.140521 ], [ -77.075743, 39.14053 ], [ -77.075633, 39.140712 ], [ -77.074358, 39.140644 ], [ -77.074364, 39.140825 ], [ -77.073901, 39.140833 ], [ -77.073675, 39.141017 ], [ -77.073683, 39.141287 ], [ -77.070908, 39.141336 ], [ -77.070803, 39.141699 ], [ -77.07034, 39.141707 ] ] ] } },
{ "type": "Feature", "properties": { "id": "SC14", "sc_id": 14, "area_km2": 4.1523, "downstream_unit": "SC17", "receiving_segment": "R14", "impervious_total": 0.1446, "impervious_connected": 0.055, "mean_elevation_m": 127.8955, "mean_slope": 0.0793, "control": "01647720" }, "geometry": { "type": "MultiPolygon", "coordinates": [ [ [ [ -77.11775, 39.125358 ], [ -77.116365, 39.125473 ], [ -77.116126, 39.125207 ], [ -77.115895, 39.125211 ], [ -77.115798, 39.125844 ], [ -77.114179, 39.125873 ], [ -77.114069, 39.126055 ], [ -77.113491, 39.126066 ], [ -77.113271, 39.12643 ], [ -77.11269, 39.126351 ], [ -77.112348, 39.126537 ], [ -77.111308, 39.126556 ], [ -77.111442, 39.127184 ], [ -77.111101, 39.127371 ], [ -77.111114, 39.127821 ], [ -77.111464, 39.127905 ], [ -77.111921, 39.127716 ], [ -77.111926, 39.127896 ], [ -77.112507, 39.127976 ], [ -77.112961, 39.127697 ], [ -77.113201, 39.127963 ], [ -77.114588, 39.127938 ], [ -77.114715, 39.128296 ], [ -77.114948, 39.128382 ], [ -77.11508, 39.12892 ], [ -77.114505, 39.129021 ], [ -77.114645, 39.129829 ], [ -77.115115, 39.130091 ], [ -77.115123, 39.130361 ], [ -77.114779, 39.130457 ], [ -77.114801, 39.131178 ], [ -77.115274, 39.13153 ], [ -77.11529, 39.13207 ], [ -77.114951, 39.132346 ], [ -77.114847, 39.132709 ], [ -77.115094, 39.133245 ], [ -77.114282, 39.133169 ], [ -77.113938, 39.133266 ], [ -77.113717, 39.13363 ], [ -77.113486, 39.133634 ], [ -77.113249, 39.133458 ], [ -77.112556, 39.133471 ], [ -77.112082, 39.133119 ], [ -77.110687, 39.132874 ], [ -77.110095, 39.132434 ], [ -77.110079, 39.131894 ], [ -77.109724, 39.13163 ], [ -77.108807, 39.131917 ], [ -77.109025, 39.131463 ], [ -77.108794, 39.131467 ], [ -77.108783, 39.131107 ], [ -77.108549, 39.131021 ], [ -77.108291, 39.130124 ], [ -77.108057, 39.130039 ], [ -77.108049, 39.129768 ], [ -77.107455, 39.129239 ], [ -77.10745, 39.129058 ], [ -77.106742, 39.128621 ], [ -77.106619, 39.128353 ], [ -77.105812, 39.128457 ], [ -77.105576, 39.128281 ], [ -77.104772, 39.128476 ], [ -77.104304, 39.128304 ], [ -77.103613, 39.128407 ], [ -77.103376, 39.128231 ], [ -77.10176, 39.12835 ], [ -77.101674, 39.129343 ], [ -77.101319, 39.129079 ], [ -77.100631, 39.129272 ], [ -77.099822, 39.129286 ], [ -77.099701, 39.129108 ], [ -77.099469, 39.129112 ], [ -77.099359, 39.129295 ], [ -77.098663, 39.129217 ], [ -77.098437, 39.129401 ], [ -77.09773, 39.128964 ], [ -77.096574, 39.128984 ], [ -77.09656, 39.128534 ], [ -77.096324, 39.128358 ], [ -77.095861, 39.128367 ], [ -77.095603, 39.12747 ], [ -77.094213, 39.127405 ], [ -77.09395, 39.126329 ], [ -77.093595, 39.126065 ], [ -77.093364, 39.126069 ], [ -77.093111, 39.125353 ], [ -77.092531, 39.125273 ], [ -77.092294, 39.125097 ], [ -77.091716, 39.125107 ], [ -77.091595, 39.124929 ], [ -77.091017, 39.12494 ], [ -77.09078, 39.124764 ], [ -77.090434, 39.12477 ], [ -77.090208, 39.124954 ], [ -77.088702, 39.124891 ], [ -77.087901, 39.125176 ], [ -77.087562, 39.125452 ], [ -77.0871, 39.12546 ], [ -77.086648, 39.125829 ], [ -77.086293, 39.125565 ], [ -77.085599, 39.125577 ], [ -77.085605, 39.125757 ], [ -77.085258, 39.125764 ], [ -77.085263, 39.125944 ], [ -77.084341, 39.12605 ], [ -77.08423, 39.126233 ], [ -77.082956, 39.126165 ], [ -77.082714, 39.125809 ], [ -77.082362, 39.125635 ], [ -77.082233, 39.125187 ], [ -77.081532, 39.124929 ], [ -77.080725, 39.125034 ], [ -77.08027, 39.125312 ], [ -77.080278, 39.125582 ], [ -77.080045, 39.125496 ], [ -77.079819, 39.125681 ], [ -77.079472, 39.125687 ], [ -77.079246, 39.125871 ], [ -77.079256, 39.126231 ], [ -77.078684, 39.126422 ], [ -77.077759, 39.126438 ], [ -77.077288, 39.126176 ], [ -77.07671, 39.126187 ], [ -77.077041, 39.12564 ], [ -77.077025, 39.1251 ], [ -77.076308, 39.124302 ], [ -77.0764, 39.123489 ], [ -77.075128, 39.123512 ], [ -77.074881, 39.122976 ], [ -77.074981, 39.122433 ], [ -77.074634, 39.122439 ], [ -77.074397, 39.122263 ], [ -77.074618, 39.121899 ], [ -77.074387, 39.121903 ], [ -77.074266, 39.121725 ], [ -77.074726, 39.121627 ], [ -77.074831, 39.121265 ], [ -77.075062, 39.121261 ], [ -77.075514, 39.120892 ], [ -77.076546, 39.120603 ], [ -77.076423, 39.120335 ], [ -77.076762, 39.120059 ], [ -77.077224, 39.120051 ], [ -77.077334, 39.119869 ], [ -77.077566, 39.119864 ], [ -77.077434, 39.119326 ], [ -77.078593, 39.119396 ], [ -77.078587, 39.119215 ], [ -77.079047, 39.119117 ], [ -77.079039, 39.118847 ], [ -77.079265, 39.118663 ], [ -77.078556, 39.118135 ], [ -77.077623, 39.117881 ], [ -77.077612, 39.117521 ], [ -77.077946, 39.117065 ], [ -77.079564, 39.117036 ], [ -77.080048, 39.117748 ], [ -77.080857, 39.117733 ], [ -77.08143, 39.117543 ], [ -77.081553, 39.117811 ], [ -77.0819, 39.117805 ], [ -77.081905, 39.117985 ], [ -77.082838, 39.118239 ], [ -77.083647, 39.118224 ], [ -77.083758, 39.118042 ], [ -77.084454, 39.11812 ], [ -77.084446, 39.117849 ], [ -77.084787, 39.117663 ], [ -77.085003, 39.117119 ], [ -77.085468, 39.1172 ], [ -77.085473, 39.117381 ], [ -77.08686, 39.117356 ], [ -77.087086, 39.117171 ], [ -77.087893, 39.117067 ], [ -77.087874, 39.116437 ], [ -77.088216, 39.11625 ], [ -77.088541, 39.115524 ], [ -77.08992, 39.115229 ], [ -77.090028, 39.114956 ], [ -77.090259, 39.114952 ], [ -77.090254, 39.114772 ], [ -77.090716, 39.114764 ], [ -77.090711, 39.114584 ], [ -77.090942, 39.11458 ], [ -77.091052, 39.114397 ], [ -77.092093, 39.114379 ], [ -77.092214, 39.114557 ], [ -77.092679, 39.114639 ], [ -77.092902, 39.114364 ], [ -77.09348, 39.114354 ], [ -77.093587, 39.114082 ], [ -77.094281, 39.114069 ], [ -77.094276, 39.113889 ], [ -77.094969, 39.113877 ], [ -77.095077, 39.113604 ], [ -77.095768, 39.113502 ], [ -77.096233, 39.113584 ], [ -77.09659, 39.113938 ], [ -77.096934, 39.113841 ], [ -77.097055, 39.114019 ], [ -77.097286, 39.114015 ], [ -77.097646, 39.114459 ], [ -77.098109, 39.114451 ], [ -77.098232, 39.114719 ], [ -77.098703, 39.114981 ], [ -77.098708, 39.115161 ], [ -77.09848, 39.115255 ], [ -77.099058, 39.115245 ], [ -77.099291, 39.11533 ], [ -77.099297, 39.115511 ], [ -77.100106, 39.115496 ], [ -77.1007, 39.116026 ], [ -77.100955, 39.116832 ], [ -77.10199, 39.116633 ], [ -77.102213, 39.116359 ], [ -77.103265, 39.1167 ], [ -77.103643, 39.117775 ], [ -77.104337, 39.117762 ], [ -77.10491, 39.117572 ], [ -77.105264, 39.117836 ], [ -77.105254, 39.117475 ], [ -77.105482, 39.117381 ], [ -77.105453, 39.116391 ], [ -77.106375, 39.116284 ], [ -77.106843, 39.116456 ], [ -77.106848, 39.116636 ], [ -77.107318, 39.116897 ], [ -77.108827, 39.11705 ], [ -77.108972, 39.118039 ], [ -77.109899, 39.118112 ], [ -77.11002, 39.11829 ], [ -77.110251, 39.118286 ], [ -77.11038, 39.118734 ], [ -77.110612, 39.11873 ], [ -77.110735, 39.118998 ], [ -77.111087, 39.119172 ], [ -77.111109, 39.119892 ], [ -77.111684, 39.119792 ], [ -77.111794, 39.119609 ], [ -77.113289, 39.119312 ], [ -77.114227, 39.119746 ], [ -77.115037, 39.119731 ], [ -77.115262, 39.119547 ], [ -77.115838, 39.119446 ], [ -77.116074, 39.119622 ], [ -77.116088, 39.120072 ], [ -77.115862, 39.120256 ], [ -77.11587, 39.120527 ], [ -77.115639, 39.120531 ], [ -77.115531, 39.120803 ], [ -77.1153, 39.120807 ], [ -77.115314, 39.121258 ], [ -77.115085, 39.121352 ], [ -77.114867, 39.121806 ], [ -77.115593, 39.122874 ], [ -77.115946, 39.123048 ], [ -77.116204, 39.123944 ], [ -77.116435, 39.12394 ], [ -77.11644, 39.12412 ], [ -77.116903, 39.124112 ], [ -77.117029, 39.12447 ], [ -77.117734, 39.124818 ], [ -77.11775, 39.125358 ] ] ], [ [ [ -77.117865, 39.125356 ], [ -77.117753, 39.125448 ], [ -77.11775, 39.125358 ], [ -77.117865, 39.125356 ] ] ] ] } },
{ "type": "Feature", "properties": { "id": "SC15", "sc_id": 15, "area_km2": 2.8985, "downstream_unit": "SC20", "receiving_segment": "IN15", "impervious_total": 0.0843, "impervious_connected": 0.0245, "mean_elevation_m": 119.188, "mean_slope": 0.0961, "control": "MD00046" }, "geometry": { "type": "MultiPolygon", "coordinates": [ [ [ [ -77.120037, 39.116757 ], [ -77.12015, 39.116665 ], [ -77.120152, 39.116755 ], [ -77.120037, 39.116757 ] ] ], [ [ [ -77.120152, 39.116755 ], [ -77.12073, 39.116744 ], [ -77.121182, 39.116376 ], [ -77.121268, 39.115383 ], [ -77.122416, 39.115092 ], [ -77.122647, 39.115088 ], [ -77.122768, 39.115266 ], [ -77.12323, 39.115257 ], [ -77.123004, 39.115441 ], [ -77.123136, 39.11598 ], [ -77.123843, 39.116417 ], [ -77.12419, 39.116411 ], [ -77.12441, 39.116047 ], [ -77.125099, 39.115854 ], [ -77.125429, 39.115307 ], [ -77.125416, 39.114857 ], [ -77.125754, 39.11458 ], [ -77.125743, 39.11422 ], [ -77.126203, 39.114122 ], [ -77.126542, 39.113845 ], [ -77.126534, 39.113575 ], [ -77.126993, 39.113477 ], [ -77.127114, 39.113655 ], [ -77.127577, 39.113646 ], [ -77.128378, 39.113361 ], [ -77.12884, 39.113353 ], [ -77.128735, 39.113715 ], [ -77.128972, 39.113891 ], [ -77.129552, 39.11397 ], [ -77.129792, 39.114236 ], [ -77.130488, 39.114314 ], [ -77.13108, 39.114753 ], [ -77.13109, 39.115114 ], [ -77.131322, 39.115109 ], [ -77.132268, 39.115813 ], [ -77.133072, 39.115618 ], [ -77.133515, 39.114979 ], [ -77.134434, 39.114782 ], [ -77.13466, 39.114598 ], [ -77.135034, 39.115492 ], [ -77.135384, 39.115576 ], [ -77.135422, 39.116836 ], [ -77.135884, 39.116828 ], [ -77.136005, 39.117006 ], [ -77.136236, 39.117002 ], [ -77.136132, 39.117364 ], [ -77.135675, 39.117552 ], [ -77.135685, 39.117913 ], [ -77.135919, 39.117998 ], [ -77.135815, 39.118361 ], [ -77.136984, 39.11879 ], [ -77.137331, 39.118783 ], [ -77.13778, 39.118325 ], [ -77.138127, 39.118318 ], [ -77.138721, 39.118848 ], [ -77.138726, 39.119028 ], [ -77.139073, 39.119022 ], [ -77.139428, 39.119286 ], [ -77.139891, 39.119277 ], [ -77.140232, 39.119091 ], [ -77.140356, 39.119359 ], [ -77.141286, 39.119522 ], [ -77.141641, 39.119786 ], [ -77.141415, 39.11997 ], [ -77.141542, 39.120328 ], [ -77.141316, 39.120512 ], [ -77.141217, 39.121055 ], [ -77.140418, 39.12143 ], [ -77.140198, 39.121794 ], [ -77.139967, 39.121798 ], [ -77.140072, 39.121436 ], [ -77.139152, 39.121633 ], [ -77.137647, 39.121571 ], [ -77.137077, 39.121852 ], [ -77.136862, 39.122396 ], [ -77.136523, 39.122673 ], [ -77.136531, 39.122943 ], [ -77.1363, 39.122947 ], [ -77.135964, 39.123313 ], [ -77.135733, 39.123318 ], [ -77.135739, 39.123498 ], [ -77.135392, 39.123504 ], [ -77.135169, 39.123779 ], [ -77.134365, 39.123973 ], [ -77.135336, 39.125487 ], [ -77.134884, 39.125856 ], [ -77.134782, 39.126308 ], [ -77.134551, 39.126313 ], [ -77.134559, 39.126583 ], [ -77.134328, 39.126587 ], [ -77.134221, 39.126859 ], [ -77.133535, 39.127142 ], [ -77.13343, 39.127504 ], [ -77.13286, 39.127785 ], [ -77.133248, 39.12913 ], [ -77.132904, 39.129226 ], [ -77.132909, 39.129406 ], [ -77.132678, 39.12941 ], [ -77.132469, 39.130135 ], [ -77.130613, 39.129989 ], [ -77.129697, 39.130276 ], [ -77.129576, 39.130098 ], [ -77.128997, 39.130108 ], [ -77.12889, 39.130381 ], [ -77.128083, 39.130485 ], [ -77.127613, 39.130224 ], [ -77.127475, 39.129505 ], [ -77.126895, 39.129426 ], [ -77.126889, 39.129246 ], [ -77.126416, 39.128894 ], [ -77.125953, 39.128903 ], [ -77.125604, 39.128819 ], [ -77.125599, 39.128639 ], [ -77.124902, 39.128561 ], [ -77.124445, 39.12875 ], [ -77.123867, 39.12876 ], [ -77.123872, 39.12894 ], [ -77.122945, 39.128867 ], [ -77.122724, 39.129232 ], [ -77.122493, 39.129236 ], [ -77.122622, 39.129684 ], [ -77.122391, 39.129688 ], [ -77.122413, 39.130409 ], [ -77.122649, 39.130585 ], [ -77.122657, 39.130855 ], [ -77.121862, 39.13132 ], [ -77.121281, 39.13124 ], [ -77.121286, 39.13142 ], [ -77.120826, 39.131519 ], [ -77.120356, 39.131257 ], [ -77.120348, 39.130987 ], [ -77.120114, 39.130901 ], [ -77.119775, 39.131177 ], [ -77.118968, 39.131282 ], [ -77.118729, 39.131016 ], [ -77.118498, 39.13102 ], [ -77.118275, 39.131295 ], [ -77.118043, 39.131299 ], [ -77.118054, 39.131659 ], [ -77.117823, 39.131663 ], [ -77.117828, 39.131844 ], [ -77.117595, 39.131758 ], [ -77.116801, 39.132313 ], [ -77.115997, 39.132508 ], [ -77.115301, 39.13243 ], [ -77.115274, 39.13153 ], [ -77.114801, 39.131178 ], [ -77.114779, 39.130457 ], [ -77.115123, 39.130361 ], [ -77.115115, 39.130091 ], [ -77.114645, 39.129829 ], [ -77.114516, 39.129381 ], [ -77.114505, 39.129021 ], [ -77.11508, 39.12892 ], [ -77.114948, 39.128382 ], [ -77.114715, 39.128296 ], [ -77.114588, 39.127938 ], [ -77.113201, 39.127963 ], [ -77.112961, 39.127697 ], [ -77.112507, 39.127976 ], [ -77.111926, 39.127896 ], [ -77.111921, 39.127716 ], [ -77.111464, 39.127905 ], [ -77.111114, 39.127821 ], [ -77.111101, 39.127371 ], [ -77.111442, 39.127184 ], [ -77.111308, 39.126556 ], [ -77.112348, 39.126537 ], [ -77.11269, 39.126351 ], [ -77.113271, 39.12643 ], [ -77.113491, 39.126066 ], [ -77.114069, 39.126055 ], [ -77.114179, 39.125873 ], [ -77.115798, 39.125844 ], [ -77.115895, 39.125211 ], [ -77.116126, 39.125207 ], [ -77.116365, 39.125473 ], [ -77.11775, 39.125358 ], [ -77.117734, 39.124818 ], [ -77.117029, 39.12447 ], [ -77.116903, 39.124112 ], [ -77.11644, 39.12412 ], [ -77.116435, 39.12394 ], [ -77.116204, 39.123944 ], [ -77.115946, 39.123048 ], [ -77.115233, 39.12243 ], [ -77.114862, 39.121626 ], [ -77.115314, 39.121258 ], [ -77.1153, 39.120807 ], [ -77.115531, 39.120803 ], [ -77.115526, 39.120623 ], [ -77.11587, 39.120527 ], [ -77.11619, 39.11962 ], [ -77.116768, 39.119609 ], [ -77.116763, 39.119429 ], [ -77.117693, 39.119593 ], [ -77.119193, 39.119475 ], [ -77.119182, 39.119115 ], [ -77.119617, 39.118206 ], [ -77.119604, 39.117756 ], [ -77.119714, 39.117574 ], [ -77.120174, 39.117475 ], [ -77.120152, 39.116755 ] ], [ [ -77.11775, 39.125358 ], [ -77.117868, 39.125446 ], [ -77.117865, 39.125356 ], [ -77.11775, 39.125358 ] ] ] ] } },
{ "type": "Feature", "properties": { "id": "SC16", "sc_id": 16, "area_km2": 5.4645, "downstream_unit": "SC20", "receiving_segment": "R16", "impervious_total": 0.3623, "impervious_connected": 0.2181, "mean_elevation_m": 137.6417, "mean_slope": 0.0731, "control": "" }, "geometry": { "type": "Polygon", "coordinates": [ [ [ -77.172386, 39.130389 ], [ -77.172265, 39.130211 ], [ -77.1718, 39.130129 ], [ -77.171654, 39.129141 ], [ -77.17118, 39.128789 ], [ -77.170605, 39.12889 ], [ -77.170495, 39.129072 ], [ -77.168876, 39.129102 ], [ -77.168882, 39.129283 ], [ -77.168306, 39.129383 ], [ -77.168086, 39.129748 ], [ -77.167734, 39.129574 ], [ -77.167844, 39.129392 ], [ -77.16761, 39.129306 ], [ -77.167822, 39.128672 ], [ -77.167134, 39.128865 ], [ -77.167024, 39.129047 ], [ -77.166674, 39.128963 ], [ -77.164954, 39.129446 ], [ -77.164026, 39.129373 ], [ -77.163916, 39.129555 ], [ -77.163685, 39.129559 ], [ -77.163442, 39.129204 ], [ -77.162746, 39.129126 ], [ -77.162622, 39.128858 ], [ -77.16156, 39.128157 ], [ -77.161097, 39.128166 ], [ -77.161105, 39.128436 ], [ -77.160874, 39.12844 ], [ -77.161003, 39.128888 ], [ -77.160783, 39.129253 ], [ -77.160439, 39.129349 ], [ -77.160445, 39.129529 ], [ -77.159979, 39.129448 ], [ -77.159765, 39.129993 ], [ -77.159311, 39.130271 ], [ -77.159316, 39.130451 ], [ -77.158972, 39.130548 ], [ -77.158966, 39.130368 ], [ -77.15827, 39.130291 ], [ -77.158259, 39.12993 ], [ -77.158025, 39.129845 ], [ -77.15778, 39.129399 ], [ -77.157882, 39.128946 ], [ -77.157648, 39.12886 ], [ -77.15764, 39.12859 ], [ -77.157282, 39.128237 ], [ -77.157491, 39.127512 ], [ -77.157257, 39.127426 ], [ -77.157354, 39.126794 ], [ -77.157004, 39.12671 ], [ -77.156756, 39.126174 ], [ -77.156839, 39.125091 ], [ -77.156484, 39.124828 ], [ -77.15579, 39.12484 ], [ -77.155782, 39.12457 ], [ -77.156013, 39.124566 ], [ -77.156002, 39.124206 ], [ -77.15554, 39.124214 ], [ -77.15543, 39.124397 ], [ -77.155182, 39.123861 ], [ -77.154257, 39.123878 ], [ -77.153786, 39.123616 ], [ -77.15344, 39.123623 ], [ -77.153319, 39.123445 ], [ -77.152972, 39.123451 ], [ -77.152851, 39.123273 ], [ -77.152619, 39.123277 ], [ -77.152512, 39.12355 ], [ -77.152058, 39.123828 ], [ -77.151133, 39.123845 ], [ -77.15091, 39.12412 ], [ -77.150679, 39.124124 ], [ -77.150558, 39.123946 ], [ -77.149517, 39.123965 ], [ -77.149512, 39.123785 ], [ -77.148579, 39.123532 ], [ -77.148447, 39.122994 ], [ -77.148326, 39.122816 ], [ -77.148095, 39.12282 ], [ -77.148081, 39.12237 ], [ -77.147263, 39.122115 ], [ -77.147484, 39.12175 ], [ -77.147715, 39.121746 ], [ -77.147586, 39.121298 ], [ -77.14619, 39.121053 ], [ -77.146185, 39.120873 ], [ -77.144798, 39.120899 ], [ -77.144778, 39.120268 ], [ -77.144429, 39.120185 ], [ -77.144633, 39.11928 ], [ -77.144399, 39.119194 ], [ -77.144393, 39.119014 ], [ -77.144044, 39.11893 ], [ -77.144033, 39.11857 ], [ -77.143678, 39.118307 ], [ -77.14288, 39.118682 ], [ -77.142659, 39.119046 ], [ -77.142313, 39.119052 ], [ -77.142318, 39.119232 ], [ -77.141974, 39.119329 ], [ -77.141756, 39.119783 ], [ -77.141525, 39.119788 ], [ -77.141286, 39.119522 ], [ -77.140356, 39.119359 ], [ -77.140232, 39.119091 ], [ -77.139891, 39.119277 ], [ -77.139428, 39.119286 ], [ -77.139073, 39.119022 ], [ -77.138726, 39.119028 ], [ -77.138721, 39.118848 ], [ -77.138127, 39.118318 ], [ -77.13778, 39.118325 ], [ -77.137331, 39.118783 ], [ -77.136984, 39.11879 ], [ -77.135815, 39.118361 ], [ -77.135919, 39.117998 ], [ -77.135685, 39.117913 ], [ -77.135675, 39.117552 ], [ -77.136132, 39.117364 ], [ -77.136236, 39.117002 ], [ -77.136005, 39.117006 ], [ -77.135884, 39.116828 ], [ -77.135422, 39.116836 ], [ -77.135384, 39.115576 ], [ -77.135034, 39.115492 ], [ -77.13466, 39.114598 ], [ -77.134434, 39.114782 ], [ -77.133515, 39.114979 ], [ -77.133072, 39.115618 ], [ -77.132725, 39.115624 ], [ -77.132615, 39.115807 ], [ -77.132268, 39.115813 ], [ -77.131322, 39.115109 ], [ -77.13109, 39.115114 ], [ -77.13108, 39.114753 ], [ -77.13059, 39.113861 ], [ -77.130692, 39.113409 ], [ -77.130222, 39.113147 ], [ -77.130213, 39.112877 ], [ -77.130436, 39.112603 ], [ -77.130893, 39.112414 ], [ -77.130995, 39.111962 ], [ -77.131227, 39.111958 ], [ -77.131218, 39.111688 ], [ -77.131557, 39.111411 ], [ -77.131414, 39.110513 ], [ -77.131643, 39.110418 ], [ -77.131635, 39.110148 ], [ -77.132094, 39.11005 ], [ -77.132089, 39.10987 ], [ -77.132769, 39.109407 ], [ -77.132865, 39.108774 ], [ -77.133091, 39.10859 ], [ -77.134596, 39.108652 ], [ -77.135645, 39.108904 ], [ -77.136236, 39.109343 ], [ -77.136467, 39.109339 ], [ -77.136844, 39.110323 ], [ -77.137199, 39.110587 ], [ -77.13743, 39.110583 ], [ -77.137785, 39.110846 ], [ -77.13779, 39.111027 ], [ -77.138481, 39.110924 ], [ -77.138823, 39.110737 ], [ -77.138814, 39.110467 ], [ -77.139156, 39.110281 ], [ -77.139373, 39.109826 ], [ -77.139604, 39.109822 ], [ -77.139712, 39.10955 ], [ -77.140059, 39.109543 ], [ -77.140284, 39.109359 ], [ -77.140276, 39.109089 ], [ -77.140507, 39.109085 ], [ -77.140728, 39.10872 ], [ -77.141187, 39.108622 ], [ -77.141292, 39.108259 ], [ -77.141523, 39.108255 ], [ -77.14163, 39.107983 ], [ -77.142093, 39.107974 ], [ -77.142547, 39.107696 ], [ -77.14253, 39.107155 ], [ -77.14345, 39.106958 ], [ -77.143686, 39.107134 ], [ -77.144033, 39.107128 ], [ -77.144388, 39.107391 ], [ -77.144514, 39.10775 ], [ -77.145208, 39.107737 ], [ -77.145557, 39.10782 ], [ -77.145681, 39.108088 ], [ -77.146262, 39.108168 ], [ -77.146617, 39.108432 ], [ -77.14687, 39.109148 ], [ -77.147216, 39.109141 ], [ -77.147459, 39.109497 ], [ -77.147805, 39.109491 ], [ -77.148042, 39.109667 ], [ -77.151509, 39.109603 ], [ -77.152214, 39.10995 ], [ -77.152676, 39.109942 ], [ -77.153034, 39.110295 ], [ -77.152927, 39.110568 ], [ -77.153279, 39.110741 ], [ -77.153408, 39.111189 ], [ -77.15387, 39.111181 ], [ -77.153865, 39.111001 ], [ -77.154448, 39.11117 ], [ -77.154787, 39.110894 ], [ -77.155134, 39.110887 ], [ -77.155139, 39.111067 ], [ -77.155489, 39.111151 ], [ -77.155612, 39.111419 ], [ -77.155959, 39.111413 ], [ -77.156066, 39.11114 ], [ -77.156529, 39.111132 ], [ -77.156639, 39.11095 ], [ -77.157679, 39.11093 ], [ -77.157789, 39.110748 ], [ -77.15802, 39.110744 ], [ -77.158271, 39.11137 ], [ -77.158739, 39.111541 ], [ -77.158978, 39.111807 ], [ -77.159319, 39.111621 ], [ -77.160706, 39.111595 ], [ -77.160607, 39.112137 ], [ -77.160838, 39.112133 ], [ -77.160962, 39.112401 ], [ -77.161312, 39.112485 ], [ -77.161103, 39.113209 ], [ -77.161356, 39.113926 ], [ -77.161587, 39.113921 ], [ -77.161592, 39.114101 ], [ -77.16206, 39.114273 ], [ -77.162184, 39.114541 ], [ -77.163568, 39.114425 ], [ -77.164163, 39.114955 ], [ -77.164746, 39.115124 ], [ -77.165101, 39.115388 ], [ -77.164991, 39.11557 ], [ -77.165467, 39.116012 ], [ -77.165126, 39.116198 ], [ -77.165135, 39.116468 ], [ -77.165605, 39.11673 ], [ -77.165707, 39.116277 ], [ -77.166054, 39.116271 ], [ -77.166164, 39.116089 ], [ -77.167089, 39.116071 ], [ -77.167559, 39.116333 ], [ -77.168137, 39.116322 ], [ -77.168476, 39.116046 ], [ -77.169054, 39.116035 ], [ -77.169645, 39.116474 ], [ -77.17011, 39.116556 ], [ -77.170116, 39.116736 ], [ -77.170589, 39.117088 ], [ -77.170612, 39.117808 ], [ -77.170843, 39.117804 ], [ -77.171066, 39.117529 ], [ -77.171412, 39.117523 ], [ -77.172238, 39.118048 ], [ -77.172932, 39.118035 ], [ -77.173262, 39.117488 ], [ -77.173834, 39.117297 ], [ -77.174206, 39.118101 ], [ -77.174671, 39.118183 ], [ -77.174666, 39.118003 ], [ -77.175128, 39.117994 ], [ -77.175923, 39.117529 ], [ -77.176386, 39.11752 ], [ -77.176622, 39.117696 ], [ -77.1772, 39.117685 ], [ -77.177321, 39.117863 ], [ -77.178018, 39.11794 ], [ -77.17826, 39.118296 ], [ -77.178491, 39.118292 ], [ -77.178612, 39.118469 ], [ -77.179188, 39.118369 ], [ -77.179179, 39.118098 ], [ -77.17941, 39.118094 ], [ -77.179518, 39.117822 ], [ -77.180211, 39.117809 ], [ -77.180685, 39.11816 ], [ -77.180707, 39.118881 ], [ -77.180245, 39.118889 ], [ -77.17946, 39.119715 ], [ -77.17866, 39.12 ], [ -77.178783, 39.120268 ], [ -77.179251, 39.12044 ], [ -77.179499, 39.120976 ], [ -77.179849, 39.121059 ], [ -77.179863, 39.121509 ], [ -77.179519, 39.121606 ], [ -77.179527, 39.121876 ], [ -77.179183, 39.121973 ], [ -77.178743, 39.122702 ], [ -77.178168, 39.122802 ], [ -77.177513, 39.124076 ], [ -77.176497, 39.124906 ], [ -77.176283, 39.125451 ], [ -77.17571, 39.125641 ], [ -77.175721, 39.126002 ], [ -77.175377, 39.126098 ], [ -77.175042, 39.126465 ], [ -77.175281, 39.126731 ], [ -77.175744, 39.126722 ], [ -77.176085, 39.126535 ], [ -77.177125, 39.126516 ], [ -77.177486, 39.12696 ], [ -77.177029, 39.127148 ], [ -77.177051, 39.127869 ], [ -77.177282, 39.127865 ], [ -77.177525, 39.12822 ], [ -77.177178, 39.128227 ], [ -77.177068, 39.128409 ], [ -77.17649, 39.12842 ], [ -77.175579, 39.128887 ], [ -77.175001, 39.128898 ], [ -77.174431, 39.129179 ], [ -77.173853, 39.12919 ], [ -77.173613, 39.128924 ], [ -77.172799, 39.128759 ], [ -77.172689, 39.128941 ], [ -77.172457, 39.128946 ], [ -77.172485, 39.129846 ], [ -77.172716, 39.129842 ], [ -77.172848, 39.13038 ], [ -77.172386, 39.130389 ] ] ] } },
{ "type": "Feature", "properties": { "id": "SC17", "sc_id": 17, "area_km2": 0.4368, "downstream_unit": "SC22", "receiving_segment": "R17", "impervious_total": 0.1276, "impervious_connected": 0.0456, "mean_elevation_m": 110.9234, "mean_slope": 0.1143, "control": "" }, "geometry": { "type": "Polygon", "coordinates": [ [ [ -77.105149, 39.117838 ], [ -77.10491, 39.117572 ], [ -77.104337, 39.117762 ], [ -77.103643, 39.117775 ], [ -77.103265, 39.1167 ], [ -77.102799, 39.116619 ], [ -77.102445, 39.116355 ], [ -77.102213, 39.116359 ], [ -77.10199, 39.116633 ], [ -77.100955, 39.116832 ], [ -77.1007, 39.116026 ], [ -77.100106, 39.115496 ], [ -77.099297, 39.115511 ], [ -77.099291, 39.11533 ], [ -77.099058, 39.115245 ], [ -77.09848, 39.115255 ], [ -77.098708, 39.115161 ], [ -77.098703, 39.114981 ], [ -77.098232, 39.114719 ], [ -77.098227, 39.114539 ], [ -77.097646, 39.114459 ], [ -77.097405, 39.114103 ], [ -77.096934, 39.113841 ], [ -77.09659, 39.113938 ], [ -77.096233, 39.113584 ], [ -77.09577, 39.113592 ], [ -77.095757, 39.113142 ], [ -77.096106, 39.113225 ], [ -77.096211, 39.112863 ], [ -77.096558, 39.112857 ], [ -77.09655, 39.112587 ], [ -77.096776, 39.112402 ], [ -77.097464, 39.11221 ], [ -77.097338, 39.111852 ], [ -77.097564, 39.111667 ], [ -77.098142, 39.111657 ], [ -77.098596, 39.111379 ], [ -77.099177, 39.111458 ], [ -77.099413, 39.111634 ], [ -77.100332, 39.111437 ], [ -77.100456, 39.111705 ], [ -77.101034, 39.111695 ], [ -77.10137, 39.111329 ], [ -77.10184, 39.11159 ], [ -77.102418, 39.11158 ], [ -77.102875, 39.111392 ], [ -77.103233, 39.111746 ], [ -77.104163, 39.111909 ], [ -77.104158, 39.111729 ], [ -77.104386, 39.111635 ], [ -77.104375, 39.111274 ], [ -77.104601, 39.11109 ], [ -77.106104, 39.111063 ], [ -77.106359, 39.111869 ], [ -77.106249, 39.112051 ], [ -77.10637, 39.112229 ], [ -77.106717, 39.112223 ], [ -77.106964, 39.112759 ], [ -77.107198, 39.112845 ], [ -77.107087, 39.113027 ], [ -77.107321, 39.113113 ], [ -77.107098, 39.113388 ], [ -77.106867, 39.113392 ], [ -77.106768, 39.113934 ], [ -77.106539, 39.114028 ], [ -77.106665, 39.114386 ], [ -77.106216, 39.114845 ], [ -77.10634, 39.115113 ], [ -77.106114, 39.115297 ], [ -77.10613, 39.115838 ], [ -77.105792, 39.116114 ], [ -77.105445, 39.11612 ], [ -77.105482, 39.117381 ], [ -77.105254, 39.117475 ], [ -77.105149, 39.117838 ] ] ] } },
{ "type": "Feature", "properties": { "id": "SC18", "sc_id": 18, "area_km2": 0.9621, "downstream_unit": "SC22", "receiving_segment": "R18", "impervious_total": 0.2231, "impervious_connected": 0.1053, "mean_elevation_m": 119.1852, "mean_slope": 0.065, "control": "" }, "geometry": { "type": "Polygon", "coordinates": [ [ [ -77.103701, 39.111917 ], [ -77.103695, 39.111737 ], [ -77.103233, 39.111746 ], [ -77.102875, 39.111392 ], [ -77.102418, 39.11158 ], [ -77.10184, 39.11159 ], [ -77.10137, 39.111329 ], [ -77.101034, 39.111695 ], [ -77.100456, 39.111705 ], [ -77.100435, 39.110985 ], [ -77.100203, 39.110989 ], [ -77.100069, 39.110361 ], [ -77.099838, 39.110365 ], [ -77.099833, 39.110185 ], [ -77.099478, 39.109921 ], [ -77.099247, 39.109925 ], [ -77.099231, 39.109385 ], [ -77.098298, 39.109131 ], [ -77.098293, 39.108951 ], [ -77.09783, 39.10896 ], [ -77.097822, 39.10869 ], [ -77.097591, 39.108694 ], [ -77.09747, 39.108516 ], [ -77.096782, 39.108708 ], [ -77.096777, 39.108528 ], [ -77.096545, 39.108532 ], [ -77.096537, 39.108262 ], [ -77.09607, 39.10809 ], [ -77.096062, 39.10782 ], [ -77.095597, 39.107739 ], [ -77.095352, 39.107292 ], [ -77.094769, 39.107123 ], [ -77.094643, 39.106765 ], [ -77.094172, 39.106503 ], [ -77.093807, 39.105879 ], [ -77.093452, 39.105615 ], [ -77.092522, 39.105451 ], [ -77.092506, 39.104911 ], [ -77.092265, 39.104555 ], [ -77.092606, 39.104368 ], [ -77.092601, 39.104188 ], [ -77.09237, 39.104193 ], [ -77.092246, 39.103924 ], [ -77.092015, 39.103929 ], [ -77.092114, 39.103386 ], [ -77.091865, 39.10276 ], [ -77.091628, 39.102584 ], [ -77.091728, 39.102042 ], [ -77.093784, 39.101194 ], [ -77.093779, 39.101014 ], [ -77.09401, 39.10101 ], [ -77.094005, 39.100829 ], [ -77.094236, 39.100825 ], [ -77.094343, 39.100553 ], [ -77.095499, 39.100532 ], [ -77.095609, 39.10035 ], [ -77.095843, 39.100436 ], [ -77.096528, 39.100153 ], [ -77.096878, 39.100237 ], [ -77.096988, 39.100055 ], [ -77.09745, 39.100047 ], [ -77.097792, 39.09986 ], [ -77.09837, 39.09985 ], [ -77.098375, 39.10003 ], [ -77.099181, 39.099925 ], [ -77.099649, 39.100097 ], [ -77.099654, 39.100277 ], [ -77.10034, 39.099995 ], [ -77.100348, 39.100265 ], [ -77.100697, 39.100349 ], [ -77.100587, 39.100531 ], [ -77.101406, 39.100876 ], [ -77.101412, 39.101057 ], [ -77.101764, 39.10123 ], [ -77.10167, 39.101953 ], [ -77.101912, 39.102309 ], [ -77.102495, 39.102479 ], [ -77.102858, 39.103013 ], [ -77.103435, 39.103002 ], [ -77.103656, 39.102638 ], [ -77.104003, 39.102632 ], [ -77.104478, 39.103073 ], [ -77.104828, 39.103157 ], [ -77.104844, 39.103698 ], [ -77.105075, 39.103693 ], [ -77.105198, 39.103961 ], [ -77.10543, 39.103957 ], [ -77.105435, 39.104137 ], [ -77.104981, 39.104416 ], [ -77.104991, 39.104776 ], [ -77.104645, 39.104782 ], [ -77.10454, 39.105145 ], [ -77.104311, 39.105239 ], [ -77.104432, 39.105417 ], [ -77.104215, 39.105871 ], [ -77.104792, 39.105861 ], [ -77.104806, 39.106311 ], [ -77.10458, 39.106495 ], [ -77.104601, 39.107216 ], [ -77.10415, 39.107584 ], [ -77.104193, 39.109025 ], [ -77.103988, 39.10993 ], [ -77.104346, 39.110284 ], [ -77.104362, 39.110824 ], [ -77.104593, 39.11082 ], [ -77.104598, 39.111 ], [ -77.104832, 39.111086 ], [ -77.104375, 39.111274 ], [ -77.104386, 39.111635 ], [ -77.104158, 39.111729 ], [ -77.104163, 39.111909 ], [ -77.103701, 39.111917 ] ] ] } },
{ "type": "Feature", "properties": { "id": "SC19", "sc_id": 19, "area_km2": 2.5918, "downstream_unit": "SC18", "receiving_segment": "R19", "impervious_total": 0.2439, "impervious_connected": 0.1205, "mean_elevation_m": 135.9262, "mean_slope": 0.0614, "control": "01647725" }, "geometry": { "type": "Polygon", "coordinates": [ [ [ -77.083532, 39.118226 ], [ -77.082139, 39.118071 ], [ -77.081905, 39.117985 ], [ -77.0819, 39.117805 ], [ -77.081553, 39.117811 ], [ -77.08143, 39.117543 ], [ -77.080857, 39.117733 ], [ -77.080048, 39.117748 ], [ -77.079683, 39.117124 ], [ -77.079105, 39.117134 ], [ -77.078984, 39.116956 ], [ -77.078521, 39.116964 ], [ -77.078295, 39.117148 ], [ -77.077946, 39.117065 ], [ -77.07772, 39.117249 ], [ -77.077728, 39.117519 ], [ -77.077042, 39.117801 ], [ -77.076811, 39.117806 ], [ -77.076806, 39.117625 ], [ -77.075994, 39.11755 ], [ -77.075989, 39.11737 ], [ -77.075634, 39.117106 ], [ -77.075174, 39.117204 ], [ -77.07519, 39.117744 ], [ -77.074959, 39.117748 ], [ -77.074938, 39.117028 ], [ -77.074809, 39.11658 ], [ -77.074452, 39.116226 ], [ -77.074312, 39.115417 ], [ -77.07396, 39.115243 ], [ -77.073955, 39.115063 ], [ -77.073253, 39.114806 ], [ -77.072888, 39.114181 ], [ -77.072426, 39.11419 ], [ -77.072179, 39.113653 ], [ -77.071601, 39.113664 ], [ -77.071593, 39.113393 ], [ -77.071926, 39.112937 ], [ -77.072504, 39.112927 ], [ -77.072728, 39.112653 ], [ -77.073193, 39.112734 ], [ -77.073187, 39.112554 ], [ -77.073647, 39.112456 ], [ -77.073615, 39.111375 ], [ -77.073949, 39.110919 ], [ -77.073941, 39.110649 ], [ -77.074514, 39.110458 ], [ -77.074737, 39.110184 ], [ -77.075197, 39.110086 ], [ -77.075874, 39.109533 ], [ -77.076342, 39.109705 ], [ -77.076681, 39.109429 ], [ -77.079455, 39.109379 ], [ -77.079565, 39.109197 ], [ -77.079915, 39.109281 ], [ -77.079909, 39.109101 ], [ -77.080369, 39.109002 ], [ -77.080364, 39.108822 ], [ -77.080009, 39.108558 ], [ -77.079778, 39.108563 ], [ -77.079649, 39.108114 ], [ -77.08034, 39.108012 ], [ -77.080442, 39.10756 ], [ -77.07998, 39.107568 ], [ -77.079735, 39.107122 ], [ -77.079843, 39.106849 ], [ -77.079609, 39.106764 ], [ -77.079604, 39.106583 ], [ -77.079373, 39.106588 ], [ -77.079367, 39.106407 ], [ -77.0789, 39.106236 ], [ -77.078895, 39.106055 ], [ -77.07854, 39.105792 ], [ -77.078642, 39.105339 ], [ -77.078871, 39.105245 ], [ -77.078613, 39.104349 ], [ -77.078718, 39.103986 ], [ -77.07906, 39.1038 ], [ -77.07903, 39.102809 ], [ -77.079611, 39.102889 ], [ -77.079606, 39.102709 ], [ -77.080299, 39.102697 ], [ -77.080536, 39.102873 ], [ -77.081342, 39.102768 ], [ -77.081581, 39.103034 ], [ -77.08239, 39.10302 ], [ -77.082613, 39.102745 ], [ -77.082844, 39.102741 ], [ -77.083288, 39.102103 ], [ -77.08514, 39.10216 ], [ -77.085597, 39.101971 ], [ -77.085833, 39.102147 ], [ -77.087105, 39.102125 ], [ -77.087215, 39.101942 ], [ -77.087793, 39.101932 ], [ -77.087914, 39.10211 ], [ -77.088954, 39.102091 ], [ -77.08919, 39.102267 ], [ -77.089768, 39.102257 ], [ -77.089889, 39.102435 ], [ -77.091045, 39.102414 ], [ -77.091733, 39.102222 ], [ -77.091628, 39.102584 ], [ -77.091865, 39.10276 ], [ -77.092114, 39.103386 ], [ -77.092015, 39.103929 ], [ -77.092246, 39.103924 ], [ -77.092251, 39.104105 ], [ -77.092601, 39.104188 ], [ -77.092606, 39.104368 ], [ -77.092265, 39.104555 ], [ -77.092506, 39.104911 ], [ -77.092522, 39.105451 ], [ -77.093452, 39.105615 ], [ -77.093807, 39.105879 ], [ -77.093933, 39.106237 ], [ -77.094643, 39.106765 ], [ -77.094769, 39.107123 ], [ -77.095352, 39.107292 ], [ -77.095597, 39.107739 ], [ -77.096062, 39.10782 ], [ -77.09607, 39.10809 ], [ -77.096537, 39.108262 ], [ -77.096545, 39.108532 ], [ -77.096777, 39.108528 ], [ -77.096782, 39.108708 ], [ -77.09747, 39.108516 ], [ -77.097591, 39.108694 ], [ -77.097822, 39.10869 ], [ -77.09783, 39.10896 ], [ -77.098293, 39.108951 ], [ -77.098298, 39.109131 ], [ -77.099112, 39.109297 ], [ -77.099126, 39.109747 ], [ -77.099833, 39.110185 ], [ -77.099838, 39.110365 ], [ -77.100069, 39.110361 ], [ -77.10008, 39.110721 ], [ -77.100203, 39.110989 ], [ -77.100435, 39.110985 ], [ -77.100443, 39.111255 ], [ -77.100219, 39.11153 ], [ -77.099644, 39.11163 ], [ -77.098827, 39.111374 ], [ -77.098252, 39.111475 ], [ -77.098142, 39.111657 ], [ -77.097564, 39.111667 ], [ -77.097338, 39.111852 ], [ -77.097464, 39.11221 ], [ -77.096776, 39.112402 ], [ -77.09655, 39.112587 ], [ -77.096558, 39.112857 ], [ -77.096211, 39.112863 ], [ -77.096106, 39.113225 ], [ -77.095757, 39.113142 ], [ -77.095652, 39.113504 ], [ -77.095077, 39.113604 ], [ -77.094969, 39.113877 ], [ -77.093587, 39.114082 ], [ -77.09348, 39.114354 ], [ -77.092902, 39.114364 ], [ -77.092679, 39.114639 ], [ -77.092214, 39.114557 ], [ -77.092093, 39.114379 ], [ -77.091052, 39.114397 ], [ -77.090942, 39.11458 ], [ -77.090711, 39.114584 ], [ -77.090716, 39.114764 ], [ -77.090254, 39.114772 ], [ -77.090259, 39.114952 ], [ -77.090028, 39.114956 ], [ -77.08992, 39.115229 ], [ -77.088541, 39.115524 ], [ -77.088216, 39.11625 ], [ -77.087874, 39.116437 ], [ -77.087893, 39.117067 ], [ -77.087086, 39.117171 ], [ -77.08686, 39.117356 ], [ -77.085473, 39.117381 ], [ -77.085468, 39.1172 ], [ -77.085003, 39.117119 ], [ -77.084787, 39.117663 ], [ -77.084446, 39.117849 ], [ -77.084454, 39.11812 ], [ -77.083758, 39.118042 ], [ -77.083532, 39.118226 ] ] ] } },
{ "type": "Feature", "properties": { "id": "SC20", "sc_id": 20, "area_km2": 0.6035, "downstream_unit": "SC23", "receiving_segment": "R20", "impervious_total": 0.0333, "impervious_connected": 0.0061, "mean_elevation_m": 113.8959, "mean_slope": 0.1705, "control": "" }, "geometry": { "type": "Polygon", "coordinates": [ [ [ -77.123843, 39.116417 ], [ -77.123136, 39.11598 ], [ -77.123004, 39.115441 ], [ -77.12323, 39.115257 ], [ -77.122768, 39.115266 ], [ -77.122647, 39.115088 ], [ -77.122416, 39.115092 ], [ -77.122493, 39.113829 ], [ -77.122835, 39.113643 ], [ -77.122939, 39.11328 ], [ -77.123286, 39.113274 ], [ -77.122923, 39.11274 ], [ -77.123133, 39.112015 ], [ -77.122775, 39.111661 ], [ -77.122767, 39.111391 ], [ -77.122415, 39.111218 ], [ -77.122259, 39.109869 ], [ -77.122025, 39.109783 ], [ -77.122122, 39.109151 ], [ -77.121998, 39.108883 ], [ -77.121646, 39.108709 ], [ -77.121621, 39.107898 ], [ -77.121379, 39.107542 ], [ -77.12149, 39.10736 ], [ -77.122522, 39.107071 ], [ -77.122629, 39.106799 ], [ -77.123548, 39.106602 ], [ -77.123659, 39.10642 ], [ -77.12389, 39.106415 ], [ -77.123884, 39.106235 ], [ -77.124804, 39.106038 ], [ -77.125637, 39.106834 ], [ -77.126677, 39.106815 ], [ -77.126806, 39.107263 ], [ -77.127987, 39.108053 ], [ -77.12868, 39.10804 ], [ -77.128919, 39.108306 ], [ -77.12996, 39.108287 ], [ -77.130667, 39.108724 ], [ -77.131148, 39.109346 ], [ -77.131285, 39.110065 ], [ -77.131637, 39.110238 ], [ -77.131643, 39.110418 ], [ -77.131414, 39.110513 ], [ -77.131557, 39.111411 ], [ -77.131329, 39.111505 ], [ -77.131227, 39.111958 ], [ -77.130995, 39.111962 ], [ -77.130893, 39.112414 ], [ -77.130436, 39.112603 ], [ -77.130213, 39.112877 ], [ -77.130222, 39.113147 ], [ -77.130692, 39.113409 ], [ -77.13059, 39.113861 ], [ -77.130961, 39.114666 ], [ -77.130488, 39.114314 ], [ -77.129792, 39.114236 ], [ -77.129552, 39.11397 ], [ -77.128972, 39.113891 ], [ -77.128735, 39.113715 ], [ -77.12884, 39.113353 ], [ -77.128378, 39.113361 ], [ -77.127577, 39.113646 ], [ -77.127114, 39.113655 ], [ -77.126993, 39.113477 ], [ -77.126762, 39.113481 ], [ -77.126534, 39.113575 ], [ -77.126542, 39.113845 ], [ -77.126203, 39.114122 ], [ -77.125743, 39.11422 ], [ -77.125754, 39.11458 ], [ -77.125416, 39.114857 ], [ -77.125429, 39.115307 ], [ -77.125099, 39.115854 ], [ -77.12441, 39.116047 ], [ -77.12419, 39.116411 ], [ -77.123843, 39.116417 ] ] ] } },
{ "type": "Feature", "properties": { "id": "SC21", "sc_id": 21, "area_km2": 4.1381, "downstream_unit": "SC23", "receiving_segment": "R21", "impervious_total": 0.4986, "impervious_connected": 0.3521, "mean_elevation_m": 130.244, "mean_slope": 0.0734, "control": "" }, "geometry": { "type": "Polygon", "coordinates": [ [ [ -77.158978, 39.111807 ], [ -77.158739, 39.111541 ], [ -77.158271, 39.11137 ], [ -77.15802, 39.110744 ], [ -77.157789, 39.110748 ], [ -77.157679, 39.11093 ], [ -77.156639, 39.11095 ], [ -77.156529, 39.111132 ], [ -77.156066, 39.11114 ], [ -77.155959, 39.111413 ], [ -77.155612, 39.111419 ], [ -77.155607, 39.111239 ], [ -77.155257, 39.111155 ], [ -77.155134, 39.110887 ], [ -77.154787, 39.110894 ], [ -77.154448, 39.11117 ], [ -77.154096, 39.110997 ], [ -77.153865, 39.111001 ], [ -77.15387, 39.111181 ], [ -77.153408, 39.111189 ], [ -77.153279, 39.110741 ], [ -77.152927, 39.110568 ], [ -77.153034, 39.110295 ], [ -77.1528, 39.11021 ], [ -77.152794, 39.11003 ], [ -77.152214, 39.10995 ], [ -77.151509, 39.109603 ], [ -77.148042, 39.109667 ], [ -77.147805, 39.109491 ], [ -77.147459, 39.109497 ], [ -77.147216, 39.109141 ], [ -77.14687, 39.109148 ], [ -77.146617, 39.108432 ], [ -77.146262, 39.108168 ], [ -77.145681, 39.108088 ], [ -77.145557, 39.10782 ], [ -77.144514, 39.10775 ], [ -77.144388, 39.107391 ], [ -77.14345, 39.106958 ], [ -77.14253, 39.107155 ], [ -77.142547, 39.107696 ], [ -77.142093, 39.107974 ], [ -77.14163, 39.107983 ], [ -77.141523, 39.108255 ], [ -77.141292, 39.108259 ], [ -77.1413, 39.108529 ], [ -77.140728, 39.10872 ], [ -77.140733, 39.1089 ], [ -77.140276, 39.109089 ], [ -77.140284, 39.109359 ], [ -77.140059, 39.109543 ], [ -77.139712, 39.10955 ], [ -77.139604, 39.109822 ], [ -77.139373, 39.109826 ], [ -77.139156, 39.110281 ], [ -77.138814, 39.110467 ], [ -77.138823, 39.110737 ], [ -77.138481, 39.110924 ], [ -77.13779, 39.111027 ], [ -77.137785, 39.110846 ], [ -77.136844, 39.110323 ], [ -77.136467, 39.109339 ], [ -77.136236, 39.109343 ], [ -77.135879, 39.108989 ], [ -77.134596, 39.108652 ], [ -77.133091, 39.10859 ], [ -77.132865, 39.108774 ], [ -77.132769, 39.109407 ], [ -77.132089, 39.10987 ], [ -77.132094, 39.11005 ], [ -77.131748, 39.110056 ], [ -77.131522, 39.11024 ], [ -77.131285, 39.110065 ], [ -77.130906, 39.10899 ], [ -77.130193, 39.108373 ], [ -77.128919, 39.108306 ], [ -77.12868, 39.10804 ], [ -77.127987, 39.108053 ], [ -77.126806, 39.107263 ], [ -77.126677, 39.106815 ], [ -77.125637, 39.106834 ], [ -77.125274, 39.1063 ], [ -77.125384, 39.106118 ], [ -77.126766, 39.105912 ], [ -77.127327, 39.105362 ], [ -77.128018, 39.105259 ], [ -77.128354, 39.104892 ], [ -77.129279, 39.104875 ], [ -77.129504, 39.104691 ], [ -77.129496, 39.104421 ], [ -77.129956, 39.104323 ], [ -77.12994, 39.103782 ], [ -77.129708, 39.103786 ], [ -77.129585, 39.103518 ], [ -77.129125, 39.103617 ], [ -77.128889, 39.103441 ], [ -77.128883, 39.103261 ], [ -77.129227, 39.103165 ], [ -77.129203, 39.102354 ], [ -77.129434, 39.10235 ], [ -77.129426, 39.10208 ], [ -77.129192, 39.101994 ], [ -77.129288, 39.101361 ], [ -77.128595, 39.101374 ], [ -77.128563, 39.100293 ], [ -77.128329, 39.100208 ], [ -77.1282, 39.09976 ], [ -77.127732, 39.099588 ], [ -77.128062, 39.099041 ], [ -77.128043, 39.098411 ], [ -77.128968, 39.098394 ], [ -77.129078, 39.098212 ], [ -77.129777, 39.098379 ], [ -77.129901, 39.098647 ], [ -77.130132, 39.098643 ], [ -77.130688, 39.097912 ], [ -77.131263, 39.097811 ], [ -77.13137, 39.097539 ], [ -77.131717, 39.097533 ], [ -77.131712, 39.097353 ], [ -77.132056, 39.097256 ], [ -77.13205, 39.097076 ], [ -77.132394, 39.09698 ], [ -77.132617, 39.096706 ], [ -77.133079, 39.096697 ], [ -77.133203, 39.096965 ], [ -77.133784, 39.097045 ], [ -77.133998, 39.0965 ], [ -77.134692, 39.096487 ], [ -77.134928, 39.096663 ], [ -77.135735, 39.096558 ], [ -77.135842, 39.096286 ], [ -77.136189, 39.09628 ], [ -77.136753, 39.095819 ], [ -77.136984, 39.095815 ], [ -77.13696, 39.095004 ], [ -77.137656, 39.095082 ], [ -77.137865, 39.094357 ], [ -77.138674, 39.094342 ], [ -77.138666, 39.094072 ], [ -77.139469, 39.093877 ], [ -77.139477, 39.094147 ], [ -77.139714, 39.094323 ], [ -77.140058, 39.094227 ], [ -77.140528, 39.094488 ], [ -77.141219, 39.094385 ], [ -77.141455, 39.094561 ], [ -77.141802, 39.094555 ], [ -77.142474, 39.093822 ], [ -77.14282, 39.093815 ], [ -77.142815, 39.093635 ], [ -77.14361, 39.09317 ], [ -77.143712, 39.092718 ], [ -77.144521, 39.092703 ], [ -77.144631, 39.092521 ], [ -77.145437, 39.092416 ], [ -77.145778, 39.092229 ], [ -77.146703, 39.092212 ], [ -77.147506, 39.092017 ], [ -77.148062, 39.091286 ], [ -77.148755, 39.091273 ], [ -77.148876, 39.091451 ], [ -77.149339, 39.091443 ], [ -77.149344, 39.091623 ], [ -77.15004, 39.0917 ], [ -77.150511, 39.091962 ], [ -77.150857, 39.091955 ], [ -77.150978, 39.092133 ], [ -77.152018, 39.092114 ], [ -77.152241, 39.09184 ], [ -77.152472, 39.091836 ], [ -77.152717, 39.092281 ], [ -77.153069, 39.092455 ], [ -77.153196, 39.092813 ], [ -77.153204, 39.093083 ], [ -77.152863, 39.09327 ], [ -77.152755, 39.093542 ], [ -77.153014, 39.094438 ], [ -77.152554, 39.094537 ], [ -77.15256, 39.094717 ], [ -77.152824, 39.095793 ], [ -77.153058, 39.095879 ], [ -77.153333, 39.097316 ], [ -77.15369, 39.097669 ], [ -77.153836, 39.098658 ], [ -77.153957, 39.098836 ], [ -77.154188, 39.098832 ], [ -77.154312, 39.0991 ], [ -77.154543, 39.099095 ], [ -77.154914, 39.099899 ], [ -77.155955, 39.09988 ], [ -77.155935, 39.09925 ], [ -77.156285, 39.099333 ], [ -77.156532, 39.099869 ], [ -77.156436, 39.100502 ], [ -77.156557, 39.10068 ], [ -77.156788, 39.100676 ], [ -77.156582, 39.10149 ], [ -77.157286, 39.101838 ], [ -77.157537, 39.102464 ], [ -77.157886, 39.102547 ], [ -77.158018, 39.103085 ], [ -77.158494, 39.103527 ], [ -77.158502, 39.103797 ], [ -77.158736, 39.103883 ], [ -77.157842, 39.104891 ], [ -77.157856, 39.105341 ], [ -77.158219, 39.105875 ], [ -77.158109, 39.106057 ], [ -77.15834, 39.106053 ], [ -77.158813, 39.106404 ], [ -77.159058, 39.10685 ], [ -77.159405, 39.106844 ], [ -77.159537, 39.107382 ], [ -77.159884, 39.107376 ], [ -77.160709, 39.107901 ], [ -77.161056, 39.107894 ], [ -77.161303, 39.10843 ], [ -77.161535, 39.108426 ], [ -77.161557, 39.109147 ], [ -77.161213, 39.109243 ], [ -77.161114, 39.109785 ], [ -77.160882, 39.10979 ], [ -77.160888, 39.10997 ], [ -77.160431, 39.110159 ], [ -77.160665, 39.110244 ], [ -77.160456, 39.110969 ], [ -77.160924, 39.11114 ], [ -77.161056, 39.111679 ], [ -77.159319, 39.111621 ], [ -77.158978, 39.111807 ] ] ] } },
{ "type": "Feature", "properties": { "id": "SC22", "sc_id": 22, "area_km2": 2.9536, "downstream_unit": "SC24", "receiving_segment": "IN22", "impervious_total": 0.0939, "impervious_connected": 0.0288, "mean_elevation_m": 113.3173, "mean_slope": 0.1016, "control": "01647740;MD00050" }, "geometry": { "type": "Polygon", "coordinates": [ [ [ -77.120152, 39.116755 ], [ -77.120174, 39.117475 ], [ -77.119714, 39.117574 ], [ -77.119604, 39.117756 ], [ -77.119617, 39.118206 ], [ -77.119182, 39.119115 ], [ -77.119193, 39.119475 ], [ -77.117693, 39.119593 ], [ -77.116763, 39.119429 ], [ -77.116768, 39.119609 ], [ -77.116534, 39.119524 ], [ -77.116077, 39.119712 ], [ -77.115838, 39.119446 ], [ -77.115607, 39.11945 ], [ -77.115037, 39.119731 ], [ -77.114227, 39.119746 ], [ -77.113289, 39.119312 ], [ -77.111794, 39.119609 ], [ -77.111684, 39.119792 ], [ -77.111109, 39.119892 ], [ -77.111087, 39.119172 ], [ -77.110735, 39.118998 ], [ -77.110612, 39.11873 ], [ -77.11038, 39.118734 ], [ -77.110251, 39.118286 ], [ -77.11002, 39.11829 ], [ -77.109899, 39.118112 ], [ -77.108972, 39.118039 ], [ -77.108827, 39.11705 ], [ -77.107318, 39.116897 ], [ -77.106848, 39.116636 ], [ -77.106843, 39.116456 ], [ -77.106375, 39.116284 ], [ -77.105453, 39.116391 ], [ -77.105445, 39.11612 ], [ -77.105792, 39.116114 ], [ -77.10613, 39.115838 ], [ -77.106114, 39.115297 ], [ -77.10634, 39.115113 ], [ -77.106216, 39.114845 ], [ -77.106665, 39.114386 ], [ -77.106539, 39.114028 ], [ -77.106768, 39.113934 ], [ -77.106867, 39.113392 ], [ -77.107098, 39.113388 ], [ -77.107321, 39.113113 ], [ -77.107087, 39.113027 ], [ -77.107198, 39.112845 ], [ -77.106964, 39.112759 ], [ -77.106717, 39.112223 ], [ -77.10637, 39.112229 ], [ -77.106249, 39.112051 ], [ -77.106359, 39.111869 ], [ -77.106104, 39.111063 ], [ -77.105523, 39.110983 ], [ -77.104835, 39.111176 ], [ -77.10483, 39.110996 ], [ -77.104362, 39.110824 ], [ -77.104346, 39.110284 ], [ -77.103991, 39.11002 ], [ -77.104193, 39.109025 ], [ -77.10415, 39.107584 ], [ -77.104601, 39.107216 ], [ -77.10458, 39.106495 ], [ -77.104806, 39.106311 ], [ -77.104792, 39.105861 ], [ -77.104215, 39.105871 ], [ -77.104432, 39.105417 ], [ -77.104311, 39.105239 ], [ -77.10454, 39.105145 ], [ -77.104645, 39.104782 ], [ -77.104991, 39.104776 ], [ -77.104981, 39.104416 ], [ -77.105435, 39.104137 ], [ -77.10543, 39.103957 ], [ -77.105198, 39.103961 ], [ -77.105193, 39.103781 ], [ -77.104844, 39.103698 ], [ -77.104828, 39.103157 ], [ -77.104478, 39.103073 ], [ -77.104003, 39.102632 ], [ -77.103656, 39.102638 ], [ -77.103435, 39.103002 ], [ -77.102858, 39.103013 ], [ -77.102495, 39.102479 ], [ -77.101912, 39.102309 ], [ -77.10167, 39.101953 ], [ -77.101764, 39.10123 ], [ -77.101409, 39.100966 ], [ -77.101748, 39.10069 ], [ -77.102213, 39.100772 ], [ -77.102205, 39.100502 ], [ -77.102898, 39.100489 ], [ -77.103019, 39.100667 ], [ -77.103248, 39.100573 ], [ -77.103347, 39.100031 ], [ -77.103116, 39.100035 ], [ -77.103218, 39.099582 ], [ -77.102982, 39.099406 ], [ -77.103213, 39.099402 ], [ -77.103207, 39.099222 ], [ -77.103439, 39.099218 ], [ -77.103546, 39.098946 ], [ -77.104006, 39.098847 ], [ -77.104127, 39.099025 ], [ -77.104473, 39.099019 ], [ -77.104597, 39.099287 ], [ -77.10575, 39.099176 ], [ -77.105258, 39.098194 ], [ -77.105938, 39.097731 ], [ -77.106169, 39.097727 ], [ -77.106277, 39.097455 ], [ -77.106857, 39.097534 ], [ -77.106965, 39.097262 ], [ -77.10858, 39.097143 ], [ -77.108806, 39.096959 ], [ -77.109273, 39.09713 ], [ -77.109849, 39.09703 ], [ -77.11012, 39.098376 ], [ -77.110467, 39.09837 ], [ -77.110937, 39.098632 ], [ -77.110948, 39.098992 ], [ -77.111418, 39.099254 ], [ -77.111542, 39.099522 ], [ -77.112004, 39.099514 ], [ -77.11223, 39.099329 ], [ -77.112474, 39.099775 ], [ -77.11213, 39.099872 ], [ -77.112146, 39.100412 ], [ -77.112383, 39.100588 ], [ -77.113074, 39.100485 ], [ -77.113084, 39.100845 ], [ -77.113893, 39.100831 ], [ -77.113899, 39.101011 ], [ -77.11413, 39.101007 ], [ -77.114358, 39.100912 ], [ -77.114353, 39.100732 ], [ -77.115044, 39.10063 ], [ -77.115151, 39.100357 ], [ -77.116764, 39.100148 ], [ -77.117008, 39.100594 ], [ -77.117027, 39.101224 ], [ -77.117506, 39.101756 ], [ -77.117167, 39.102033 ], [ -77.11742, 39.102749 ], [ -77.117882, 39.102741 ], [ -77.118011, 39.103189 ], [ -77.118363, 39.103363 ], [ -77.118258, 39.103725 ], [ -77.118495, 39.103901 ], [ -77.118506, 39.104261 ], [ -77.119215, 39.104789 ], [ -77.120143, 39.104862 ], [ -77.120046, 39.105494 ], [ -77.12028, 39.10558 ], [ -77.120431, 39.106749 ], [ -77.120904, 39.1071 ], [ -77.120909, 39.107281 ], [ -77.121487, 39.10727 ], [ -77.121382, 39.107632 ], [ -77.121621, 39.107898 ], [ -77.121646, 39.108709 ], [ -77.121998, 39.108883 ], [ -77.122122, 39.109151 ], [ -77.122025, 39.109783 ], [ -77.122259, 39.109869 ], [ -77.122289, 39.110859 ], [ -77.122415, 39.111218 ], [ -77.122767, 39.111391 ], [ -77.122775, 39.111661 ], [ -77.123133, 39.112015 ], [ -77.122923, 39.11274 ], [ -77.123286, 39.113274 ], [ -77.122939, 39.11328 ], [ -77.122835, 39.113643 ], [ -77.122493, 39.113829 ], [ -77.122418, 39.115182 ], [ -77.121725, 39.115194 ], [ -77.121614, 39.115377 ], [ -77.121268, 39.115383 ], [ -77.121182, 39.116376 ], [ -77.120502, 39.116838 ], [ -77.120152, 39.116755 ] ], [ [ -77.120152, 39.116755 ], [ -77.120034, 39.116667 ], [ -77.120037, 39.116757 ], [ -77.120152, 39.116755 ] ] ] } },
{ "type": "Feature", "properties": { "id": "SC23", "sc_id": 23, "area_km2": 0.6719, "downstream_unit": "SC24", "receiving_segment": "R23", "impervious_total": 0.0837, "impervious_connected": 0.0242, "mean_elevation_m": 111.6177, "mean_slope": 0.1606, "control": "" }, "geometry": { "type": "Polygon", "coordinates": [ [ [ -77.12149, 39.10736 ], [ -77.121369, 39.107182 ], [ -77.120909, 39.107281 ], [ -77.120904, 39.1071 ], [ -77.120431, 39.106749 ], [ -77.12028, 39.10558 ], [ -77.120046, 39.105494 ], [ -77.120143, 39.104862 ], [ -77.120952, 39.104847 ], [ -77.120941, 39.104487 ], [ -77.121172, 39.104483 ], [ -77.121282, 39.104301 ], [ -77.121637, 39.104564 ], [ -77.123024, 39.104539 ], [ -77.123365, 39.104353 ], [ -77.123465, 39.10381 ], [ -77.123223, 39.103454 ], [ -77.122992, 39.103458 ], [ -77.122752, 39.103193 ], [ -77.122285, 39.103021 ], [ -77.122147, 39.102303 ], [ -77.120763, 39.102418 ], [ -77.120527, 39.102242 ], [ -77.120516, 39.101882 ], [ -77.120282, 39.101796 ], [ -77.120277, 39.101616 ], [ -77.120731, 39.101337 ], [ -77.121193, 39.101329 ], [ -77.121532, 39.101052 ], [ -77.122454, 39.100946 ], [ -77.122679, 39.100761 ], [ -77.123599, 39.100564 ], [ -77.123811, 39.09993 ], [ -77.124155, 39.099833 ], [ -77.124251, 39.099201 ], [ -77.124015, 39.099025 ], [ -77.124004, 39.098665 ], [ -77.123773, 39.098669 ], [ -77.123644, 39.098221 ], [ -77.123292, 39.098047 ], [ -77.123386, 39.097325 ], [ -77.123617, 39.09732 ], [ -77.123713, 39.096688 ], [ -77.123939, 39.096504 ], [ -77.123243, 39.096426 ], [ -77.122888, 39.096162 ], [ -77.122754, 39.095534 ], [ -77.12298, 39.09535 ], [ -77.12263, 39.095266 ], [ -77.122622, 39.094996 ], [ -77.124119, 39.094788 ], [ -77.123982, 39.09407 ], [ -77.124318, 39.093704 ], [ -77.12431, 39.093433 ], [ -77.124546, 39.093609 ], [ -77.12489, 39.093513 ], [ -77.125011, 39.093691 ], [ -77.125702, 39.093588 ], [ -77.125949, 39.094124 ], [ -77.12618, 39.09412 ], [ -77.126323, 39.095019 ], [ -77.126554, 39.095014 ], [ -77.126793, 39.09528 ], [ -77.126683, 39.095462 ], [ -77.127387, 39.09581 ], [ -77.127406, 39.09644 ], [ -77.127755, 39.096524 ], [ -77.127995, 39.09679 ], [ -77.128159, 39.098409 ], [ -77.128062, 39.099041 ], [ -77.127732, 39.099588 ], [ -77.1282, 39.09976 ], [ -77.128208, 39.10003 ], [ -77.128563, 39.100293 ], [ -77.128595, 39.101374 ], [ -77.129288, 39.101361 ], [ -77.129192, 39.101994 ], [ -77.129426, 39.10208 ], [ -77.129434, 39.10235 ], [ -77.129203, 39.102354 ], [ -77.129227, 39.103165 ], [ -77.128996, 39.103169 ], [ -77.128889, 39.103441 ], [ -77.129125, 39.103617 ], [ -77.129585, 39.103518 ], [ -77.12959, 39.103698 ], [ -77.12994, 39.103782 ], [ -77.129956, 39.104323 ], [ -77.129496, 39.104421 ], [ -77.129504, 39.104691 ], [ -77.129279, 39.104875 ], [ -77.128354, 39.104892 ], [ -77.128018, 39.105259 ], [ -77.127327, 39.105362 ], [ -77.126766, 39.105912 ], [ -77.125384, 39.106118 ], [ -77.125395, 39.106478 ], [ -77.124804, 39.106038 ], [ -77.124572, 39.106043 ], [ -77.124347, 39.106227 ], [ -77.123884, 39.106235 ], [ -77.12389, 39.106415 ], [ -77.123659, 39.10642 ], [ -77.123548, 39.106602 ], [ -77.122629, 39.106799 ], [ -77.122522, 39.107071 ], [ -77.122291, 39.107075 ], [ -77.12218, 39.107257 ], [ -77.12149, 39.10736 ] ] ] } },
{ "type": "Feature", "properties": { "id": "SC24", "sc_id": 24, "area_km2": 1.3931, "downstream_unit": "SC26", "receiving_segment": "R24", "impervious_total": 0.1459, "impervious_connected": 0.0557, "mean_elevation_m": 103.4794, "mean_slope": 0.1289, "control": "" }, "geometry": { "type": "Polygon", "coordinates": [ [ [ -77.120836, 39.104849 ], [ -77.119215, 39.104789 ], [ -77.118506, 39.104261 ], [ -77.118495, 39.103901 ], [ -77.118258, 39.103725 ], [ -77.118363, 39.103363 ], [ -77.118011, 39.103189 ], [ -77.117882, 39.102741 ], [ -77.11742, 39.102749 ], [ -77.117412, 39.102479 ], [ -77.117178, 39.102393 ], [ -77.117167, 39.102033 ], [ -77.117506, 39.101756 ], [ -77.117027, 39.101224 ], [ -77.117008, 39.100594 ], [ -77.116764, 39.100148 ], [ -77.115151, 39.100357 ], [ -77.115044, 39.10063 ], [ -77.114353, 39.100732 ], [ -77.114358, 39.100912 ], [ -77.11413, 39.101007 ], [ -77.113899, 39.101011 ], [ -77.113893, 39.100831 ], [ -77.113084, 39.100845 ], [ -77.113074, 39.100485 ], [ -77.112383, 39.100588 ], [ -77.112146, 39.100412 ], [ -77.11213, 39.099872 ], [ -77.112474, 39.099775 ], [ -77.112469, 39.099595 ], [ -77.112235, 39.099509 ], [ -77.11223, 39.099329 ], [ -77.112004, 39.099514 ], [ -77.111542, 39.099522 ], [ -77.111418, 39.099254 ], [ -77.110948, 39.098992 ], [ -77.110937, 39.098632 ], [ -77.110467, 39.09837 ], [ -77.11012, 39.098376 ], [ -77.109849, 39.09703 ], [ -77.109273, 39.09713 ], [ -77.108806, 39.096959 ], [ -77.10858, 39.097143 ], [ -77.106965, 39.097262 ], [ -77.106857, 39.097534 ], [ -77.106277, 39.097455 ], [ -77.106169, 39.097727 ], [ -77.105938, 39.097731 ], [ -77.105258, 39.098194 ], [ -77.105508, 39.09882 ], [ -77.105745, 39.098996 ], [ -77.10575, 39.099176 ], [ -77.10529, 39.099275 ], [ -77.104597, 39.099287 ], [ -77.104473, 39.099019 ], [ -77.104127, 39.099025 ], [ -77.104006, 39.098847 ], [ -77.103662, 39.098944 ], [ -77.103422, 39.098678 ], [ -77.103288, 39.098049 ], [ -77.103748, 39.097951 ], [ -77.104086, 39.097675 ], [ -77.104664, 39.097664 ], [ -77.105003, 39.097388 ], [ -77.104992, 39.097028 ], [ -77.105221, 39.096933 ], [ -77.105086, 39.096305 ], [ -77.105312, 39.096121 ], [ -77.106355, 39.096192 ], [ -77.10646, 39.09583 ], [ -77.106218, 39.095474 ], [ -77.106202, 39.094933 ], [ -77.107223, 39.094284 ], [ -77.108142, 39.094087 ], [ -77.108612, 39.094349 ], [ -77.109303, 39.094247 ], [ -77.109542, 39.094513 ], [ -77.111045, 39.094485 ], [ -77.111281, 39.094661 ], [ -77.111966, 39.094379 ], [ -77.112077, 39.094196 ], [ -77.112773, 39.094274 ], [ -77.112993, 39.093909 ], [ -77.11345, 39.093721 ], [ -77.113893, 39.093082 ], [ -77.114347, 39.092804 ], [ -77.114105, 39.092448 ], [ -77.114089, 39.091907 ], [ -77.114307, 39.091453 ], [ -77.114761, 39.091174 ], [ -77.115336, 39.091074 ], [ -77.115328, 39.090804 ], [ -77.116833, 39.090867 ], [ -77.117072, 39.091132 ], [ -77.117771, 39.0913 ], [ -77.118464, 39.091287 ], [ -77.119031, 39.090917 ], [ -77.120308, 39.091074 ], [ -77.121576, 39.09096 ], [ -77.122046, 39.091222 ], [ -77.121942, 39.091585 ], [ -77.122417, 39.092026 ], [ -77.122995, 39.092016 ], [ -77.123232, 39.092192 ], [ -77.124162, 39.092355 ], [ -77.124183, 39.093075 ], [ -77.124425, 39.093431 ], [ -77.123982, 39.09407 ], [ -77.124119, 39.094788 ], [ -77.122622, 39.094996 ], [ -77.12263, 39.095266 ], [ -77.12298, 39.09535 ], [ -77.122754, 39.095534 ], [ -77.122888, 39.096162 ], [ -77.123243, 39.096426 ], [ -77.123939, 39.096504 ], [ -77.123713, 39.096688 ], [ -77.123617, 39.09732 ], [ -77.123386, 39.097325 ], [ -77.123292, 39.098047 ], [ -77.123644, 39.098221 ], [ -77.123773, 39.098669 ], [ -77.124004, 39.098665 ], [ -77.124262, 39.099561 ], [ -77.124155, 39.099833 ], [ -77.123811, 39.09993 ], [ -77.123599, 39.100564 ], [ -77.123252, 39.100571 ], [ -77.123142, 39.100753 ], [ -77.122679, 39.100761 ], [ -77.122454, 39.100946 ], [ -77.121532, 39.101052 ], [ -77.121193, 39.101329 ], [ -77.120731, 39.101337 ], [ -77.120277, 39.101616 ], [ -77.120282, 39.101796 ], [ -77.120516, 39.101882 ], [ -77.120527, 39.102242 ], [ -77.120763, 39.102418 ], [ -77.122147, 39.102303 ], [ -77.122285, 39.103021 ], [ -77.122752, 39.103193 ], [ -77.122992, 39.103458 ], [ -77.123223, 39.103454 ], [ -77.123465, 39.10381 ], [ -77.123476, 39.10417 ], [ -77.123024, 39.104539 ], [ -77.121637, 39.104564 ], [ -77.121282, 39.104301 ], [ -77.121172, 39.104483 ], [ -77.120941, 39.104487 ], [ -77.120836, 39.104849 ] ] ] } },
{ "type": "Feature", "properties": { "id": "SC25", "sc_id": 25, "area_km2": 4.6072, "downstream_unit": "SC26", "receiving_segment": "R25", "impervious_total": 0.4095, "impervious_connected": 0.2621, "mean_elevation_m": 122.4202, "mean_slope": 0.075, "control": "" }, "geometry": { "type": "Polygon", "coordinates": [ [ [ -77.129901, 39.098647 ], [ -77.129777, 39.098379 ], [ -77.129078, 39.098212 ], [ -77.128968, 39.098394 ], [ -77.128041, 39.098321 ], [ -77.128121, 39.097148 ], [ -77.127874, 39.096612 ], [ -77.127406, 39.09644 ], [ -77.127387, 39.09581 ], [ -77.127038, 39.095726 ], [ -77.126683, 39.095462 ], [ -77.126672, 39.095102 ], [ -77.126323, 39.095019 ], [ -77.12618, 39.09412 ], [ -77.125949, 39.094124 ], [ -77.12582, 39.093676 ], [ -77.125011, 39.093691 ], [ -77.12489, 39.093513 ], [ -77.124428, 39.093521 ], [ -77.124183, 39.093075 ], [ -77.124162, 39.092355 ], [ -77.123232, 39.092192 ], [ -77.122995, 39.092016 ], [ -77.122417, 39.092026 ], [ -77.121942, 39.091585 ], [ -77.122046, 39.091222 ], [ -77.121576, 39.09096 ], [ -77.120308, 39.091074 ], [ -77.119031, 39.090917 ], [ -77.118464, 39.091287 ], [ -77.117771, 39.0913 ], [ -77.117072, 39.091132 ], [ -77.116833, 39.090867 ], [ -77.115793, 39.090885 ], [ -77.115672, 39.090707 ], [ -77.115777, 39.090345 ], [ -77.116124, 39.090339 ], [ -77.116347, 39.090064 ], [ -77.116312, 39.088894 ], [ -77.116876, 39.088433 ], [ -77.117916, 39.088414 ], [ -77.118601, 39.088131 ], [ -77.119063, 39.088123 ], [ -77.119173, 39.087941 ], [ -77.119404, 39.087937 ], [ -77.119396, 39.087666 ], [ -77.119627, 39.087662 ], [ -77.119732, 39.0873 ], [ -77.120184, 39.086931 ], [ -77.119934, 39.086305 ], [ -77.119703, 39.086309 ], [ -77.119697, 39.086129 ], [ -77.119345, 39.085955 ], [ -77.119324, 39.085235 ], [ -77.118851, 39.084883 ], [ -77.11906, 39.084159 ], [ -77.119401, 39.083972 ], [ -77.119509, 39.0837 ], [ -77.119366, 39.082802 ], [ -77.11971, 39.082705 ], [ -77.119928, 39.082251 ], [ -77.120274, 39.082245 ], [ -77.120492, 39.08179 ], [ -77.120484, 39.08152 ], [ -77.119896, 39.08117 ], [ -77.1201, 39.080265 ], [ -77.120331, 39.080261 ], [ -77.120202, 39.079813 ], [ -77.120653, 39.079445 ], [ -77.120648, 39.079264 ], [ -77.121451, 39.07907 ], [ -77.121674, 39.078795 ], [ -77.122029, 39.079059 ], [ -77.12216, 39.079597 ], [ -77.122741, 39.079677 ], [ -77.123431, 39.079574 ], [ -77.123652, 39.07921 ], [ -77.124345, 39.079197 ], [ -77.124337, 39.078927 ], [ -77.124672, 39.07856 ], [ -77.125938, 39.078357 ], [ -77.126174, 39.078533 ], [ -77.126403, 39.078439 ], [ -77.126408, 39.078619 ], [ -77.126639, 39.078615 ], [ -77.126763, 39.078883 ], [ -77.127115, 39.079056 ], [ -77.128039, 39.07904 ], [ -77.128034, 39.07886 ], [ -77.128617, 39.079029 ], [ -77.130119, 39.079002 ], [ -77.130355, 39.079178 ], [ -77.130702, 39.079171 ], [ -77.13071, 39.079441 ], [ -77.131057, 39.079435 ], [ -77.13165, 39.079965 ], [ -77.132344, 39.079952 ], [ -77.132814, 39.080214 ], [ -77.133276, 39.080205 ], [ -77.133397, 39.080383 ], [ -77.134203, 39.080278 ], [ -77.134652, 39.07982 ], [ -77.13535, 39.079987 ], [ -77.135579, 39.079893 ], [ -77.136877, 39.08077 ], [ -77.138263, 39.080745 ], [ -77.138269, 39.080925 ], [ -77.1385, 39.08092 ], [ -77.138505, 39.081101 ], [ -77.138736, 39.081096 ], [ -77.139091, 39.08136 ], [ -77.139462, 39.082164 ], [ -77.140736, 39.082231 ], [ -77.140843, 39.081959 ], [ -77.141539, 39.082036 ], [ -77.141993, 39.081757 ], [ -77.142455, 39.081749 ], [ -77.142923, 39.08192 ], [ -77.142928, 39.0821 ], [ -77.143401, 39.082452 ], [ -77.1441, 39.08262 ], [ -77.144664, 39.082159 ], [ -77.144537, 39.081801 ], [ -77.144881, 39.081704 ], [ -77.145464, 39.081874 ], [ -77.145481, 39.082414 ], [ -77.145712, 39.08241 ], [ -77.146185, 39.082761 ], [ -77.146322, 39.08348 ], [ -77.146784, 39.083471 ], [ -77.147005, 39.083107 ], [ -77.147695, 39.083004 ], [ -77.147934, 39.08327 ], [ -77.148163, 39.083175 ], [ -77.148399, 39.083351 ], [ -77.148746, 39.083345 ], [ -77.149109, 39.083879 ], [ -77.149802, 39.083866 ], [ -77.149808, 39.084046 ], [ -77.150157, 39.08413 ], [ -77.151194, 39.084021 ], [ -77.151417, 39.083746 ], [ -77.152116, 39.083913 ], [ -77.152237, 39.084091 ], [ -77.153048, 39.084166 ], [ -77.153285, 39.084342 ], [ -77.154316, 39.084053 ], [ -77.154798, 39.084675 ], [ -77.155609, 39.08475 ], [ -77.155733, 39.085018 ], [ -77.156319, 39.085277 ], [ -77.157356, 39.085168 ], [ -77.157595, 39.085434 ], [ -77.157945, 39.085517 ], [ -77.158429, 39.086229 ], [ -77.158776, 39.086223 ], [ -77.158454, 39.08704 ], [ -77.157417, 39.087149 ], [ -77.157199, 39.087604 ], [ -77.15685, 39.08752 ], [ -77.156514, 39.087887 ], [ -77.156426, 39.088789 ], [ -77.155964, 39.088798 ], [ -77.155892, 39.090241 ], [ -77.157078, 39.09121 ], [ -77.157086, 39.09148 ], [ -77.156858, 39.091574 ], [ -77.156863, 39.091754 ], [ -77.156517, 39.091761 ], [ -77.156522, 39.091941 ], [ -77.155732, 39.092586 ], [ -77.155388, 39.092683 ], [ -77.155171, 39.093137 ], [ -77.154013, 39.093068 ], [ -77.153905, 39.093341 ], [ -77.152978, 39.093268 ], [ -77.153204, 39.093083 ], [ -77.153196, 39.092813 ], [ -77.153069, 39.092455 ], [ -77.152717, 39.092281 ], [ -77.152472, 39.091836 ], [ -77.152241, 39.09184 ], [ -77.152018, 39.092114 ], [ -77.150978, 39.092133 ], [ -77.150857, 39.091955 ], [ -77.149344, 39.091623 ], [ -77.149339, 39.091443 ], [ -77.148876, 39.091451 ], [ -77.148755, 39.091273 ], [ -77.148062, 39.091286 ], [ -77.147506, 39.092017 ], [ -77.146703, 39.092212 ], [ -77.145778, 39.092229 ], [ -77.145437, 39.092416 ], [ -77.144631, 39.092521 ], [ -77.144521, 39.092703 ], [ -77.143712, 39.092718 ], [ -77.14361, 39.09317 ], [ -77.143159, 39.093539 ], [ -77.142928, 39.093543 ], [ -77.14282, 39.093815 ], [ -77.142474, 39.093822 ], [ -77.141802, 39.094555 ], [ -77.141455, 39.094561 ], [ -77.141219, 39.094385 ], [ -77.140528, 39.094488 ], [ -77.140058, 39.094227 ], [ -77.139714, 39.094323 ], [ -77.139477, 39.094147 ], [ -77.139469, 39.093877 ], [ -77.138666, 39.094072 ], [ -77.138674, 39.094342 ], [ -77.138093, 39.094263 ], [ -77.137755, 39.094539 ], [ -77.137656, 39.095082 ], [ -77.13696, 39.095004 ], [ -77.136984, 39.095815 ], [ -77.136753, 39.095819 ], [ -77.136417, 39.096185 ], [ -77.135842, 39.096286 ], [ -77.135735, 39.096558 ], [ -77.134928, 39.096663 ], [ -77.134692, 39.096487 ], [ -77.133998, 39.0965 ], [ -77.133784, 39.097045 ], [ -77.133203, 39.096965 ], [ -77.133079, 39.096697 ], [ -77.132617, 39.096706 ], [ -77.132394, 39.09698 ], [ -77.13205, 39.097076 ], [ -77.132056, 39.097256 ], [ -77.131712, 39.097353 ], [ -77.131717, 39.097533 ], [ -77.13137, 39.097539 ], [ -77.131263, 39.097811 ], [ -77.130688, 39.097912 ], [ -77.130245, 39.098551 ], [ -77.129901, 39.098647 ] ] ] } },
{ "type": "Feature", "properties": { "id": "SC26", "sc_id": 26, "area_km2": 1.2026, "downstream_unit": "SC29", "receiving_segment": "R26", "impervious_total": 0.2839, "impervious_connected": 0.1513, "mean_elevation_m": 96.7925, "mean_slope": 0.0916, "control": "" }, "geometry": { "type": "Polygon", "coordinates": [ [ [ -77.111281, 39.094661 ], [ -77.111045, 39.094485 ], [ -77.109542, 39.094513 ], [ -77.109306, 39.094337 ], [ -77.109298, 39.094067 ], [ -77.109067, 39.094071 ], [ -77.109268, 39.093076 ], [ -77.109838, 39.092795 ], [ -77.10983, 39.092525 ], [ -77.109593, 39.092349 ], [ -77.109685, 39.091537 ], [ -77.108989, 39.091459 ], [ -77.108983, 39.091279 ], [ -77.108634, 39.091195 ], [ -77.108629, 39.091015 ], [ -77.108398, 39.091019 ], [ -77.108376, 39.090299 ], [ -77.108137, 39.090033 ], [ -77.108365, 39.089939 ], [ -77.108355, 39.089579 ], [ -77.109045, 39.089476 ], [ -77.109258, 39.088841 ], [ -77.109494, 39.089017 ], [ -77.109835, 39.088831 ], [ -77.109822, 39.088381 ], [ -77.11005, 39.088287 ], [ -77.109696, 39.088023 ], [ -77.109233, 39.088031 ], [ -77.108758, 39.087589 ], [ -77.108527, 39.087593 ], [ -77.108511, 39.087053 ], [ -77.108277, 39.086967 ], [ -77.108247, 39.085977 ], [ -77.108581, 39.08552 ], [ -77.108406, 39.083541 ], [ -77.108511, 39.083179 ], [ -77.108742, 39.083175 ], [ -77.108608, 39.082546 ], [ -77.108952, 39.08245 ], [ -77.108938, 39.082 ], [ -77.109282, 39.081903 ], [ -77.109277, 39.081723 ], [ -77.109731, 39.081445 ], [ -77.10994, 39.08072 ], [ -77.110744, 39.080525 ], [ -77.110736, 39.080255 ], [ -77.111311, 39.080155 ], [ -77.111531, 39.07979 ], [ -77.11188, 39.079874 ], [ -77.112224, 39.079778 ], [ -77.112219, 39.079598 ], [ -77.113141, 39.079491 ], [ -77.113476, 39.079124 ], [ -77.113936, 39.079026 ], [ -77.114167, 39.079022 ], [ -77.114524, 39.079376 ], [ -77.115102, 39.079365 ], [ -77.115094, 39.079095 ], [ -77.115441, 39.079089 ], [ -77.115919, 39.079621 ], [ -77.116848, 39.079784 ], [ -77.116857, 39.080054 ], [ -77.117676, 39.0804 ], [ -77.118154, 39.080932 ], [ -77.11885, 39.081009 ], [ -77.119533, 39.080636 ], [ -77.119896, 39.08117 ], [ -77.120484, 39.08152 ], [ -77.120274, 39.082245 ], [ -77.119928, 39.082251 ], [ -77.11971, 39.082705 ], [ -77.119366, 39.082802 ], [ -77.119509, 39.0837 ], [ -77.119401, 39.083972 ], [ -77.11906, 39.084159 ], [ -77.118851, 39.084883 ], [ -77.119324, 39.085235 ], [ -77.119345, 39.085955 ], [ -77.119697, 39.086129 ], [ -77.119703, 39.086309 ], [ -77.119934, 39.086305 ], [ -77.120184, 39.086931 ], [ -77.119732, 39.0873 ], [ -77.119627, 39.087662 ], [ -77.119396, 39.087666 ], [ -77.119404, 39.087937 ], [ -77.119173, 39.087941 ], [ -77.119063, 39.088123 ], [ -77.118601, 39.088131 ], [ -77.117916, 39.088414 ], [ -77.116876, 39.088433 ], [ -77.116312, 39.088894 ], [ -77.116236, 39.090247 ], [ -77.115777, 39.090345 ], [ -77.11579, 39.090795 ], [ -77.115328, 39.090804 ], [ -77.115336, 39.091074 ], [ -77.114761, 39.091174 ], [ -77.114197, 39.091635 ], [ -77.114237, 39.092986 ], [ -77.113893, 39.093082 ], [ -77.113676, 39.093537 ], [ -77.113219, 39.093725 ], [ -77.112773, 39.094274 ], [ -77.112077, 39.094196 ], [ -77.111966, 39.094379 ], [ -77.111281, 39.094661 ] ] ] } },
{ "type": "Feature", "properties": { "id": "SC27", "sc_id": 27, "area_km2": 4.1064, "downstream_unit": "SC29", "receiving_segment": "R27", "impervious_total": 0.2805, "impervious_connected": 0.1485, "mean_elevation_m": 118.5534, "mean_slope": 0.0716, "control": "" }, "geometry": { "type": "Polygon", "coordinates": [ [ [ -77.081581, 39.103034 ], [ -77.081342, 39.102768 ], [ -77.078799, 39.102814 ], [ -77.078439, 39.10237 ], [ -77.078431, 39.102099 ], [ -77.077969, 39.102108 ], [ -77.077614, 39.101844 ], [ -77.07783, 39.101299 ], [ -77.078058, 39.101205 ], [ -77.078153, 39.100483 ], [ -77.078602, 39.100024 ], [ -77.078591, 39.099664 ], [ -77.078935, 39.099568 ], [ -77.079266, 39.099021 ], [ -77.079615, 39.099105 ], [ -77.079954, 39.098829 ], [ -77.079941, 39.098378 ], [ -77.080282, 39.098192 ], [ -77.080272, 39.097832 ], [ -77.080498, 39.097648 ], [ -77.080122, 39.096663 ], [ -77.079541, 39.096583 ], [ -77.079877, 39.096217 ], [ -77.079864, 39.095767 ], [ -77.07963, 39.095681 ], [ -77.079383, 39.095145 ], [ -77.079365, 39.094514 ], [ -77.079596, 39.09451 ], [ -77.079693, 39.093878 ], [ -77.079916, 39.093603 ], [ -77.079777, 39.092795 ], [ -77.080239, 39.092787 ], [ -77.080226, 39.092337 ], [ -77.081037, 39.092412 ], [ -77.081032, 39.092232 ], [ -77.081833, 39.091947 ], [ -77.082164, 39.091401 ], [ -77.082849, 39.091118 ], [ -77.08412, 39.091096 ], [ -77.084228, 39.090823 ], [ -77.084688, 39.090725 ], [ -77.084795, 39.090453 ], [ -77.085026, 39.090449 ], [ -77.085136, 39.090267 ], [ -77.085599, 39.090258 ], [ -77.085588, 39.089898 ], [ -77.085819, 39.089894 ], [ -77.086155, 39.089528 ], [ -77.086736, 39.089607 ], [ -77.086744, 39.089877 ], [ -77.087098, 39.090141 ], [ -77.087897, 39.089767 ], [ -77.08798, 39.088684 ], [ -77.088324, 39.088588 ], [ -77.088432, 39.088316 ], [ -77.088778, 39.088309 ], [ -77.088768, 39.087949 ], [ -77.089569, 39.087664 ], [ -77.089427, 39.086766 ], [ -77.089193, 39.08668 ], [ -77.089187, 39.0865 ], [ -77.088838, 39.086416 ], [ -77.088833, 39.086236 ], [ -77.088478, 39.085972 ], [ -77.08847, 39.085702 ], [ -77.088701, 39.085698 ], [ -77.088906, 39.084793 ], [ -77.089132, 39.084609 ], [ -77.088885, 39.084073 ], [ -77.089462, 39.084062 ], [ -77.089589, 39.08442 ], [ -77.089938, 39.084504 ], [ -77.090607, 39.083681 ], [ -77.090846, 39.083947 ], [ -77.091308, 39.083939 ], [ -77.091314, 39.084119 ], [ -77.091666, 39.084293 ], [ -77.092356, 39.084191 ], [ -77.092595, 39.084457 ], [ -77.09421, 39.084338 ], [ -77.094216, 39.084518 ], [ -77.094449, 39.084604 ], [ -77.095143, 39.084591 ], [ -77.095495, 39.084765 ], [ -77.096183, 39.084572 ], [ -77.09665, 39.084744 ], [ -77.096989, 39.084468 ], [ -77.096983, 39.084288 ], [ -77.09744, 39.084099 ], [ -77.098252, 39.084175 ], [ -77.09848, 39.084081 ], [ -77.098475, 39.0839 ], [ -77.099281, 39.083796 ], [ -77.099388, 39.083524 ], [ -77.099851, 39.083515 ], [ -77.099961, 39.083333 ], [ -77.10088, 39.083136 ], [ -77.101213, 39.08268 ], [ -77.101675, 39.082671 ], [ -77.101914, 39.082937 ], [ -77.102492, 39.082927 ], [ -77.102613, 39.083105 ], [ -77.102952, 39.082829 ], [ -77.103414, 39.08282 ], [ -77.103535, 39.082998 ], [ -77.104685, 39.082797 ], [ -77.104926, 39.083153 ], [ -77.106082, 39.083133 ], [ -77.106762, 39.08267 ], [ -77.107802, 39.082651 ], [ -77.108146, 39.082555 ], [ -77.10814, 39.082375 ], [ -77.108371, 39.08237 ], [ -77.108495, 39.082638 ], [ -77.108726, 39.082634 ], [ -77.108742, 39.083175 ], [ -77.108511, 39.083179 ], [ -77.108406, 39.083541 ], [ -77.108581, 39.08552 ], [ -77.108247, 39.085977 ], [ -77.108277, 39.086967 ], [ -77.108511, 39.087053 ], [ -77.108527, 39.087593 ], [ -77.108758, 39.087589 ], [ -77.109233, 39.088031 ], [ -77.109696, 39.088023 ], [ -77.11005, 39.088287 ], [ -77.109822, 39.088381 ], [ -77.109835, 39.088831 ], [ -77.10961, 39.089015 ], [ -77.109258, 39.088841 ], [ -77.109045, 39.089476 ], [ -77.108355, 39.089579 ], [ -77.108365, 39.089939 ], [ -77.108137, 39.090033 ], [ -77.108376, 39.090299 ], [ -77.108398, 39.091019 ], [ -77.108629, 39.091015 ], [ -77.108634, 39.091195 ], [ -77.108865, 39.091191 ], [ -77.108989, 39.091459 ], [ -77.109685, 39.091537 ], [ -77.109593, 39.092349 ], [ -77.10983, 39.092525 ], [ -77.109838, 39.092795 ], [ -77.109268, 39.093076 ], [ -77.109279, 39.093436 ], [ -77.109053, 39.09362 ], [ -77.109067, 39.094071 ], [ -77.109298, 39.094067 ], [ -77.109303, 39.094247 ], [ -77.108612, 39.094349 ], [ -77.108027, 39.09409 ], [ -77.107223, 39.094284 ], [ -77.107113, 39.094466 ], [ -77.106766, 39.094473 ], [ -77.106543, 39.094747 ], [ -77.106312, 39.094751 ], [ -77.106355, 39.096192 ], [ -77.105312, 39.096121 ], [ -77.105086, 39.096305 ], [ -77.105221, 39.096933 ], [ -77.104992, 39.097028 ], [ -77.105003, 39.097388 ], [ -77.104664, 39.097664 ], [ -77.104086, 39.097675 ], [ -77.103748, 39.097951 ], [ -77.103288, 39.098049 ], [ -77.103422, 39.098678 ], [ -77.103662, 39.098944 ], [ -77.103433, 39.099038 ], [ -77.103439, 39.099218 ], [ -77.103207, 39.099222 ], [ -77.103213, 39.099402 ], [ -77.102982, 39.099406 ], [ -77.103218, 39.099582 ], [ -77.103116, 39.100035 ], [ -77.103347, 39.100031 ], [ -77.103135, 39.100665 ], [ -77.102898, 39.100489 ], [ -77.102205, 39.100502 ], [ -77.102213, 39.100772 ], [ -77.101748, 39.10069 ], [ -77.101409, 39.100966 ], [ -77.100587, 39.100531 ], [ -77.100697, 39.100349 ], [ -77.100348, 39.100265 ], [ -77.10034, 39.099995 ], [ -77.099654, 39.100277 ], [ -77.099649, 39.100097 ], [ -77.099181, 39.099925 ], [ -77.098375, 39.10003 ], [ -77.09837, 39.09985 ], [ -77.097792, 39.09986 ], [ -77.09745, 39.100047 ], [ -77.096988, 39.100055 ], [ -77.096878, 39.100237 ], [ -77.096528, 39.100153 ], [ -77.096303, 39.100338 ], [ -77.095609, 39.10035 ], [ -77.095499, 39.100532 ], [ -77.094343, 39.100553 ], [ -77.094349, 39.100733 ], [ -77.094005, 39.100829 ], [ -77.093784, 39.101194 ], [ -77.093096, 39.101386 ], [ -77.092986, 39.101569 ], [ -77.091045, 39.102414 ], [ -77.089889, 39.102435 ], [ -77.089768, 39.102257 ], [ -77.08919, 39.102267 ], [ -77.088954, 39.102091 ], [ -77.088725, 39.102186 ], [ -77.088258, 39.102014 ], [ -77.087914, 39.10211 ], [ -77.087793, 39.101932 ], [ -77.087215, 39.101942 ], [ -77.087105, 39.102125 ], [ -77.085833, 39.102147 ], [ -77.085713, 39.101969 ], [ -77.08514, 39.10216 ], [ -77.083288, 39.102103 ], [ -77.082844, 39.102741 ], [ -77.082613, 39.102745 ], [ -77.08239, 39.10302 ], [ -77.081581, 39.103034 ] ] ] } },
{ "type": "Feature", "properties": { "id": "SC28", "sc_id": 28, "area_km2": 3.0267, "downstream_unit": "SC31", "receiving_segment": "R28", "impervious_total": 0.4823, "impervious_connected": 0.335, "mean_elevation_m": 111.6089, "mean_slope": 0.0616, "control": "" }, "geometry": { "type": "Polygon", "coordinates": [ [ [ -77.133397, 39.080383 ], [ -77.133276, 39.080205 ], [ -77.132814, 39.080214 ], [ -77.132344, 39.079952 ], [ -77.13165, 39.079965 ], [ -77.131057, 39.079435 ], [ -77.13071, 39.079441 ], [ -77.130702, 39.079171 ], [ -77.130355, 39.079178 ], [ -77.130119, 39.079002 ], [ -77.128617, 39.079029 ], [ -77.128265, 39.078855 ], [ -77.128034, 39.07886 ], [ -77.128039, 39.07904 ], [ -77.127115, 39.079056 ], [ -77.126763, 39.078883 ], [ -77.126639, 39.078615 ], [ -77.126408, 39.078619 ], [ -77.126403, 39.078439 ], [ -77.126174, 39.078533 ], [ -77.125938, 39.078357 ], [ -77.124672, 39.07856 ], [ -77.124337, 39.078927 ], [ -77.124345, 39.079197 ], [ -77.123652, 39.07921 ], [ -77.123544, 39.079482 ], [ -77.123203, 39.079668 ], [ -77.12216, 39.079597 ], [ -77.121789, 39.078793 ], [ -77.120879, 39.07926 ], [ -77.120532, 39.079267 ], [ -77.120177, 39.079003 ], [ -77.119479, 39.078835 ], [ -77.119006, 39.078483 ], [ -77.118995, 39.078123 ], [ -77.118528, 39.077951 ], [ -77.118404, 39.077683 ], [ -77.117595, 39.077698 ], [ -77.117695, 39.077156 ], [ -77.117458, 39.07698 ], [ -77.116881, 39.07699 ], [ -77.11641, 39.076729 ], [ -77.116066, 39.076825 ], [ -77.115596, 39.076563 ], [ -77.114328, 39.076676 ], [ -77.113973, 39.076412 ], [ -77.113742, 39.076417 ], [ -77.113522, 39.076781 ], [ -77.113173, 39.076697 ], [ -77.112713, 39.076796 ], [ -77.112603, 39.076978 ], [ -77.111795, 39.076992 ], [ -77.111668, 39.076634 ], [ -77.111077, 39.076195 ], [ -77.110846, 39.076199 ], [ -77.11072, 39.075841 ], [ -77.111061, 39.075654 ], [ -77.111279, 39.0752 ], [ -77.111045, 39.075114 ], [ -77.110905, 39.074306 ], [ -77.110674, 39.07431 ], [ -77.110669, 39.07413 ], [ -77.110897, 39.074035 ], [ -77.110881, 39.073495 ], [ -77.111225, 39.073399 ], [ -77.111332, 39.073127 ], [ -77.109562, 39.071897 ], [ -77.109097, 39.071816 ], [ -77.109089, 39.071545 ], [ -77.109546, 39.071357 ], [ -77.109989, 39.070718 ], [ -77.110793, 39.070523 ], [ -77.110787, 39.070343 ], [ -77.111131, 39.070247 ], [ -77.111233, 39.069795 ], [ -77.111926, 39.069782 ], [ -77.112036, 39.0696 ], [ -77.11227, 39.069686 ], [ -77.112364, 39.068963 ], [ -77.112018, 39.06897 ], [ -77.112012, 39.068789 ], [ -77.112821, 39.068775 ], [ -77.113175, 39.069039 ], [ -77.113283, 39.068766 ], [ -77.11374, 39.068578 ], [ -77.113831, 39.067765 ], [ -77.113705, 39.067407 ], [ -77.113471, 39.067321 ], [ -77.113463, 39.067051 ], [ -77.113809, 39.067045 ], [ -77.113804, 39.066865 ], [ -77.114266, 39.066857 ], [ -77.114492, 39.066672 ], [ -77.114363, 39.066224 ], [ -77.114709, 39.066218 ], [ -77.11482, 39.066036 ], [ -77.114914, 39.065313 ], [ -77.114658, 39.064507 ], [ -77.114889, 39.064503 ], [ -77.114975, 39.06351 ], [ -77.115308, 39.063053 ], [ -77.115067, 39.062697 ], [ -77.115413, 39.062691 ], [ -77.11587, 39.062503 ], [ -77.115864, 39.062323 ], [ -77.116211, 39.062316 ], [ -77.116437, 39.062132 ], [ -77.116388, 39.060511 ], [ -77.116944, 39.05978 ], [ -77.116702, 39.059424 ], [ -77.117269, 39.059053 ], [ -77.117264, 39.058873 ], [ -77.116791, 39.058521 ], [ -77.116783, 39.058251 ], [ -77.117589, 39.058147 ], [ -77.117806, 39.057692 ], [ -77.118268, 39.057684 ], [ -77.118378, 39.057502 ], [ -77.118609, 39.057497 ], [ -77.119198, 39.057847 ], [ -77.119893, 39.057925 ], [ -77.120014, 39.058103 ], [ -77.120831, 39.058358 ], [ -77.12107, 39.058624 ], [ -77.121419, 39.058708 ], [ -77.121427, 39.058978 ], [ -77.121779, 39.059152 ], [ -77.122625, 39.060398 ], [ -77.123087, 39.060389 ], [ -77.123678, 39.060829 ], [ -77.123805, 39.061187 ], [ -77.124038, 39.061273 ], [ -77.124057, 39.061903 ], [ -77.124291, 39.061989 ], [ -77.123955, 39.062356 ], [ -77.124197, 39.062712 ], [ -77.12409, 39.062984 ], [ -77.124326, 39.06316 ], [ -77.124788, 39.063151 ], [ -77.124573, 39.063696 ], [ -77.125041, 39.063867 ], [ -77.125052, 39.064228 ], [ -77.12564, 39.064577 ], [ -77.125543, 39.06521 ], [ -77.125901, 39.065564 ], [ -77.125557, 39.06566 ], [ -77.125455, 39.066112 ], [ -77.125578, 39.06638 ], [ -77.125809, 39.066376 ], [ -77.125815, 39.066556 ], [ -77.126049, 39.066642 ], [ -77.126065, 39.067183 ], [ -77.125834, 39.067187 ], [ -77.125839, 39.067367 ], [ -77.126774, 39.06771 ], [ -77.127365, 39.06815 ], [ -77.127731, 39.068774 ], [ -77.128432, 39.069031 ], [ -77.128913, 39.069653 ], [ -77.12984, 39.069726 ], [ -77.129875, 39.070897 ], [ -77.13034, 39.070979 ], [ -77.130463, 39.071247 ], [ -77.131283, 39.071592 ], [ -77.131525, 39.071948 ], [ -77.131756, 39.071944 ], [ -77.13235, 39.072474 ], [ -77.132696, 39.072467 ], [ -77.132691, 39.072287 ], [ -77.132922, 39.072283 ], [ -77.133045, 39.072551 ], [ -77.133277, 39.072547 ], [ -77.133285, 39.072817 ], [ -77.133634, 39.072901 ], [ -77.133639, 39.073081 ], [ -77.133991, 39.073255 ], [ -77.133997, 39.073435 ], [ -77.134698, 39.073692 ], [ -77.135069, 39.074496 ], [ -77.135776, 39.074934 ], [ -77.135781, 39.075114 ], [ -77.136012, 39.07511 ], [ -77.136606, 39.075639 ], [ -77.137074, 39.075811 ], [ -77.136975, 39.076353 ], [ -77.13547, 39.076291 ], [ -77.135019, 39.076659 ], [ -77.135145, 39.077018 ], [ -77.135379, 39.077103 ], [ -77.135156, 39.077378 ], [ -77.135409, 39.078094 ], [ -77.135301, 39.078366 ], [ -77.134624, 39.078919 ], [ -77.134528, 39.079552 ], [ -77.134767, 39.079818 ], [ -77.134203, 39.080278 ], [ -77.133397, 39.080383 ] ] ] } },
{ "type": "Feature", "properties": { "id": "SC29", "sc_id": 29, "area_km2": 2.288, "downstream_unit": "SC31", "receiving_segment": "R29", "impervious_total": 0.2555, "impervious_connected": 0.1292, "mean_elevation_m": 98.0775, "mean_slope": 0.0771, "control": "" }, "geometry": { "type": "MultiPolygon", "coordinates": [ [ [ [ -77.090998, 39.081242 ], [ -77.091801, 39.081047 ], [ -77.091785, 39.080507 ], [ -77.091422, 39.079973 ], [ -77.091519, 39.07934 ], [ -77.091149, 39.078536 ], [ -77.091375, 39.078352 ], [ -77.091367, 39.078082 ], [ -77.091823, 39.077893 ], [ -77.092385, 39.077343 ], [ -77.092845, 39.077244 ], [ -77.093745, 39.076417 ], [ -77.093619, 39.076059 ], [ -77.093957, 39.075783 ], [ -77.093718, 39.075517 ], [ -77.093694, 39.074706 ], [ -77.094267, 39.074516 ], [ -77.094259, 39.074245 ], [ -77.094713, 39.073967 ], [ -77.094705, 39.073697 ], [ -77.095041, 39.07333 ], [ -77.096196, 39.07331 ], [ -77.096072, 39.073042 ], [ -77.096535, 39.073033 ], [ -77.096991, 39.072845 ], [ -77.097214, 39.072571 ], [ -77.097445, 39.072566 ], [ -77.098348, 39.071829 ], [ -77.09834, 39.071559 ], [ -77.098679, 39.071283 ], [ -77.099025, 39.071277 ], [ -77.099146, 39.071455 ], [ -77.099837, 39.071352 ], [ -77.100076, 39.071618 ], [ -77.100307, 39.071614 ], [ -77.100312, 39.071794 ], [ -77.10089, 39.071784 ], [ -77.101, 39.071601 ], [ -77.101462, 39.071593 ], [ -77.101803, 39.071407 ], [ -77.102725, 39.0713 ], [ -77.102846, 39.071478 ], [ -77.103539, 39.071465 ], [ -77.10399, 39.071097 ], [ -77.104452, 39.071089 ], [ -77.104562, 39.070906 ], [ -77.105487, 39.07089 ], [ -77.105607, 39.071068 ], [ -77.106072, 39.071149 ], [ -77.106435, 39.071683 ], [ -77.106666, 39.071679 ], [ -77.107125, 39.071581 ], [ -77.107687, 39.07103 ], [ -77.108033, 39.071024 ], [ -77.108039, 39.071204 ], [ -77.10827, 39.0712 ], [ -77.108745, 39.071642 ], [ -77.109089, 39.071545 ], [ -77.109097, 39.071816 ], [ -77.109562, 39.071897 ], [ -77.111332, 39.073127 ], [ -77.111338, 39.073307 ], [ -77.110881, 39.073495 ], [ -77.110897, 39.074035 ], [ -77.110669, 39.07413 ], [ -77.110674, 39.07431 ], [ -77.110905, 39.074306 ], [ -77.111045, 39.075114 ], [ -77.111279, 39.0752 ], [ -77.110725, 39.076021 ], [ -77.111668, 39.076634 ], [ -77.111795, 39.076992 ], [ -77.112603, 39.076978 ], [ -77.112713, 39.076796 ], [ -77.113173, 39.076697 ], [ -77.113522, 39.076781 ], [ -77.113517, 39.076601 ], [ -77.113973, 39.076412 ], [ -77.114328, 39.076676 ], [ -77.115596, 39.076563 ], [ -77.116066, 39.076825 ], [ -77.11641, 39.076729 ], [ -77.116881, 39.07699 ], [ -77.117458, 39.07698 ], [ -77.117695, 39.077156 ], [ -77.117595, 39.077698 ], [ -77.118404, 39.077683 ], [ -77.118528, 39.077951 ], [ -77.118995, 39.078123 ], [ -77.118885, 39.078305 ], [ -77.119479, 39.078835 ], [ -77.120648, 39.079264 ], [ -77.120653, 39.079445 ], [ -77.120202, 39.079813 ], [ -77.120331, 39.080261 ], [ -77.1201, 39.080265 ], [ -77.120113, 39.080716 ], [ -77.119885, 39.08081 ], [ -77.11989, 39.08099 ], [ -77.119538, 39.080816 ], [ -77.119533, 39.080636 ], [ -77.119194, 39.080913 ], [ -77.118388, 39.081017 ], [ -77.1178, 39.080668 ], [ -77.117676, 39.0804 ], [ -77.116857, 39.080054 ], [ -77.116848, 39.079784 ], [ -77.115919, 39.079621 ], [ -77.115441, 39.079089 ], [ -77.115094, 39.079095 ], [ -77.115102, 39.079365 ], [ -77.114524, 39.079376 ], [ -77.114167, 39.079022 ], [ -77.113476, 39.079124 ], [ -77.113141, 39.079491 ], [ -77.112219, 39.079598 ], [ -77.112224, 39.079778 ], [ -77.11188, 39.079874 ], [ -77.111531, 39.07979 ], [ -77.111311, 39.080155 ], [ -77.110736, 39.080255 ], [ -77.110744, 39.080525 ], [ -77.10994, 39.08072 ], [ -77.109731, 39.081445 ], [ -77.109277, 39.081723 ], [ -77.109282, 39.081903 ], [ -77.108938, 39.082 ], [ -77.108952, 39.08245 ], [ -77.108721, 39.082454 ], [ -77.10861, 39.082636 ], [ -77.108371, 39.08237 ], [ -77.10814, 39.082375 ], [ -77.108146, 39.082555 ], [ -77.107802, 39.082651 ], [ -77.106762, 39.08267 ], [ -77.106082, 39.083133 ], [ -77.104926, 39.083153 ], [ -77.104685, 39.082797 ], [ -77.104222, 39.082806 ], [ -77.103997, 39.08299 ], [ -77.102952, 39.082829 ], [ -77.102613, 39.083105 ], [ -77.102492, 39.082927 ], [ -77.101914, 39.082937 ], [ -77.101675, 39.082671 ], [ -77.101213, 39.08268 ], [ -77.10088, 39.083136 ], [ -77.099961, 39.083333 ], [ -77.099851, 39.083515 ], [ -77.099388, 39.083524 ], [ -77.099281, 39.083796 ], [ -77.098475, 39.0839 ], [ -77.09848, 39.084081 ], [ -77.098252, 39.084175 ], [ -77.09744, 39.084099 ], [ -77.096983, 39.084288 ], [ -77.096989, 39.084468 ], [ -77.09665, 39.084744 ], [ -77.096183, 39.084572 ], [ -77.09561, 39.084763 ], [ -77.095143, 39.084591 ], [ -77.094449, 39.084604 ], [ -77.094216, 39.084518 ], [ -77.09421, 39.084338 ], [ -77.092595, 39.084457 ], [ -77.092356, 39.084191 ], [ -77.091432, 39.084207 ], [ -77.091308, 39.083939 ], [ -77.090846, 39.083947 ], [ -77.090607, 39.083681 ], [ -77.090387, 39.084046 ], [ -77.090045, 39.084232 ], [ -77.090051, 39.084412 ], [ -77.089707, 39.084508 ], [ -77.089581, 39.08415 ], [ -77.089347, 39.084064 ], [ -77.089339, 39.083794 ], [ -77.089677, 39.083518 ], [ -77.089774, 39.082885 ], [ -77.090003, 39.082791 ], [ -77.08999, 39.082341 ], [ -77.09115, 39.0825 ], [ -77.091145, 39.08232 ], [ -77.091489, 39.082224 ], [ -77.091357, 39.081686 ], [ -77.091008, 39.081602 ], [ -77.090998, 39.081242 ] ] ], [ [ [ -77.090882, 39.081244 ], [ -77.090995, 39.081152 ], [ -77.090998, 39.081242 ], [ -77.090882, 39.081244 ] ] ] ] } },
{ "type": "Feature", "properties": { "id": "SC30", "sc_id": 30, "area_km2": 7.1666, "downstream_unit": "SC32", "receiving_segment": "R30", "impervious_total": 0.3943, "impervious_connected": 0.2476, "mean_elevation_m": 114.3223, "mean_slope": 0.0618, "control": "01647850" }, "geometry": { "type": "MultiPolygon", "coordinates": [ [ [ [ -77.091124, 39.0816 ], [ -77.091357, 39.081686 ], [ -77.091489, 39.082224 ], [ -77.091258, 39.082228 ], [ -77.09115, 39.0825 ], [ -77.08999, 39.082341 ], [ -77.090003, 39.082791 ], [ -77.089774, 39.082885 ], [ -77.089785, 39.083246 ], [ -77.089567, 39.0837 ], [ -77.089339, 39.083794 ], [ -77.089347, 39.084064 ], [ -77.088885, 39.084073 ], [ -77.089132, 39.084609 ], [ -77.088906, 39.084793 ], [ -77.088919, 39.085243 ], [ -77.088693, 39.085428 ], [ -77.088701, 39.085698 ], [ -77.08847, 39.085702 ], [ -77.088478, 39.085972 ], [ -77.088833, 39.086236 ], [ -77.088838, 39.086416 ], [ -77.089187, 39.0865 ], [ -77.089193, 39.08668 ], [ -77.089427, 39.086766 ], [ -77.089569, 39.087664 ], [ -77.088768, 39.087949 ], [ -77.088778, 39.088309 ], [ -77.088432, 39.088316 ], [ -77.088324, 39.088588 ], [ -77.08798, 39.088684 ], [ -77.087897, 39.089767 ], [ -77.087098, 39.090141 ], [ -77.086744, 39.089877 ], [ -77.086736, 39.089607 ], [ -77.086155, 39.089528 ], [ -77.085819, 39.089894 ], [ -77.085588, 39.089898 ], [ -77.085599, 39.090258 ], [ -77.085136, 39.090267 ], [ -77.085026, 39.090449 ], [ -77.084795, 39.090453 ], [ -77.084688, 39.090725 ], [ -77.084228, 39.090823 ], [ -77.08412, 39.091096 ], [ -77.082849, 39.091118 ], [ -77.082164, 39.091401 ], [ -77.081833, 39.091947 ], [ -77.081032, 39.092232 ], [ -77.081037, 39.092412 ], [ -77.080226, 39.092337 ], [ -77.080239, 39.092787 ], [ -77.079777, 39.092795 ], [ -77.079916, 39.093603 ], [ -77.079693, 39.093878 ], [ -77.079706, 39.094328 ], [ -77.079596, 39.09451 ], [ -77.079365, 39.094514 ], [ -77.079383, 39.095145 ], [ -77.07963, 39.095681 ], [ -77.079864, 39.095767 ], [ -77.079877, 39.096217 ], [ -77.079541, 39.096583 ], [ -77.080122, 39.096663 ], [ -77.080498, 39.097648 ], [ -77.080272, 39.097832 ], [ -77.080282, 39.098192 ], [ -77.079941, 39.098378 ], [ -77.079954, 39.098829 ], [ -77.079615, 39.099105 ], [ -77.079266, 39.099021 ], [ -77.078935, 39.099568 ], [ -77.078591, 39.099664 ], [ -77.078602, 39.100024 ], [ -77.078153, 39.100483 ], [ -77.078058, 39.101205 ], [ -77.07783, 39.101299 ], [ -77.077614, 39.101844 ], [ -77.077142, 39.101492 ], [ -77.076798, 39.101588 ], [ -77.076776, 39.100867 ], [ -77.077207, 39.099779 ], [ -77.077075, 39.09924 ], [ -77.077291, 39.098696 ], [ -77.076933, 39.098342 ], [ -77.076584, 39.098258 ], [ -77.076568, 39.097718 ], [ -77.076327, 39.097362 ], [ -77.074924, 39.096846 ], [ -77.074462, 39.096854 ], [ -77.074456, 39.096674 ], [ -77.07411, 39.09668 ], [ -77.073986, 39.096412 ], [ -77.073288, 39.096244 ], [ -77.07293, 39.09589 ], [ -77.072237, 39.095903 ], [ -77.072011, 39.096087 ], [ -77.071654, 39.095733 ], [ -77.069802, 39.095676 ], [ -77.069332, 39.095414 ], [ -77.068872, 39.095512 ], [ -77.068631, 39.095156 ], [ -77.068281, 39.095072 ], [ -77.067354, 39.094998 ], [ -77.067247, 39.09527 ], [ -77.06622, 39.095739 ], [ -77.065883, 39.096106 ], [ -77.065419, 39.096024 ], [ -77.06519, 39.096118 ], [ -77.065195, 39.096298 ], [ -77.064849, 39.096304 ], [ -77.064843, 39.096124 ], [ -77.064147, 39.096046 ], [ -77.063911, 39.09587 ], [ -77.063451, 39.095968 ], [ -77.063443, 39.095698 ], [ -77.063204, 39.095432 ], [ -77.062973, 39.095436 ], [ -77.062965, 39.095166 ], [ -77.062619, 39.095172 ], [ -77.062608, 39.094812 ], [ -77.063068, 39.094714 ], [ -77.063063, 39.094534 ], [ -77.062708, 39.09427 ], [ -77.062361, 39.094276 ], [ -77.062241, 39.094098 ], [ -77.062227, 39.093648 ], [ -77.062566, 39.093371 ], [ -77.062553, 39.092921 ], [ -77.062319, 39.092835 ], [ -77.062291, 39.091844 ], [ -77.062635, 39.091748 ], [ -77.062627, 39.091478 ], [ -77.062046, 39.091398 ], [ -77.062041, 39.091218 ], [ -77.061689, 39.091044 ], [ -77.061681, 39.090774 ], [ -77.061329, 39.0906 ], [ -77.061427, 39.089968 ], [ -77.061537, 39.089785 ], [ -77.061883, 39.089779 ], [ -77.061876, 39.089509 ], [ -77.061752, 39.089241 ], [ -77.061282, 39.088979 ], [ -77.061385, 39.088527 ], [ -77.061153, 39.088531 ], [ -77.061138, 39.08799 ], [ -77.060788, 39.087907 ], [ -77.060778, 39.087546 ], [ -77.060429, 39.087462 ], [ -77.060418, 39.087102 ], [ -77.05972, 39.086934 ], [ -77.059678, 39.085493 ], [ -77.059447, 39.085498 ], [ -77.059434, 39.085047 ], [ -77.059084, 39.084963 ], [ -77.059276, 39.083608 ], [ -77.058696, 39.083529 ], [ -77.058688, 39.083258 ], [ -77.059266, 39.083248 ], [ -77.059376, 39.083066 ], [ -77.059363, 39.082616 ], [ -77.059, 39.082082 ], [ -77.059457, 39.081893 ], [ -77.059203, 39.081087 ], [ -77.059431, 39.080993 ], [ -77.059423, 39.080723 ], [ -77.059762, 39.080446 ], [ -77.059849, 39.079454 ], [ -77.060072, 39.07918 ], [ -77.059951, 39.079001 ], [ -77.060403, 39.078633 ], [ -77.06075, 39.078627 ], [ -77.061086, 39.078261 ], [ -77.061317, 39.078256 ], [ -77.061293, 39.077446 ], [ -77.061524, 39.077442 ], [ -77.061516, 39.077172 ], [ -77.061283, 39.077086 ], [ -77.061264, 39.076455 ], [ -77.060453, 39.07638 ], [ -77.060214, 39.076114 ], [ -77.06055, 39.075747 ], [ -77.06054, 39.075387 ], [ -77.060771, 39.075383 ], [ -77.060765, 39.075203 ], [ -77.060997, 39.075199 ], [ -77.060991, 39.075019 ], [ -77.061222, 39.075015 ], [ -77.06133, 39.074742 ], [ -77.061674, 39.074646 ], [ -77.061438, 39.07447 ], [ -77.061304, 39.073842 ], [ -77.06164, 39.073475 ], [ -77.061871, 39.073471 ], [ -77.061866, 39.073291 ], [ -77.06221, 39.073195 ], [ -77.062317, 39.072923 ], [ -77.062073, 39.072477 ], [ -77.061842, 39.072481 ], [ -77.061837, 39.072301 ], [ -77.062181, 39.072204 ], [ -77.06217, 39.071844 ], [ -77.061937, 39.071758 ], [ -77.062029, 39.070946 ], [ -77.061787, 39.07059 ], [ -77.062249, 39.070581 ], [ -77.062226, 39.069771 ], [ -77.062454, 39.069677 ], [ -77.062325, 39.069229 ], [ -77.062675, 39.069313 ], [ -77.063126, 39.068944 ], [ -77.063121, 39.068764 ], [ -77.062769, 39.06859 ], [ -77.062995, 39.068406 ], [ -77.063341, 39.0684 ], [ -77.063447, 39.068037 ], [ -77.065295, 39.068005 ], [ -77.065878, 39.068175 ], [ -77.065883, 39.068355 ], [ -77.066337, 39.068076 ], [ -77.067028, 39.067974 ], [ -77.0675, 39.068326 ], [ -77.067492, 39.068056 ], [ -77.067828, 39.06769 ], [ -77.067361, 39.067518 ], [ -77.06712, 39.067161 ], [ -77.066768, 39.066988 ], [ -77.066731, 39.065727 ], [ -77.066261, 39.065465 ], [ -77.067411, 39.065264 ], [ -77.067419, 39.065534 ], [ -77.068002, 39.065704 ], [ -77.067996, 39.065524 ], [ -77.06834, 39.065428 ], [ -77.068335, 39.065248 ], [ -77.067983, 39.065074 ], [ -77.068188, 39.064169 ], [ -77.069459, 39.064147 ], [ -77.069913, 39.063868 ], [ -77.070262, 39.063952 ], [ -77.070719, 39.063764 ], [ -77.071989, 39.063741 ], [ -77.072801, 39.063817 ], [ -77.072921, 39.063995 ], [ -77.073152, 39.063991 ], [ -77.07337, 39.063537 ], [ -77.074525, 39.063516 ], [ -77.074415, 39.063698 ], [ -77.074649, 39.063784 ], [ -77.074654, 39.063964 ], [ -77.074885, 39.06396 ], [ -77.075242, 39.064314 ], [ -77.075704, 39.064306 ], [ -77.075814, 39.064124 ], [ -77.076045, 39.06412 ], [ -77.077004, 39.065274 ], [ -77.077818, 39.06544 ], [ -77.078057, 39.065706 ], [ -77.078406, 39.06579 ], [ -77.078411, 39.06597 ], [ -77.078642, 39.065965 ], [ -77.07865, 39.066236 ], [ -77.079354, 39.066584 ], [ -77.079501, 39.067662 ], [ -77.079743, 39.068018 ], [ -77.080215, 39.06837 ], [ -77.081139, 39.068354 ], [ -77.081365, 39.068169 ], [ -77.081835, 39.068431 ], [ -77.081843, 39.068701 ], [ -77.081389, 39.06898 ], [ -77.081394, 39.06916 ], [ -77.081867, 39.069512 ], [ -77.081878, 39.069872 ], [ -77.082111, 39.069958 ], [ -77.082356, 39.070404 ], [ -77.082587, 39.0704 ], [ -77.082595, 39.07067 ], [ -77.082369, 39.070854 ], [ -77.083422, 39.071286 ], [ -77.08423, 39.071272 ], [ -77.084241, 39.071632 ], [ -77.084015, 39.071816 ], [ -77.084147, 39.072354 ], [ -77.083695, 39.072723 ], [ -77.084171, 39.073165 ], [ -77.084181, 39.073525 ], [ -77.083953, 39.073619 ], [ -77.083848, 39.073982 ], [ -77.084202, 39.074246 ], [ -77.084213, 39.074606 ], [ -77.084678, 39.074688 ], [ -77.084573, 39.07505 ], [ -77.084804, 39.075046 ], [ -77.085161, 39.0754 ], [ -77.085413, 39.076116 ], [ -77.085453, 39.077467 ], [ -77.085805, 39.077641 ], [ -77.086264, 39.077542 ], [ -77.08627, 39.077722 ], [ -77.086616, 39.077716 ], [ -77.086982, 39.07834 ], [ -77.087806, 39.078866 ], [ -77.088037, 39.078862 ], [ -77.088258, 39.078498 ], [ -77.089177, 39.078301 ], [ -77.08941, 39.078387 ], [ -77.089636, 39.078203 ], [ -77.089985, 39.078287 ], [ -77.090096, 39.078104 ], [ -77.090327, 39.0781 ], [ -77.090319, 39.07783 ], [ -77.090778, 39.077732 ], [ -77.090676, 39.078184 ], [ -77.091259, 39.078354 ], [ -77.091157, 39.078806 ], [ -77.091391, 39.078892 ], [ -77.091519, 39.07934 ], [ -77.091422, 39.079973 ], [ -77.091785, 39.080507 ], [ -77.091801, 39.081047 ], [ -77.090998, 39.081242 ], [ -77.091124, 39.0816 ] ], [ [ -77.090998, 39.081242 ], [ -77.090879, 39.081154 ], [ -77.090882, 39.081244 ], [ -77.090998, 39.081242 ] ] ], [ [ [ -77.058698, 39.083619 ], [ -77.05858, 39.083531 ], [ -77.058696, 39.083529 ], [ -77.058698, 39.083619 ] ] ] ] } },
{ "type": "Feature", "properties": { "id": "SC31", "sc_id": 31, "area_km2": 3.4657, "downstream_unit": "SC33", "receiving_segment": "R31", "impervious_total": 0.3668, "impervious_connected": 0.2221, "mean_elevation_m": 95.0388, "mean_slope": 0.0791, "control": "" }, "geometry": { "type": "Polygon", "coordinates": [ [ [ -77.106299, 39.055468 ], [ -77.10746, 39.055627 ], [ -77.10757, 39.055445 ], [ -77.108145, 39.055344 ], [ -77.108497, 39.055518 ], [ -77.109415, 39.055321 ], [ -77.109536, 39.0555 ], [ -77.110232, 39.055577 ], [ -77.111145, 39.0552 ], [ -77.111956, 39.055275 ], [ -77.112203, 39.055812 ], [ -77.112668, 39.055893 ], [ -77.112888, 39.055529 ], [ -77.11335, 39.055521 ], [ -77.113804, 39.055242 ], [ -77.113675, 39.054794 ], [ -77.113329, 39.0548 ], [ -77.113321, 39.05453 ], [ -77.113087, 39.054444 ], [ -77.113071, 39.053904 ], [ -77.113409, 39.053627 ], [ -77.113404, 39.053447 ], [ -77.113866, 39.053439 ], [ -77.11422, 39.053703 ], [ -77.115021, 39.053418 ], [ -77.115714, 39.053405 ], [ -77.116761, 39.053657 ], [ -77.116772, 39.054017 ], [ -77.117124, 39.054191 ], [ -77.117247, 39.054459 ], [ -77.117022, 39.054643 ], [ -77.117261, 39.054909 ], [ -77.117838, 39.054898 ], [ -77.118196, 39.055252 ], [ -77.118776, 39.055332 ], [ -77.118897, 39.05551 ], [ -77.118792, 39.055872 ], [ -77.119026, 39.055958 ], [ -77.119039, 39.056408 ], [ -77.118932, 39.056681 ], [ -77.118585, 39.056687 ], [ -77.118593, 39.056957 ], [ -77.118362, 39.056961 ], [ -77.118494, 39.057499 ], [ -77.118268, 39.057684 ], [ -77.117806, 39.057692 ], [ -77.117589, 39.058147 ], [ -77.116783, 39.058251 ], [ -77.116791, 39.058521 ], [ -77.117025, 39.058607 ], [ -77.117269, 39.059053 ], [ -77.116702, 39.059424 ], [ -77.116944, 39.05978 ], [ -77.116388, 39.060511 ], [ -77.116437, 39.062132 ], [ -77.116211, 39.062316 ], [ -77.115864, 39.062323 ], [ -77.11587, 39.062503 ], [ -77.115067, 39.062697 ], [ -77.115308, 39.063053 ], [ -77.114975, 39.06351 ], [ -77.114889, 39.064503 ], [ -77.114658, 39.064507 ], [ -77.114914, 39.065313 ], [ -77.11482, 39.066036 ], [ -77.114709, 39.066218 ], [ -77.114363, 39.066224 ], [ -77.114492, 39.066672 ], [ -77.114266, 39.066857 ], [ -77.113804, 39.066865 ], [ -77.113809, 39.067045 ], [ -77.113463, 39.067051 ], [ -77.113471, 39.067321 ], [ -77.113705, 39.067407 ], [ -77.113831, 39.067765 ], [ -77.11374, 39.068578 ], [ -77.113509, 39.068582 ], [ -77.113175, 39.069039 ], [ -77.112821, 39.068775 ], [ -77.112012, 39.068789 ], [ -77.112018, 39.06897 ], [ -77.112364, 39.068963 ], [ -77.11227, 39.069686 ], [ -77.112036, 39.0696 ], [ -77.111926, 39.069782 ], [ -77.111233, 39.069795 ], [ -77.111131, 39.070247 ], [ -77.110787, 39.070343 ], [ -77.110793, 39.070523 ], [ -77.109989, 39.070718 ], [ -77.109546, 39.071357 ], [ -77.108861, 39.07164 ], [ -77.10827, 39.0712 ], [ -77.108039, 39.071204 ], [ -77.108033, 39.071024 ], [ -77.107687, 39.07103 ], [ -77.107125, 39.071581 ], [ -77.106435, 39.071683 ], [ -77.106072, 39.071149 ], [ -77.105607, 39.071068 ], [ -77.105487, 39.07089 ], [ -77.104562, 39.070906 ], [ -77.104452, 39.071089 ], [ -77.10399, 39.071097 ], [ -77.103539, 39.071465 ], [ -77.102846, 39.071478 ], [ -77.102725, 39.0713 ], [ -77.101803, 39.071407 ], [ -77.101462, 39.071593 ], [ -77.101, 39.071601 ], [ -77.10089, 39.071784 ], [ -77.100312, 39.071794 ], [ -77.100307, 39.071614 ], [ -77.100076, 39.071618 ], [ -77.099837, 39.071352 ], [ -77.099146, 39.071455 ], [ -77.099025, 39.071277 ], [ -77.098679, 39.071283 ], [ -77.09834, 39.071559 ], [ -77.098348, 39.071829 ], [ -77.097445, 39.072566 ], [ -77.097214, 39.072571 ], [ -77.096991, 39.072845 ], [ -77.096535, 39.073033 ], [ -77.096072, 39.073042 ], [ -77.096175, 39.072589 ], [ -77.096406, 39.072585 ], [ -77.0964, 39.072405 ], [ -77.096629, 39.072311 ], [ -77.096497, 39.071773 ], [ -77.095568, 39.071609 ], [ -77.095323, 39.071163 ], [ -77.094391, 39.070909 ], [ -77.094268, 39.070641 ], [ -77.094496, 39.070547 ], [ -77.094139, 39.070193 ], [ -77.09412, 39.069563 ], [ -77.093424, 39.069485 ], [ -77.09307, 39.069221 ], [ -77.092944, 39.068863 ], [ -77.092474, 39.068601 ], [ -77.092699, 39.068417 ], [ -77.093129, 39.067328 ], [ -77.092665, 39.067246 ], [ -77.0923, 39.066622 ], [ -77.091491, 39.066637 ], [ -77.091249, 39.066281 ], [ -77.091236, 39.06583 ], [ -77.091467, 39.065826 ], [ -77.091572, 39.065464 ], [ -77.091419, 39.064205 ], [ -77.091648, 39.064111 ], [ -77.091739, 39.063299 ], [ -77.091508, 39.063303 ], [ -77.091503, 39.063123 ], [ -77.091035, 39.062951 ], [ -77.091132, 39.062318 ], [ -77.090883, 39.061692 ], [ -77.091342, 39.061594 ], [ -77.091678, 39.061227 ], [ -77.09167, 39.060957 ], [ -77.091439, 39.060961 ], [ -77.091318, 39.060783 ], [ -77.091415, 39.060151 ], [ -77.091176, 39.059885 ], [ -77.091171, 39.059705 ], [ -77.091627, 39.059516 ], [ -77.091609, 39.058886 ], [ -77.091947, 39.05861 ], [ -77.092522, 39.058509 ], [ -77.092743, 39.058145 ], [ -77.093089, 39.058139 ], [ -77.093097, 39.058409 ], [ -77.093444, 39.058403 ], [ -77.093567, 39.058671 ], [ -77.09426, 39.058658 ], [ -77.094948, 39.058466 ], [ -77.095756, 39.058451 ], [ -77.095867, 39.058269 ], [ -77.096898, 39.05798 ], [ -77.097363, 39.058062 ], [ -77.097473, 39.05788 ], [ -77.098045, 39.057689 ], [ -77.099659, 39.05757 ], [ -77.100113, 39.057291 ], [ -77.100221, 39.057019 ], [ -77.100192, 39.056029 ], [ -77.099961, 39.056033 ], [ -77.09984, 39.055855 ], [ -77.100527, 39.055662 ], [ -77.100971, 39.055023 ], [ -77.101317, 39.055017 ], [ -77.10154, 39.054743 ], [ -77.102002, 39.054735 ], [ -77.102354, 39.054908 ], [ -77.102464, 39.054726 ], [ -77.103622, 39.054795 ], [ -77.103606, 39.054255 ], [ -77.10453, 39.054238 ], [ -77.104524, 39.054058 ], [ -77.104871, 39.054052 ], [ -77.104981, 39.05387 ], [ -77.105556, 39.053769 ], [ -77.106026, 39.054031 ], [ -77.106058, 39.055112 ], [ -77.106299, 39.055468 ] ], [ [ -77.106184, 39.05547 ], [ -77.106187, 39.05556 ], [ -77.106302, 39.055558 ], [ -77.106299, 39.055468 ], [ -77.106184, 39.05547 ] ] ] } },
{ "type": "Feature", "properties": { "id": "SC32", "sc_id": 32, "area_km2": 2.624, "downstream_unit": "SC33", "receiving_segment": "R32", "impervious_total": 0.3956, "impervious_connected": 0.2488, "mean_elevation_m": 98.6307, "mean_slope": 0.0701, "control": "" }, "geometry": { "type": "Polygon", "coordinates": [ [ [ -77.087806, 39.078866 ], [ -77.086982, 39.07834 ], [ -77.086616, 39.077716 ], [ -77.08627, 39.077722 ], [ -77.086264, 39.077542 ], [ -77.085805, 39.077641 ], [ -77.085453, 39.077467 ], [ -77.085561, 39.077195 ], [ -77.085319, 39.076838 ], [ -77.085285, 39.075668 ], [ -77.084922, 39.075134 ], [ -77.084573, 39.07505 ], [ -77.084678, 39.074688 ], [ -77.084213, 39.074606 ], [ -77.084202, 39.074246 ], [ -77.083848, 39.073982 ], [ -77.083953, 39.073619 ], [ -77.084181, 39.073525 ], [ -77.084171, 39.073165 ], [ -77.083695, 39.072723 ], [ -77.084147, 39.072354 ], [ -77.084015, 39.071816 ], [ -77.084241, 39.071632 ], [ -77.08423, 39.071272 ], [ -77.083422, 39.071286 ], [ -77.082369, 39.070854 ], [ -77.082595, 39.07067 ], [ -77.082587, 39.0704 ], [ -77.082356, 39.070404 ], [ -77.08235, 39.070224 ], [ -77.081878, 39.069872 ], [ -77.081867, 39.069512 ], [ -77.081394, 39.06916 ], [ -77.081389, 39.06898 ], [ -77.081843, 39.068701 ], [ -77.081835, 39.068431 ], [ -77.081365, 39.068169 ], [ -77.081139, 39.068354 ], [ -77.080215, 39.06837 ], [ -77.079501, 39.067662 ], [ -77.079354, 39.066584 ], [ -77.07865, 39.066236 ], [ -77.078642, 39.065965 ], [ -77.078411, 39.06597 ], [ -77.078288, 39.065702 ], [ -77.078057, 39.065706 ], [ -77.077818, 39.06544 ], [ -77.077471, 39.065446 ], [ -77.07735, 39.065268 ], [ -77.077004, 39.065274 ], [ -77.076045, 39.06412 ], [ -77.075814, 39.064124 ], [ -77.075704, 39.064306 ], [ -77.075242, 39.064314 ], [ -77.074885, 39.06396 ], [ -77.074654, 39.063964 ], [ -77.074649, 39.063784 ], [ -77.074415, 39.063698 ], [ -77.074525, 39.063516 ], [ -77.074294, 39.06352 ], [ -77.074281, 39.06307 ], [ -77.074045, 39.062894 ], [ -77.074034, 39.062534 ], [ -77.074383, 39.062618 ], [ -77.074609, 39.062433 ], [ -77.074599, 39.062073 ], [ -77.074822, 39.061799 ], [ -77.075053, 39.061795 ], [ -77.075163, 39.061613 ], [ -77.075625, 39.061604 ], [ -77.07573, 39.061242 ], [ -77.076767, 39.061134 ], [ -77.076748, 39.060503 ], [ -77.076977, 39.060409 ], [ -77.076848, 39.059961 ], [ -77.077541, 39.059948 ], [ -77.077533, 39.059678 ], [ -77.076956, 39.059689 ], [ -77.076832, 39.05942 ], [ -77.077055, 39.059146 ], [ -77.077032, 39.058336 ], [ -77.077381, 39.05842 ], [ -77.078058, 39.057867 ], [ -77.079097, 39.057848 ], [ -77.079092, 39.057668 ], [ -77.079321, 39.057574 ], [ -77.080355, 39.057375 ], [ -77.080342, 39.056925 ], [ -77.08057, 39.056831 ], [ -77.080446, 39.056563 ], [ -77.080782, 39.056196 ], [ -77.080772, 39.055836 ], [ -77.081924, 39.055726 ], [ -77.082749, 39.056251 ], [ -77.083434, 39.055969 ], [ -77.083901, 39.056141 ], [ -77.08447, 39.05586 ], [ -77.084707, 39.056036 ], [ -77.086087, 39.055831 ], [ -77.086555, 39.056003 ], [ -77.086678, 39.056271 ], [ -77.087019, 39.056085 ], [ -77.0876, 39.056165 ], [ -77.088056, 39.055976 ], [ -77.088295, 39.056242 ], [ -77.088642, 39.056236 ], [ -77.089356, 39.056944 ], [ -77.089821, 39.057026 ], [ -77.090175, 39.05729 ], [ -77.09018, 39.05747 ], [ -77.090884, 39.057818 ], [ -77.090892, 39.058088 ], [ -77.09274, 39.058055 ], [ -77.092748, 39.058325 ], [ -77.092522, 39.058509 ], [ -77.091947, 39.05861 ], [ -77.091609, 39.058886 ], [ -77.091627, 39.059516 ], [ -77.091171, 39.059705 ], [ -77.091415, 39.060151 ], [ -77.091318, 39.060783 ], [ -77.091439, 39.060961 ], [ -77.09167, 39.060957 ], [ -77.091678, 39.061227 ], [ -77.091342, 39.061594 ], [ -77.090883, 39.061692 ], [ -77.091132, 39.062318 ], [ -77.091035, 39.062951 ], [ -77.091266, 39.062947 ], [ -77.091272, 39.063127 ], [ -77.091739, 39.063299 ], [ -77.091747, 39.063569 ], [ -77.091648, 39.064111 ], [ -77.091419, 39.064205 ], [ -77.091572, 39.065464 ], [ -77.091467, 39.065826 ], [ -77.091236, 39.06583 ], [ -77.091249, 39.066281 ], [ -77.091491, 39.066637 ], [ -77.0923, 39.066622 ], [ -77.092665, 39.067246 ], [ -77.093129, 39.067328 ], [ -77.092699, 39.068417 ], [ -77.092474, 39.068601 ], [ -77.092944, 39.068863 ], [ -77.09307, 39.069221 ], [ -77.093424, 39.069485 ], [ -77.09412, 39.069563 ], [ -77.094139, 39.070193 ], [ -77.094496, 39.070547 ], [ -77.094268, 39.070641 ], [ -77.094391, 39.070909 ], [ -77.095323, 39.071163 ], [ -77.095568, 39.071609 ], [ -77.096497, 39.071773 ], [ -77.096629, 39.072311 ], [ -77.096064, 39.072771 ], [ -77.096196, 39.07331 ], [ -77.095041, 39.07333 ], [ -77.094705, 39.073697 ], [ -77.094713, 39.073967 ], [ -77.094259, 39.074245 ], [ -77.094267, 39.074516 ], [ -77.093694, 39.074706 ], [ -77.093718, 39.075517 ], [ -77.093955, 39.075693 ], [ -77.093619, 39.076059 ], [ -77.093745, 39.076417 ], [ -77.092845, 39.077244 ], [ -77.092385, 39.077343 ], [ -77.091823, 39.077893 ], [ -77.091592, 39.077897 ], [ -77.091367, 39.078082 ], [ -77.091375, 39.078352 ], [ -77.090676, 39.078184 ], [ -77.090778, 39.077732 ], [ -77.090547, 39.077736 ], [ -77.090319, 39.07783 ], [ -77.090327, 39.0781 ], [ -77.090096, 39.078104 ], [ -77.089985, 39.078287 ], [ -77.089636, 39.078203 ], [ -77.08941, 39.078387 ], [ -77.089177, 39.078301 ], [ -77.088258, 39.078498 ], [ -77.08815, 39.07877 ], [ -77.087806, 39.078866 ] ] ] } },
{ "type": "Feature", "properties": { "id": "SC33", "sc_id": 33, "area_km2": 4.598, "downstream_unit": "SC36", "receiving_segment": "R33", "impervious_total": 0.423, "impervious_connected": 0.2751, "mean_elevation_m": 94.298, "mean_slope": 0.08, "control": "" }, "geometry": { "type": "MultiPolygon", "coordinates": [ [ [ [ -77.106299, 39.055468 ], [ -77.106152, 39.054389 ], [ -77.105916, 39.054213 ], [ -77.106026, 39.054031 ], [ -77.105556, 39.053769 ], [ -77.104524, 39.054058 ], [ -77.10453, 39.054238 ], [ -77.103606, 39.054255 ], [ -77.103622, 39.054795 ], [ -77.102464, 39.054726 ], [ -77.102354, 39.054908 ], [ -77.102002, 39.054735 ], [ -77.10154, 39.054743 ], [ -77.101317, 39.055017 ], [ -77.100971, 39.055023 ], [ -77.100527, 39.055662 ], [ -77.09984, 39.055855 ], [ -77.099961, 39.056033 ], [ -77.100192, 39.056029 ], [ -77.100221, 39.057019 ], [ -77.099888, 39.057476 ], [ -77.098045, 39.057689 ], [ -77.097473, 39.05788 ], [ -77.097363, 39.058062 ], [ -77.096898, 39.05798 ], [ -77.096095, 39.058175 ], [ -77.095756, 39.058451 ], [ -77.093567, 39.058671 ], [ -77.093444, 39.058403 ], [ -77.093097, 39.058409 ], [ -77.093089, 39.058139 ], [ -77.092861, 39.058233 ], [ -77.092622, 39.057967 ], [ -77.091819, 39.058161 ], [ -77.090892, 39.058088 ], [ -77.090884, 39.057818 ], [ -77.09053, 39.057554 ], [ -77.090298, 39.057558 ], [ -77.089821, 39.057026 ], [ -77.089356, 39.056944 ], [ -77.089114, 39.056588 ], [ -77.088883, 39.056592 ], [ -77.088878, 39.056412 ], [ -77.088642, 39.056236 ], [ -77.088295, 39.056242 ], [ -77.088056, 39.055976 ], [ -77.0876, 39.056165 ], [ -77.087019, 39.056085 ], [ -77.086678, 39.056271 ], [ -77.086673, 39.056091 ], [ -77.086087, 39.055831 ], [ -77.085169, 39.056028 ], [ -77.084707, 39.056036 ], [ -77.08447, 39.05586 ], [ -77.083901, 39.056141 ], [ -77.083434, 39.055969 ], [ -77.082749, 39.056251 ], [ -77.08251, 39.055985 ], [ -77.082163, 39.055992 ], [ -77.081927, 39.055816 ], [ -77.082029, 39.055363 ], [ -77.081795, 39.055277 ], [ -77.08179, 39.055097 ], [ -77.08121, 39.055018 ], [ -77.081186, 39.054207 ], [ -77.081396, 39.053483 ], [ -77.081627, 39.053478 ], [ -77.081501, 39.05312 ], [ -77.081732, 39.053116 ], [ -77.081842, 39.052934 ], [ -77.081706, 39.052216 ], [ -77.082283, 39.052205 ], [ -77.082732, 39.051747 ], [ -77.082942, 39.051022 ], [ -77.083173, 39.051018 ], [ -77.083167, 39.050838 ], [ -77.083514, 39.050832 ], [ -77.083495, 39.050201 ], [ -77.083718, 39.049927 ], [ -77.083697, 39.049207 ], [ -77.083917, 39.048842 ], [ -77.085298, 39.048637 ], [ -77.08529, 39.048367 ], [ -77.085747, 39.048179 ], [ -77.085605, 39.04728 ], [ -77.084542, 39.046489 ], [ -77.084074, 39.046317 ], [ -77.084032, 39.044876 ], [ -77.08472, 39.044683 ], [ -77.084714, 39.044503 ], [ -77.084481, 39.044417 ], [ -77.084475, 39.044237 ], [ -77.084704, 39.044143 ], [ -77.08458, 39.043875 ], [ -77.08515, 39.043594 ], [ -77.085144, 39.043414 ], [ -77.085373, 39.04332 ], [ -77.085252, 39.043142 ], [ -77.085483, 39.043138 ], [ -77.085472, 39.042778 ], [ -77.085703, 39.042774 ], [ -77.085924, 39.042409 ], [ -77.08627, 39.042403 ], [ -77.086944, 39.04176 ], [ -77.087175, 39.041756 ], [ -77.087514, 39.04148 ], [ -77.087946, 39.040481 ], [ -77.088521, 39.040381 ], [ -77.088505, 39.03984 ], [ -77.088734, 39.039746 ], [ -77.088728, 39.039566 ], [ -77.089185, 39.039378 ], [ -77.089056, 39.038929 ], [ -77.0894, 39.038833 ], [ -77.089395, 39.038653 ], [ -77.089625, 39.038649 ], [ -77.089728, 39.038197 ], [ -77.090182, 39.037918 ], [ -77.090397, 39.037374 ], [ -77.090625, 39.03728 ], [ -77.090617, 39.037009 ], [ -77.090845, 39.036915 ], [ -77.090724, 39.036737 ], [ -77.091068, 39.036641 ], [ -77.091063, 39.036461 ], [ -77.090832, 39.036465 ], [ -77.090574, 39.035569 ], [ -77.091149, 39.035468 ], [ -77.091364, 39.034924 ], [ -77.091708, 39.034827 ], [ -77.091925, 39.034373 ], [ -77.09239, 39.034455 ], [ -77.092495, 39.034092 ], [ -77.092726, 39.034088 ], [ -77.092967, 39.034444 ], [ -77.093314, 39.034438 ], [ -77.093306, 39.034168 ], [ -77.093644, 39.033892 ], [ -77.094106, 39.033883 ], [ -77.094928, 39.034319 ], [ -77.094951, 39.03513 ], [ -77.094159, 39.035684 ], [ -77.094516, 39.036038 ], [ -77.094527, 39.036399 ], [ -77.094763, 39.036575 ], [ -77.09534, 39.036564 ], [ -77.095813, 39.036916 ], [ -77.096388, 39.036816 ], [ -77.096629, 39.037172 ], [ -77.096519, 39.037354 ], [ -77.097115, 39.037974 ], [ -77.097008, 39.038246 ], [ -77.098192, 39.039216 ], [ -77.098538, 39.03921 ], [ -77.098774, 39.039386 ], [ -77.099811, 39.039277 ], [ -77.099819, 39.039547 ], [ -77.100283, 39.039629 ], [ -77.100187, 39.040261 ], [ -77.100423, 39.040437 ], [ -77.100431, 39.040707 ], [ -77.101932, 39.04068 ], [ -77.102391, 39.040582 ], [ -77.102955, 39.040121 ], [ -77.103189, 39.040207 ], [ -77.103183, 39.040027 ], [ -77.104564, 39.039822 ], [ -77.104819, 39.040628 ], [ -77.10553, 39.041246 ], [ -77.105538, 39.041516 ], [ -77.104964, 39.041617 ], [ -77.10513, 39.043326 ], [ -77.109056, 39.043255 ], [ -77.109411, 39.043518 ], [ -77.11034, 39.043682 ], [ -77.110463, 39.04395 ], [ -77.110925, 39.043942 ], [ -77.111282, 39.044295 ], [ -77.111411, 39.044744 ], [ -77.111881, 39.045005 ], [ -77.112375, 39.046078 ], [ -77.111567, 39.046092 ], [ -77.11158, 39.046543 ], [ -77.111814, 39.046628 ], [ -77.111946, 39.047167 ], [ -77.112177, 39.047162 ], [ -77.112534, 39.047516 ], [ -77.113114, 39.047596 ], [ -77.113125, 39.047956 ], [ -77.113597, 39.048308 ], [ -77.113732, 39.048936 ], [ -77.113745, 39.049387 ], [ -77.113291, 39.049665 ], [ -77.113299, 39.049935 ], [ -77.112843, 39.050124 ], [ -77.112625, 39.050578 ], [ -77.113546, 39.050471 ], [ -77.113552, 39.050651 ], [ -77.113783, 39.050647 ], [ -77.113791, 39.050917 ], [ -77.11356, 39.050922 ], [ -77.113452, 39.051194 ], [ -77.114148, 39.051271 ], [ -77.114271, 39.051539 ], [ -77.114618, 39.051533 ], [ -77.114626, 39.051803 ], [ -77.114978, 39.051977 ], [ -77.114997, 39.052607 ], [ -77.114535, 39.052616 ], [ -77.11454, 39.052796 ], [ -77.114312, 39.05289 ], [ -77.11432, 39.05316 ], [ -77.114674, 39.053424 ], [ -77.11468, 39.053604 ], [ -77.11422, 39.053703 ], [ -77.113866, 39.053439 ], [ -77.113404, 39.053447 ], [ -77.113409, 39.053627 ], [ -77.113071, 39.053904 ], [ -77.113087, 39.054444 ], [ -77.113321, 39.05453 ], [ -77.113329, 39.0548 ], [ -77.113675, 39.054794 ], [ -77.113804, 39.055242 ], [ -77.11335, 39.055521 ], [ -77.112888, 39.055529 ], [ -77.112668, 39.055893 ], [ -77.112321, 39.0559 ], [ -77.111956, 39.055275 ], [ -77.111029, 39.055202 ], [ -77.110232, 39.055577 ], [ -77.109536, 39.0555 ], [ -77.109415, 39.055321 ], [ -77.109069, 39.055328 ], [ -77.108843, 39.055512 ], [ -77.108145, 39.055344 ], [ -77.107113, 39.055633 ], [ -77.106761, 39.05546 ], [ -77.106299, 39.055468 ] ] ], [ [ [ -77.106299, 39.055468 ], [ -77.106302, 39.055558 ], [ -77.106187, 39.05556 ], [ -77.106184, 39.05547 ], [ -77.106299, 39.055468 ] ] ], [ [ [ -77.092627, 39.058147 ], [ -77.092745, 39.058235 ], [ -77.09263, 39.058237 ], [ -77.092627, 39.058147 ] ] ] ] } },
{ "type": "Feature", "properties": { "id": "SC34", "sc_id": 34, "area_km2": 7.2625, "downstream_unit": "SC36", "receiving_segment": "R34", "impervious_total": 0.4134, "impervious_connected": 0.2658, "mean_elevation_m": 110.4116, "mean_slope": 0.0762, "control": "" }, "geometry": { "type": "Polygon", "coordinates": [ [ [ -77.062656, 39.068682 ], [ -77.06206, 39.068062 ], [ -77.061483, 39.068072 ], [ -77.061236, 39.067536 ], [ -77.060889, 39.067542 ], [ -77.06065, 39.067276 ], [ -77.060188, 39.067284 ], [ -77.060194, 39.067464 ], [ -77.059734, 39.067563 ], [ -77.059501, 39.067477 ], [ -77.059375, 39.067118 ], [ -77.059718, 39.067022 ], [ -77.059713, 39.066842 ], [ -77.05948, 39.066756 ], [ -77.059464, 39.066216 ], [ -77.059803, 39.06594 ], [ -77.059669, 39.065311 ], [ -77.0599, 39.065307 ], [ -77.059889, 39.064947 ], [ -77.060225, 39.064581 ], [ -77.059412, 39.064415 ], [ -77.05917, 39.064059 ], [ -77.058708, 39.064067 ], [ -77.058482, 39.064251 ], [ -77.058136, 39.064257 ], [ -77.057899, 39.064081 ], [ -77.056051, 39.064114 ], [ -77.055815, 39.063938 ], [ -77.055923, 39.063665 ], [ -77.055689, 39.063579 ], [ -77.055442, 39.063043 ], [ -77.054631, 39.062967 ], [ -77.054508, 39.062699 ], [ -77.054043, 39.062617 ], [ -77.053796, 39.062081 ], [ -77.053324, 39.061729 ], [ -77.052741, 39.061559 ], [ -77.052266, 39.061117 ], [ -77.051576, 39.061219 ], [ -77.05147, 39.061581 ], [ -77.051011, 39.06168 ], [ -77.050539, 39.061328 ], [ -77.050413, 39.060969 ], [ -77.049948, 39.060887 ], [ -77.049827, 39.060709 ], [ -77.049132, 39.060631 ], [ -77.049121, 39.060271 ], [ -77.049347, 39.060087 ], [ -77.049208, 39.059279 ], [ -77.049662, 39.059 ], [ -77.049657, 39.05882 ], [ -77.049426, 39.058824 ], [ -77.049431, 39.059004 ], [ -77.048625, 39.059109 ], [ -77.048515, 39.059291 ], [ -77.047817, 39.059123 ], [ -77.047806, 39.058763 ], [ -77.048266, 39.058664 ], [ -77.049059, 39.05811 ], [ -77.049405, 39.058104 ], [ -77.0494, 39.057924 ], [ -77.049741, 39.057738 ], [ -77.049495, 39.057201 ], [ -77.049146, 39.057117 ], [ -77.049245, 39.056575 ], [ -77.049014, 39.056579 ], [ -77.049007, 39.056309 ], [ -77.049219, 39.055674 ], [ -77.049676, 39.055486 ], [ -77.049671, 39.055306 ], [ -77.050687, 39.054477 ], [ -77.050682, 39.054297 ], [ -77.051144, 39.054289 ], [ -77.051126, 39.053659 ], [ -77.050771, 39.053395 ], [ -77.050874, 39.052942 ], [ -77.050643, 39.052946 ], [ -77.050383, 39.05196 ], [ -77.050262, 39.051782 ], [ -77.050031, 39.051786 ], [ -77.050021, 39.051426 ], [ -77.050475, 39.051147 ], [ -77.050454, 39.050427 ], [ -77.050683, 39.050333 ], [ -77.050788, 39.04997 ], [ -77.051016, 39.049876 ], [ -77.051011, 39.049696 ], [ -77.051357, 39.04969 ], [ -77.051216, 39.048792 ], [ -77.05156, 39.048695 ], [ -77.051531, 39.047705 ], [ -77.052095, 39.047244 ], [ -77.052085, 39.046884 ], [ -77.052431, 39.046878 ], [ -77.052539, 39.046606 ], [ -77.052411, 39.046158 ], [ -77.052639, 39.046064 ], [ -77.052631, 39.045793 ], [ -77.052015, 39.044453 ], [ -77.052122, 39.044181 ], [ -77.051886, 39.044004 ], [ -77.052345, 39.043906 ], [ -77.052456, 39.043724 ], [ -77.052432, 39.042914 ], [ -77.052658, 39.042729 ], [ -77.05265, 39.042459 ], [ -77.052881, 39.042455 ], [ -77.052989, 39.042183 ], [ -77.053335, 39.042177 ], [ -77.053327, 39.041907 ], [ -77.054012, 39.041624 ], [ -77.054102, 39.040722 ], [ -77.054677, 39.040622 ], [ -77.054787, 39.040439 ], [ -77.055138, 39.040613 ], [ -77.055385, 39.04115 ], [ -77.055965, 39.04123 ], [ -77.056322, 39.041584 ], [ -77.056553, 39.04158 ], [ -77.056558, 39.04176 ], [ -77.058301, 39.042089 ], [ -77.05829, 39.041729 ], [ -77.058634, 39.041633 ], [ -77.058873, 39.041899 ], [ -77.059222, 39.041983 ], [ -77.059345, 39.042251 ], [ -77.061198, 39.042399 ], [ -77.061542, 39.042302 ], [ -77.061781, 39.042568 ], [ -77.062705, 39.042552 ], [ -77.062689, 39.042012 ], [ -77.063033, 39.041916 ], [ -77.063027, 39.041736 ], [ -77.063258, 39.041731 ], [ -77.063369, 39.041549 ], [ -77.063831, 39.041541 ], [ -77.064198, 39.042255 ], [ -77.065374, 39.042955 ], [ -77.065597, 39.042681 ], [ -77.065941, 39.042585 ], [ -77.065933, 39.042315 ], [ -77.066618, 39.042032 ], [ -77.066382, 39.041856 ], [ -77.066371, 39.041496 ], [ -77.067284, 39.04112 ], [ -77.067502, 39.040665 ], [ -77.067379, 39.040397 ], [ -77.06761, 39.040393 ], [ -77.0684, 39.039748 ], [ -77.068505, 39.039386 ], [ -77.068961, 39.039198 ], [ -77.069061, 39.038655 ], [ -77.069869, 39.038641 ], [ -77.070098, 39.038547 ], [ -77.070203, 39.038185 ], [ -77.070893, 39.038082 ], [ -77.071003, 39.0379 ], [ -77.072158, 39.037879 ], [ -77.072163, 39.03806 ], [ -77.07321, 39.038311 ], [ -77.074134, 39.038295 ], [ -77.074123, 39.037935 ], [ -77.076086, 39.0379 ], [ -77.076674, 39.03825 ], [ -77.076459, 39.038794 ], [ -77.076693, 39.03888 ], [ -77.076819, 39.039238 ], [ -77.07705, 39.039234 ], [ -77.077407, 39.039588 ], [ -77.078787, 39.039383 ], [ -77.079139, 39.039557 ], [ -77.079147, 39.039827 ], [ -77.079501, 39.040091 ], [ -77.079732, 39.040087 ], [ -77.079834, 39.039635 ], [ -77.080291, 39.039447 ], [ -77.080511, 39.039082 ], [ -77.082931, 39.038859 ], [ -77.083269, 39.038582 ], [ -77.083962, 39.03857 ], [ -77.084301, 39.038294 ], [ -77.084295, 39.038114 ], [ -77.084644, 39.038198 ], [ -77.084781, 39.038916 ], [ -77.085487, 39.039354 ], [ -77.085833, 39.039348 ], [ -77.08607, 39.039524 ], [ -77.086078, 39.039794 ], [ -77.086658, 39.039873 ], [ -77.086778, 39.040051 ], [ -77.08724, 39.040043 ], [ -77.087235, 39.039863 ], [ -77.087581, 39.039857 ], [ -77.087689, 39.039585 ], [ -77.088038, 39.039668 ], [ -77.088495, 39.03948 ], [ -77.088731, 39.039656 ], [ -77.088505, 39.03984 ], [ -77.088521, 39.040381 ], [ -77.087946, 39.040481 ], [ -77.087514, 39.04148 ], [ -77.087175, 39.041756 ], [ -77.086944, 39.04176 ], [ -77.08627, 39.042403 ], [ -77.085924, 39.042409 ], [ -77.085703, 39.042774 ], [ -77.085472, 39.042778 ], [ -77.085483, 39.043138 ], [ -77.085252, 39.043142 ], [ -77.085373, 39.04332 ], [ -77.084924, 39.043779 ], [ -77.08458, 39.043875 ], [ -77.084704, 39.044143 ], [ -77.084475, 39.044237 ], [ -77.084481, 39.044417 ], [ -77.084714, 39.044503 ], [ -77.08472, 39.044683 ], [ -77.084032, 39.044876 ], [ -77.084074, 39.046317 ], [ -77.084542, 39.046489 ], [ -77.085135, 39.047019 ], [ -77.085366, 39.047014 ], [ -77.085371, 39.047195 ], [ -77.085725, 39.047459 ], [ -77.085747, 39.048179 ], [ -77.08529, 39.048367 ], [ -77.085298, 39.048637 ], [ -77.083917, 39.048842 ], [ -77.083697, 39.049207 ], [ -77.083514, 39.050832 ], [ -77.083167, 39.050838 ], [ -77.083173, 39.051018 ], [ -77.082942, 39.051022 ], [ -77.082732, 39.051747 ], [ -77.082283, 39.052205 ], [ -77.081706, 39.052216 ], [ -77.081842, 39.052934 ], [ -77.081732, 39.053116 ], [ -77.081501, 39.05312 ], [ -77.081627, 39.053478 ], [ -77.081396, 39.053483 ], [ -77.081186, 39.054207 ], [ -77.08121, 39.055018 ], [ -77.08179, 39.055097 ], [ -77.081795, 39.055277 ], [ -77.082029, 39.055363 ], [ -77.081924, 39.055726 ], [ -77.080772, 39.055836 ], [ -77.080782, 39.056196 ], [ -77.080446, 39.056563 ], [ -77.08057, 39.056831 ], [ -77.080342, 39.056925 ], [ -77.080355, 39.057375 ], [ -77.079321, 39.057574 ], [ -77.079092, 39.057668 ], [ -77.079097, 39.057848 ], [ -77.078058, 39.057867 ], [ -77.077381, 39.05842 ], [ -77.077032, 39.058336 ], [ -77.077055, 39.059146 ], [ -77.076832, 39.05942 ], [ -77.076956, 39.059689 ], [ -77.077415, 39.05959 ], [ -77.077541, 39.059948 ], [ -77.076848, 39.059961 ], [ -77.076977, 39.060409 ], [ -77.076748, 39.060503 ], [ -77.076767, 39.061134 ], [ -77.07573, 39.061242 ], [ -77.075625, 39.061604 ], [ -77.075163, 39.061613 ], [ -77.074709, 39.061891 ], [ -77.074609, 39.062433 ], [ -77.074383, 39.062618 ], [ -77.074034, 39.062534 ], [ -77.074294, 39.06352 ], [ -77.07337, 39.063537 ], [ -77.073152, 39.063991 ], [ -77.072921, 39.063995 ], [ -77.072801, 39.063817 ], [ -77.070719, 39.063764 ], [ -77.070262, 39.063952 ], [ -77.069913, 39.063868 ], [ -77.069459, 39.064147 ], [ -77.068188, 39.064169 ], [ -77.067983, 39.065074 ], [ -77.068335, 39.065248 ], [ -77.06834, 39.065428 ], [ -77.067996, 39.065524 ], [ -77.068002, 39.065704 ], [ -77.067537, 39.065622 ], [ -77.067411, 39.065264 ], [ -77.066261, 39.065465 ], [ -77.066731, 39.065727 ], [ -77.066768, 39.066988 ], [ -77.06712, 39.067161 ], [ -77.067361, 39.067518 ], [ -77.067828, 39.06769 ], [ -77.067492, 39.068056 ], [ -77.0675, 39.068326 ], [ -77.067028, 39.067974 ], [ -77.066337, 39.068076 ], [ -77.065998, 39.068353 ], [ -77.065878, 39.068175 ], [ -77.065295, 39.068005 ], [ -77.063447, 39.068037 ], [ -77.063454, 39.068308 ], [ -77.062995, 39.068406 ], [ -77.062656, 39.068682 ] ] ] } },
{ "type": "Feature", "properties": { "id": "SC35", "sc_id": 35, "area_km2": 4.0933, "downstream_unit": "SC39", "receiving_segment": "R35", "impervious_total": 0.4049, "impervious_connected": 0.2576, "mean_elevation_m": 99.0159, "mean_slope": 0.0739, "control": "" }, "geometry": { "type": "Polygon", "coordinates": [ [ [ -77.115064, 39.04711 ], [ -77.114819, 39.046664 ], [ -77.11447, 39.04658 ], [ -77.114451, 39.04595 ], [ -77.11422, 39.045954 ], [ -77.114215, 39.045774 ], [ -77.114561, 39.045768 ], [ -77.114535, 39.044867 ], [ -77.114183, 39.044693 ], [ -77.114169, 39.044243 ], [ -77.11439, 39.043879 ], [ -77.114263, 39.043521 ], [ -77.114838, 39.04342 ], [ -77.114929, 39.042608 ], [ -77.115262, 39.042151 ], [ -77.115201, 39.04008 ], [ -77.114733, 39.039908 ], [ -77.114607, 39.03955 ], [ -77.113452, 39.039571 ], [ -77.113332, 39.039393 ], [ -77.112872, 39.039491 ], [ -77.112741, 39.038953 ], [ -77.112163, 39.038964 ], [ -77.112043, 39.038786 ], [ -77.111468, 39.038886 ], [ -77.111347, 39.038708 ], [ -77.110657, 39.038811 ], [ -77.110069, 39.038461 ], [ -77.109814, 39.037655 ], [ -77.10958, 39.037569 ], [ -77.109333, 39.037033 ], [ -77.108871, 39.037041 ], [ -77.108887, 39.037581 ], [ -77.108313, 39.037682 ], [ -77.108189, 39.037414 ], [ -77.107496, 39.037426 ], [ -77.107376, 39.037248 ], [ -77.107145, 39.037252 ], [ -77.106903, 39.036896 ], [ -77.106557, 39.036903 ], [ -77.106543, 39.036452 ], [ -77.106079, 39.036371 ], [ -77.105604, 39.035929 ], [ -77.105373, 39.035933 ], [ -77.105467, 39.03521 ], [ -77.10569, 39.034936 ], [ -77.105561, 39.034488 ], [ -77.105902, 39.034302 ], [ -77.105848, 39.032501 ], [ -77.105612, 39.032325 ], [ -77.105604, 39.032054 ], [ -77.105373, 39.032059 ], [ -77.105016, 39.031705 ], [ -77.104667, 39.031621 ], [ -77.105113, 39.031072 ], [ -77.105102, 39.030712 ], [ -77.104643, 39.03081 ], [ -77.104291, 39.030637 ], [ -77.103832, 39.030735 ], [ -77.103365, 39.030563 ], [ -77.103328, 39.029302 ], [ -77.103094, 39.029217 ], [ -77.103314, 39.028852 ], [ -77.103081, 39.028766 ], [ -77.10307, 39.028406 ], [ -77.102834, 39.02823 ], [ -77.102818, 39.02769 ], [ -77.102243, 39.02779 ], [ -77.102007, 39.027614 ], [ -77.101999, 39.027344 ], [ -77.101306, 39.027357 ], [ -77.100944, 39.026823 ], [ -77.100018, 39.026749 ], [ -77.099771, 39.026213 ], [ -77.099301, 39.025951 ], [ -77.099282, 39.025321 ], [ -77.099513, 39.025317 ], [ -77.099505, 39.025046 ], [ -77.099733, 39.024952 ], [ -77.099717, 39.024412 ], [ -77.100053, 39.024046 ], [ -77.100152, 39.023503 ], [ -77.100383, 39.023499 ], [ -77.100826, 39.02286 ], [ -77.101508, 39.022488 ], [ -77.101498, 39.022127 ], [ -77.102301, 39.021933 ], [ -77.102539, 39.022199 ], [ -77.102886, 39.022192 ], [ -77.102996, 39.02201 ], [ -77.103342, 39.022004 ], [ -77.103447, 39.021642 ], [ -77.103678, 39.021638 ], [ -77.103683, 39.021818 ], [ -77.10415, 39.021989 ], [ -77.104158, 39.02226 ], [ -77.105087, 39.022423 ], [ -77.105323, 39.022599 ], [ -77.105901, 39.022589 ], [ -77.106121, 39.022224 ], [ -77.106097, 39.021414 ], [ -77.105745, 39.02124 ], [ -77.10574, 39.02106 ], [ -77.105509, 39.021064 ], [ -77.105498, 39.020704 ], [ -77.105724, 39.020519 ], [ -77.106414, 39.020417 ], [ -77.106655, 39.020773 ], [ -77.107117, 39.020765 ], [ -77.107125, 39.021035 ], [ -77.107482, 39.021389 ], [ -77.107949, 39.02156 ], [ -77.107957, 39.021831 ], [ -77.108537, 39.02191 ], [ -77.108763, 39.021726 ], [ -77.108779, 39.022266 ], [ -77.10901, 39.022262 ], [ -77.109015, 39.022442 ], [ -77.109482, 39.022614 ], [ -77.109726, 39.02306 ], [ -77.110304, 39.02305 ], [ -77.110424, 39.023228 ], [ -77.110889, 39.023309 ], [ -77.110999, 39.023127 ], [ -77.11123, 39.023123 ], [ -77.111222, 39.022853 ], [ -77.111675, 39.022574 ], [ -77.11167, 39.022394 ], [ -77.112129, 39.022296 ], [ -77.11211, 39.021665 ], [ -77.112336, 39.021481 ], [ -77.112317, 39.020851 ], [ -77.11254, 39.020576 ], [ -77.112414, 39.020218 ], [ -77.112868, 39.01994 ], [ -77.112859, 39.01967 ], [ -77.113211, 39.019843 ], [ -77.113227, 39.020384 ], [ -77.113692, 39.020465 ], [ -77.113821, 39.020914 ], [ -77.115093, 39.020981 ], [ -77.115447, 39.021244 ], [ -77.115576, 39.021693 ], [ -77.115807, 39.021688 ], [ -77.116035, 39.021594 ], [ -77.115912, 39.021326 ], [ -77.116833, 39.021219 ], [ -77.117176, 39.021123 ], [ -77.117399, 39.020849 ], [ -77.11832, 39.020742 ], [ -77.118422, 39.020289 ], [ -77.119818, 39.020624 ], [ -77.119939, 39.020802 ], [ -77.120631, 39.02079 ], [ -77.120623, 39.02052 ], [ -77.121316, 39.020507 ], [ -77.121415, 39.019965 ], [ -77.121646, 39.019961 ], [ -77.122094, 39.019502 ], [ -77.122554, 39.019403 ], [ -77.122903, 39.019487 ], [ -77.122908, 39.019667 ], [ -77.123499, 39.020107 ], [ -77.12352, 39.020827 ], [ -77.123751, 39.020823 ], [ -77.124116, 39.021447 ], [ -77.125169, 39.021879 ], [ -77.125188, 39.022509 ], [ -77.126221, 39.02231 ], [ -77.126232, 39.02267 ], [ -77.126812, 39.02275 ], [ -77.12671, 39.023202 ], [ -77.126943, 39.023288 ], [ -77.126952, 39.023558 ], [ -77.126492, 39.023656 ], [ -77.126503, 39.024017 ], [ -77.126852, 39.0241 ], [ -77.126979, 39.024458 ], [ -77.127328, 39.024542 ], [ -77.127242, 39.025535 ], [ -77.127475, 39.025621 ], [ -77.127255, 39.025985 ], [ -77.127486, 39.025981 ], [ -77.127615, 39.026429 ], [ -77.126708, 39.026986 ], [ -77.127062, 39.02725 ], [ -77.126952, 39.027432 ], [ -77.127419, 39.027604 ], [ -77.127433, 39.028054 ], [ -77.126858, 39.028155 ], [ -77.126877, 39.028785 ], [ -77.126652, 39.028969 ], [ -77.126915, 39.030046 ], [ -77.126456, 39.030144 ], [ -77.126335, 39.029966 ], [ -77.125296, 39.029985 ], [ -77.125213, 39.031068 ], [ -77.124985, 39.031162 ], [ -77.124993, 39.031432 ], [ -77.125347, 39.031696 ], [ -77.125353, 39.031876 ], [ -77.126164, 39.031952 ], [ -77.12597, 39.033217 ], [ -77.126091, 39.033395 ], [ -77.126438, 39.033388 ], [ -77.126567, 39.033836 ], [ -77.126336, 39.033841 ], [ -77.126228, 39.034113 ], [ -77.125882, 39.034119 ], [ -77.125775, 39.034391 ], [ -77.125082, 39.034404 ], [ -77.125087, 39.034584 ], [ -77.124859, 39.034678 ], [ -77.12487, 39.035039 ], [ -77.124639, 39.035043 ], [ -77.124644, 39.035223 ], [ -77.124416, 39.035317 ], [ -77.124182, 39.035231 ], [ -77.124177, 39.035051 ], [ -77.123361, 39.034796 ], [ -77.123157, 39.035701 ], [ -77.122816, 39.035887 ], [ -77.122945, 39.036335 ], [ -77.123296, 39.036509 ], [ -77.123192, 39.036871 ], [ -77.122386, 39.036976 ], [ -77.122521, 39.037604 ], [ -77.122064, 39.037793 ], [ -77.122107, 39.039234 ], [ -77.121882, 39.039418 ], [ -77.121535, 39.039424 ], [ -77.121428, 39.039696 ], [ -77.120971, 39.039885 ], [ -77.120988, 39.040425 ], [ -77.120759, 39.040519 ], [ -77.120767, 39.04079 ], [ -77.121001, 39.040875 ], [ -77.121165, 39.042494 ], [ -77.120711, 39.042773 ], [ -77.120717, 39.042953 ], [ -77.120373, 39.043049 ], [ -77.120265, 39.043322 ], [ -77.119352, 39.043699 ], [ -77.11936, 39.043969 ], [ -77.119704, 39.043872 ], [ -77.119951, 39.044408 ], [ -77.118802, 39.04461 ], [ -77.118829, 39.04551 ], [ -77.118144, 39.045793 ], [ -77.118157, 39.046243 ], [ -77.116315, 39.046457 ], [ -77.11621, 39.046819 ], [ -77.115402, 39.046834 ], [ -77.115295, 39.047106 ], [ -77.115064, 39.04711 ] ] ] } },
{ "type": "Feature", "properties": { "id": "SC36", "sc_id": 36, "area_km2": 5.1226, "downstream_unit": "SC39", "receiving_segment": "R36", "impervious_total": 0.363, "impervious_connected": 0.2187, "mean_elevation_m": 88.71, "mean_slope": 0.0824, "control": "" }, "geometry": { "type": "Polygon", "coordinates": [ [ [ -77.112851, 39.04652 ], [ -77.112383, 39.046348 ], [ -77.112126, 39.045452 ], [ -77.111889, 39.045276 ], [ -77.111881, 39.045005 ], [ -77.111411, 39.044744 ], [ -77.111282, 39.044295 ], [ -77.110925, 39.043942 ], [ -77.110463, 39.04395 ], [ -77.11034, 39.043682 ], [ -77.109411, 39.043518 ], [ -77.109056, 39.043255 ], [ -77.107904, 39.043366 ], [ -77.107437, 39.043194 ], [ -77.105012, 39.043238 ], [ -77.104964, 39.041617 ], [ -77.105538, 39.041516 ], [ -77.10553, 39.041246 ], [ -77.10494, 39.040806 ], [ -77.104564, 39.039822 ], [ -77.103183, 39.040027 ], [ -77.103189, 39.040207 ], [ -77.102955, 39.040121 ], [ -77.102391, 39.040582 ], [ -77.100431, 39.040707 ], [ -77.100423, 39.040437 ], [ -77.100187, 39.040261 ], [ -77.100283, 39.039629 ], [ -77.099937, 39.039635 ], [ -77.099811, 39.039277 ], [ -77.098774, 39.039386 ], [ -77.098538, 39.03921 ], [ -77.098192, 39.039216 ], [ -77.097008, 39.038246 ], [ -77.097115, 39.037974 ], [ -77.096519, 39.037354 ], [ -77.096629, 39.037172 ], [ -77.096388, 39.036816 ], [ -77.095813, 39.036916 ], [ -77.09534, 39.036564 ], [ -77.094763, 39.036575 ], [ -77.094527, 39.036399 ], [ -77.094516, 39.036038 ], [ -77.094159, 39.035684 ], [ -77.094951, 39.03513 ], [ -77.094928, 39.034319 ], [ -77.094106, 39.033883 ], [ -77.093644, 39.033892 ], [ -77.093306, 39.034168 ], [ -77.093314, 39.034438 ], [ -77.092967, 39.034444 ], [ -77.092726, 39.034088 ], [ -77.092495, 39.034092 ], [ -77.09239, 39.034455 ], [ -77.091925, 39.034373 ], [ -77.091708, 39.034827 ], [ -77.091364, 39.034924 ], [ -77.091149, 39.035468 ], [ -77.090574, 39.035569 ], [ -77.090832, 39.036465 ], [ -77.091063, 39.036461 ], [ -77.091068, 39.036641 ], [ -77.090724, 39.036737 ], [ -77.090845, 39.036915 ], [ -77.090617, 39.037009 ], [ -77.090625, 39.03728 ], [ -77.090397, 39.037374 ], [ -77.090182, 39.037918 ], [ -77.089728, 39.038197 ], [ -77.089625, 39.038649 ], [ -77.089395, 39.038653 ], [ -77.0894, 39.038833 ], [ -77.089056, 39.038929 ], [ -77.089185, 39.039378 ], [ -77.088731, 39.039656 ], [ -77.088495, 39.03948 ], [ -77.088038, 39.039668 ], [ -77.087689, 39.039585 ], [ -77.087581, 39.039857 ], [ -77.087235, 39.039863 ], [ -77.08724, 39.040043 ], [ -77.086778, 39.040051 ], [ -77.086658, 39.039873 ], [ -77.086078, 39.039794 ], [ -77.08607, 39.039524 ], [ -77.085833, 39.039348 ], [ -77.085135, 39.03918 ], [ -77.08466, 39.038738 ], [ -77.084526, 39.03811 ], [ -77.084295, 39.038114 ], [ -77.084301, 39.038294 ], [ -77.083962, 39.03857 ], [ -77.083269, 39.038582 ], [ -77.082931, 39.038859 ], [ -77.080511, 39.039082 ], [ -77.080516, 39.039262 ], [ -77.080286, 39.039266 ], [ -77.080291, 39.039447 ], [ -77.079834, 39.039635 ], [ -77.079732, 39.040087 ], [ -77.079501, 39.040091 ], [ -77.079147, 39.039827 ], [ -77.079139, 39.039557 ], [ -77.078787, 39.039383 ], [ -77.077407, 39.039588 ], [ -77.07705, 39.039234 ], [ -77.076819, 39.039238 ], [ -77.076693, 39.03888 ], [ -77.076459, 39.038794 ], [ -77.076674, 39.03825 ], [ -77.076086, 39.0379 ], [ -77.074123, 39.037935 ], [ -77.074134, 39.038295 ], [ -77.07263, 39.038231 ], [ -77.072509, 39.038053 ], [ -77.072163, 39.03806 ], [ -77.072158, 39.037879 ], [ -77.071003, 39.0379 ], [ -77.070893, 39.038082 ], [ -77.070315, 39.038092 ], [ -77.070525, 39.037368 ], [ -77.070985, 39.03727 ], [ -77.070746, 39.037004 ], [ -77.07109, 39.036907 ], [ -77.071076, 39.036457 ], [ -77.071305, 39.036363 ], [ -77.071299, 39.036183 ], [ -77.07153, 39.036179 ], [ -77.071638, 39.035907 ], [ -77.071869, 39.035902 ], [ -77.071974, 39.03554 ], [ -77.072315, 39.035354 ], [ -77.072307, 39.035084 ], [ -77.073, 39.035071 ], [ -77.072987, 39.034621 ], [ -77.073218, 39.034617 ], [ -77.073212, 39.034437 ], [ -77.072866, 39.034443 ], [ -77.072858, 39.034173 ], [ -77.072391, 39.034001 ], [ -77.072386, 39.033821 ], [ -77.072842, 39.033633 ], [ -77.072714, 39.033184 ], [ -77.073052, 39.032908 ], [ -77.073031, 39.032188 ], [ -77.073367, 39.031821 ], [ -77.073829, 39.031813 ], [ -77.07428, 39.031445 ], [ -77.074608, 39.030808 ], [ -77.074842, 39.030894 ], [ -77.07529, 39.030436 ], [ -77.075282, 39.030165 ], [ -77.07597, 39.029973 ], [ -77.075946, 39.029162 ], [ -77.076395, 39.028704 ], [ -77.077208, 39.02887 ], [ -77.077423, 39.028325 ], [ -77.077182, 39.027969 ], [ -77.077271, 39.027067 ], [ -77.077735, 39.027148 ], [ -77.07773, 39.026968 ], [ -77.078187, 39.02678 ], [ -77.07852, 39.026323 ], [ -77.078512, 39.026053 ], [ -77.078738, 39.025869 ], [ -77.078722, 39.025329 ], [ -77.078945, 39.025054 ], [ -77.078939, 39.024874 ], [ -77.078706, 39.024788 ], [ -77.078808, 39.024336 ], [ -77.079839, 39.024047 ], [ -77.0797, 39.023239 ], [ -77.080038, 39.022963 ], [ -77.080028, 39.022602 ], [ -77.079679, 39.022519 ], [ -77.079427, 39.021802 ], [ -77.079886, 39.021704 ], [ -77.079878, 39.021434 ], [ -77.080222, 39.021338 ], [ -77.080558, 39.020971 ], [ -77.080437, 39.020793 ], [ -77.080781, 39.020697 ], [ -77.081001, 39.020333 ], [ -77.081232, 39.020328 ], [ -77.081226, 39.020148 ], [ -77.081568, 39.019962 ], [ -77.08156, 39.019692 ], [ -77.08179, 39.019688 ], [ -77.081901, 39.019506 ], [ -77.08189, 39.019145 ], [ -77.082467, 39.019135 ], [ -77.082462, 39.018955 ], [ -77.08269, 39.018861 ], [ -77.083385, 39.018938 ], [ -77.083496, 39.018756 ], [ -77.083957, 39.018748 ], [ -77.083963, 39.018928 ], [ -77.08443, 39.0191 ], [ -77.085007, 39.01909 ], [ -77.085012, 39.01927 ], [ -77.085587, 39.019169 ], [ -77.085826, 39.019435 ], [ -77.08629, 39.019517 ], [ -77.086301, 39.019877 ], [ -77.087227, 39.019951 ], [ -77.087581, 39.020215 ], [ -77.088735, 39.020194 ], [ -77.08873, 39.020014 ], [ -77.089074, 39.019918 ], [ -77.089538, 39.02 ], [ -77.089662, 39.020268 ], [ -77.090585, 39.020251 ], [ -77.090937, 39.020425 ], [ -77.090955, 39.021055 ], [ -77.091194, 39.021322 ], [ -77.091092, 39.021774 ], [ -77.091449, 39.022128 ], [ -77.091795, 39.022122 ], [ -77.091578, 39.022576 ], [ -77.092963, 39.022551 ], [ -77.093304, 39.022365 ], [ -77.093293, 39.022005 ], [ -77.093747, 39.021726 ], [ -77.094093, 39.02172 ], [ -77.094448, 39.021984 ], [ -77.09502, 39.021793 ], [ -77.095033, 39.022244 ], [ -77.095274, 39.0226 ], [ -77.095049, 39.022784 ], [ -77.095057, 39.023054 ], [ -77.095411, 39.023318 ], [ -77.095301, 39.0235 ], [ -77.095768, 39.023672 ], [ -77.09601, 39.024028 ], [ -77.096474, 39.02411 ], [ -77.097046, 39.023919 ], [ -77.097403, 39.024273 ], [ -77.097427, 39.025084 ], [ -77.09823, 39.024889 ], [ -77.098335, 39.024527 ], [ -77.098909, 39.024427 ], [ -77.099009, 39.023884 ], [ -77.099465, 39.023696 ], [ -77.099452, 39.023245 ], [ -77.099683, 39.023241 ], [ -77.099677, 39.023061 ], [ -77.099908, 39.023057 ], [ -77.099903, 39.022877 ], [ -77.100247, 39.022781 ], [ -77.100239, 39.02251 ], [ -77.10058, 39.022324 ], [ -77.100572, 39.022054 ], [ -77.101262, 39.021951 ], [ -77.101498, 39.022127 ], [ -77.101508, 39.022488 ], [ -77.100826, 39.02286 ], [ -77.100383, 39.023499 ], [ -77.100152, 39.023503 ], [ -77.100053, 39.024046 ], [ -77.099717, 39.024412 ], [ -77.099733, 39.024952 ], [ -77.099505, 39.025046 ], [ -77.099513, 39.025317 ], [ -77.099282, 39.025321 ], [ -77.099301, 39.025951 ], [ -77.099771, 39.026213 ], [ -77.100018, 39.026749 ], [ -77.100944, 39.026823 ], [ -77.101306, 39.027357 ], [ -77.101999, 39.027344 ], [ -77.102007, 39.027614 ], [ -77.102243, 39.02779 ], [ -77.102818, 39.02769 ], [ -77.102834, 39.02823 ], [ -77.10307, 39.028406 ], [ -77.103081, 39.028766 ], [ -77.103314, 39.028852 ], [ -77.103091, 39.029126 ], [ -77.103328, 39.029302 ], [ -77.103365, 39.030563 ], [ -77.103832, 39.030735 ], [ -77.104291, 39.030637 ], [ -77.104643, 39.03081 ], [ -77.105102, 39.030712 ], [ -77.105113, 39.031072 ], [ -77.104667, 39.031621 ], [ -77.105016, 39.031705 ], [ -77.105373, 39.032059 ], [ -77.105604, 39.032054 ], [ -77.105612, 39.032325 ], [ -77.105848, 39.032501 ], [ -77.105902, 39.034302 ], [ -77.105561, 39.034488 ], [ -77.10569, 39.034936 ], [ -77.105467, 39.03521 ], [ -77.105373, 39.035933 ], [ -77.105604, 39.035929 ], [ -77.106079, 39.036371 ], [ -77.106543, 39.036452 ], [ -77.106557, 39.036903 ], [ -77.106903, 39.036896 ], [ -77.106908, 39.037077 ], [ -77.107139, 39.037072 ], [ -77.107145, 39.037252 ], [ -77.107376, 39.037248 ], [ -77.107496, 39.037426 ], [ -77.108189, 39.037414 ], [ -77.108313, 39.037682 ], [ -77.108887, 39.037581 ], [ -77.108871, 39.037041 ], [ -77.109333, 39.037033 ], [ -77.10958, 39.037569 ], [ -77.109814, 39.037655 ], [ -77.110069, 39.038461 ], [ -77.110657, 39.038811 ], [ -77.111347, 39.038708 ], [ -77.111468, 39.038886 ], [ -77.112043, 39.038786 ], [ -77.112163, 39.038964 ], [ -77.112741, 39.038953 ], [ -77.112872, 39.039491 ], [ -77.113332, 39.039393 ], [ -77.113452, 39.039571 ], [ -77.114607, 39.03955 ], [ -77.114733, 39.039908 ], [ -77.115201, 39.04008 ], [ -77.115262, 39.042151 ], [ -77.114929, 39.042608 ], [ -77.114838, 39.04342 ], [ -77.114263, 39.043521 ], [ -77.11439, 39.043879 ], [ -77.114169, 39.044243 ], [ -77.114183, 39.044693 ], [ -77.114535, 39.044867 ], [ -77.114561, 39.045768 ], [ -77.113407, 39.045789 ], [ -77.113181, 39.045973 ], [ -77.113194, 39.046423 ], [ -77.112851, 39.04652 ] ] ] } },
{ "type": "Feature", "properties": { "id": "SC37", "sc_id": 37, "area_km2": 1.4617, "downstream_unit": "SC42", "receiving_segment": "R37", "impervious_total": 0.2706, "impervious_connected": 0.1408, "mean_elevation_m": 77.132, "mean_slope": 0.1077, "control": "" }, "geometry": { "type": "Polygon", "coordinates": [ [ [ -77.066954, 39.021844 ], [ -77.066248, 39.021406 ], [ -77.066125, 39.021138 ], [ -77.065894, 39.021142 ], [ -77.065537, 39.020788 ], [ -77.065306, 39.020792 ], [ -77.064949, 39.020438 ], [ -77.0646, 39.020354 ], [ -77.064821, 39.019989 ], [ -77.064472, 39.019906 ], [ -77.06423, 39.019549 ], [ -77.063999, 39.019554 ], [ -77.063871, 39.019105 ], [ -77.062601, 39.019128 ], [ -77.062703, 39.018675 ], [ -77.06247, 39.018589 ], [ -77.062449, 39.017869 ], [ -77.062323, 39.017511 ], [ -77.06209, 39.017425 ], [ -77.061586, 39.015992 ], [ -77.061581, 39.015812 ], [ -77.061922, 39.015626 ], [ -77.061785, 39.014907 ], [ -77.062127, 39.014721 ], [ -77.062006, 39.014543 ], [ -77.06246, 39.014265 ], [ -77.062452, 39.013995 ], [ -77.062908, 39.013806 ], [ -77.062651, 39.01291 ], [ -77.062882, 39.012906 ], [ -77.063215, 39.012449 ], [ -77.063202, 39.011999 ], [ -77.063433, 39.011995 ], [ -77.06353, 39.011363 ], [ -77.063759, 39.011268 ], [ -77.063753, 39.011088 ], [ -77.064328, 39.010988 ], [ -77.064666, 39.010712 ], [ -77.064546, 39.010534 ], [ -77.065002, 39.010345 ], [ -77.06534, 39.010069 ], [ -77.065335, 39.009889 ], [ -77.066127, 39.009334 ], [ -77.066114, 39.008884 ], [ -77.06576, 39.00862 ], [ -77.065742, 39.00799 ], [ -77.06597, 39.007896 ], [ -77.06596, 39.007535 ], [ -77.065726, 39.007449 ], [ -77.065474, 39.006733 ], [ -77.065697, 39.006459 ], [ -77.065928, 39.006455 ], [ -77.065794, 39.005826 ], [ -77.066133, 39.00555 ], [ -77.065771, 39.005016 ], [ -77.065871, 39.004473 ], [ -77.065619, 39.003757 ], [ -77.06608, 39.003749 ], [ -77.066647, 39.003379 ], [ -77.068263, 39.00335 ], [ -77.068604, 39.003164 ], [ -77.068821, 39.002709 ], [ -77.069173, 39.002883 ], [ -77.069281, 39.002611 ], [ -77.069973, 39.002599 ], [ -77.069965, 39.002329 ], [ -77.070427, 39.00232 ], [ -77.070547, 39.002498 ], [ -77.071468, 39.002392 ], [ -77.07205, 39.002562 ], [ -77.072064, 39.003012 ], [ -77.07253, 39.003184 ], [ -77.072772, 39.00354 ], [ -77.073808, 39.003432 ], [ -77.074293, 39.004234 ], [ -77.075114, 39.00467 ], [ -77.075009, 39.005032 ], [ -77.075251, 39.005388 ], [ -77.075264, 39.005838 ], [ -77.075495, 39.005834 ], [ -77.075505, 39.006195 ], [ -77.075277, 39.006289 ], [ -77.075282, 39.006469 ], [ -77.074705, 39.006479 ], [ -77.074718, 39.006929 ], [ -77.074608, 39.007112 ], [ -77.074262, 39.007118 ], [ -77.074275, 39.007568 ], [ -77.073934, 39.007754 ], [ -77.073945, 39.008114 ], [ -77.073609, 39.008481 ], [ -77.074782, 39.009091 ], [ -77.076164, 39.008976 ], [ -77.076059, 39.009338 ], [ -77.07618, 39.009516 ], [ -77.076411, 39.009512 ], [ -77.076434, 39.010323 ], [ -77.076668, 39.010409 ], [ -77.076678, 39.010769 ], [ -77.077033, 39.011033 ], [ -77.077048, 39.011573 ], [ -77.077636, 39.011923 ], [ -77.077641, 39.012103 ], [ -77.077287, 39.011839 ], [ -77.076946, 39.012025 ], [ -77.076484, 39.012034 ], [ -77.07613, 39.01177 ], [ -77.075666, 39.011688 ], [ -77.075658, 39.011418 ], [ -77.075196, 39.011426 ], [ -77.074842, 39.011162 ], [ -77.074477, 39.010538 ], [ -77.07378, 39.01037 ], [ -77.073738, 39.008929 ], [ -77.073491, 39.008393 ], [ -77.07326, 39.008397 ], [ -77.07304, 39.008761 ], [ -77.073071, 39.009842 ], [ -77.072499, 39.010032 ], [ -77.072392, 39.010304 ], [ -77.072046, 39.010311 ], [ -77.071935, 39.010493 ], [ -77.071699, 39.010317 ], [ -77.07112, 39.010237 ], [ -77.070661, 39.010335 ], [ -77.070789, 39.010783 ], [ -77.07102, 39.010779 ], [ -77.071036, 39.01132 ], [ -77.071385, 39.011404 ], [ -77.071393, 39.011674 ], [ -77.071747, 39.011938 ], [ -77.071655, 39.01275 ], [ -77.071776, 39.012928 ], [ -77.072006, 39.012924 ], [ -77.07225, 39.01337 ], [ -77.072599, 39.013454 ], [ -77.072269, 39.014001 ], [ -77.072285, 39.014541 ], [ -77.07276, 39.014983 ], [ -77.072529, 39.014987 ], [ -77.072534, 39.015167 ], [ -77.072193, 39.015354 ], [ -77.071983, 39.016078 ], [ -77.071873, 39.01626 ], [ -77.071642, 39.016264 ], [ -77.07166, 39.016895 ], [ -77.070852, 39.016909 ], [ -77.070732, 39.016731 ], [ -77.07027, 39.016739 ], [ -77.070044, 39.016924 ], [ -77.070071, 39.017824 ], [ -77.069493, 39.017834 ], [ -77.069268, 39.018019 ], [ -77.069281, 39.018469 ], [ -77.06884, 39.019197 ], [ -77.068853, 39.019648 ], [ -77.068628, 39.019832 ], [ -77.068754, 39.02019 ], [ -77.068415, 39.020466 ], [ -77.068541, 39.020825 ], [ -77.068313, 39.020919 ], [ -77.068321, 39.021189 ], [ -77.067743, 39.021199 ], [ -77.067526, 39.021653 ], [ -77.066954, 39.021844 ] ] ] } },
{ "type": "Feature", "properties": { "id": "SC38", "sc_id": 38, "area_km2": 2.6649, "downstream_unit": "SC42", "receiving_segment": "R38", "impervious_total": 0.3738, "impervious_connected": 0.2285, "mean_elevation_m": 103.2145, "mean_slope": 0.1026, "control": "" }, "geometry": { "type": "Polygon", "coordinates": [ [ [ -77.053981, 39.02856 ], [ -77.053624, 39.028206 ], [ -77.053613, 39.027846 ], [ -77.053034, 39.027766 ], [ -77.052797, 39.02759 ], [ -77.05279, 39.02732 ], [ -77.052317, 39.026968 ], [ -77.052304, 39.026518 ], [ -77.052073, 39.026522 ], [ -77.052063, 39.026161 ], [ -77.051829, 39.026075 ], [ -77.051935, 39.025713 ], [ -77.05158, 39.025449 ], [ -77.050767, 39.025283 ], [ -77.050541, 39.025467 ], [ -77.050079, 39.025475 ], [ -77.049956, 39.025207 ], [ -77.049612, 39.025303 ], [ -77.049487, 39.024945 ], [ -77.049256, 39.024949 ], [ -77.04902, 39.024773 ], [ -77.049012, 39.024503 ], [ -77.04866, 39.024329 ], [ -77.048647, 39.023879 ], [ -77.047949, 39.023711 ], [ -77.047708, 39.023355 ], [ -77.047246, 39.023363 ], [ -77.046864, 39.022108 ], [ -77.046168, 39.02203 ], [ -77.045825, 39.022126 ], [ -77.04583, 39.022306 ], [ -77.045601, 39.022401 ], [ -77.044329, 39.022333 ], [ -77.044303, 39.021432 ], [ -77.044059, 39.020986 ], [ -77.043713, 39.020992 ], [ -77.043353, 39.020548 ], [ -77.042776, 39.020558 ], [ -77.042986, 39.019833 ], [ -77.04296, 39.018933 ], [ -77.043986, 39.018464 ], [ -77.043861, 39.018106 ], [ -77.044089, 39.018012 ], [ -77.044071, 39.017382 ], [ -77.044645, 39.017282 ], [ -77.044874, 39.017187 ], [ -77.044868, 39.017007 ], [ -77.045099, 39.017003 ], [ -77.044037, 39.016211 ], [ -77.044024, 39.015761 ], [ -77.04447, 39.015212 ], [ -77.044455, 39.014672 ], [ -77.044686, 39.014668 ], [ -77.04467, 39.014128 ], [ -77.044203, 39.013956 ], [ -77.044193, 39.013595 ], [ -77.043962, 39.013599 ], [ -77.043841, 39.013421 ], [ -77.044295, 39.013143 ], [ -77.044398, 39.012691 ], [ -77.044626, 39.012597 ], [ -77.044718, 39.011784 ], [ -77.045172, 39.011506 ], [ -77.045634, 39.011498 ], [ -77.045623, 39.011137 ], [ -77.04597, 39.011131 ], [ -77.045964, 39.010951 ], [ -77.045618, 39.010957 ], [ -77.045497, 39.010779 ], [ -77.044915, 39.010609 ], [ -77.0449, 39.010069 ], [ -77.044669, 39.010073 ], [ -77.044546, 39.009805 ], [ -77.043732, 39.009639 ], [ -77.043727, 39.009459 ], [ -77.043496, 39.009463 ], [ -77.043142, 39.009199 ], [ -77.04324, 39.008566 ], [ -77.043594, 39.00883 ], [ -77.04394, 39.008824 ], [ -77.044296, 39.009179 ], [ -77.044756, 39.00908 ], [ -77.044992, 39.009256 ], [ -77.045446, 39.008978 ], [ -77.047754, 39.008938 ], [ -77.048234, 39.00956 ], [ -77.050555, 39.00997 ], [ -77.050789, 39.010056 ], [ -77.050797, 39.010326 ], [ -77.051033, 39.010502 ], [ -77.051492, 39.010404 ], [ -77.051474, 39.009773 ], [ -77.051817, 39.009677 ], [ -77.05204, 39.009403 ], [ -77.052615, 39.009303 ], [ -77.052743, 39.009751 ], [ -77.054475, 39.00972 ], [ -77.054934, 39.009622 ], [ -77.055044, 39.00944 ], [ -77.05539, 39.009434 ], [ -77.055293, 39.010066 ], [ -77.055642, 39.01015 ], [ -77.055647, 39.010331 ], [ -77.055878, 39.010326 ], [ -77.056007, 39.010775 ], [ -77.056481, 39.011217 ], [ -77.057982, 39.01119 ], [ -77.05799, 39.011461 ], [ -77.058339, 39.011544 ], [ -77.058685, 39.011538 ], [ -77.059246, 39.010988 ], [ -77.059241, 39.010808 ], [ -77.059936, 39.010886 ], [ -77.060057, 39.011064 ], [ -77.060862, 39.010959 ], [ -77.061217, 39.011223 ], [ -77.062253, 39.011115 ], [ -77.063528, 39.011273 ], [ -77.063433, 39.011995 ], [ -77.063202, 39.011999 ], [ -77.063215, 39.012449 ], [ -77.062995, 39.012814 ], [ -77.062651, 39.01291 ], [ -77.062908, 39.013806 ], [ -77.062565, 39.013903 ], [ -77.06246, 39.014265 ], [ -77.062006, 39.014543 ], [ -77.062127, 39.014721 ], [ -77.061785, 39.014907 ], [ -77.061922, 39.015626 ], [ -77.061581, 39.015812 ], [ -77.061843, 39.016889 ], [ -77.062449, 39.017869 ], [ -77.06247, 39.018589 ], [ -77.062703, 39.018675 ], [ -77.062601, 39.019128 ], [ -77.063065, 39.01921 ], [ -77.063194, 39.019658 ], [ -77.062963, 39.019662 ], [ -77.062974, 39.020022 ], [ -77.062632, 39.020208 ], [ -77.06264, 39.020479 ], [ -77.062415, 39.020663 ], [ -77.061953, 39.020671 ], [ -77.061848, 39.021033 ], [ -77.061617, 39.021037 ], [ -77.061512, 39.0214 ], [ -77.061174, 39.021676 ], [ -77.061541, 39.02239 ], [ -77.061323, 39.022844 ], [ -77.060977, 39.022851 ], [ -77.060985, 39.023121 ], [ -77.060308, 39.023673 ], [ -77.060323, 39.024214 ], [ -77.059985, 39.02449 ], [ -77.060113, 39.024938 ], [ -77.059885, 39.025032 ], [ -77.060027, 39.025931 ], [ -77.059685, 39.026117 ], [ -77.059578, 39.026389 ], [ -77.059231, 39.026395 ], [ -77.059006, 39.02658 ], [ -77.059014, 39.02685 ], [ -77.058324, 39.026952 ], [ -77.058447, 39.02722 ], [ -77.058221, 39.027404 ], [ -77.057185, 39.027513 ], [ -77.057082, 39.027965 ], [ -77.056851, 39.027969 ], [ -77.056741, 39.028151 ], [ -77.056048, 39.028163 ], [ -77.056041, 39.027893 ], [ -77.055568, 39.027541 ], [ -77.055458, 39.027723 ], [ -77.054881, 39.027734 ], [ -77.054899, 39.028364 ], [ -77.054666, 39.028278 ], [ -77.054555, 39.02846 ], [ -77.053981, 39.02856 ] ] ] } },
{ "type": "Feature", "properties": { "id": "SC39", "sc_id": 39, "area_km2": 10.2659, "downstream_unit": "SC37", "receiving_segment": "R39", "impervious_total": 0.4195, "impervious_connected": 0.2717, "mean_elevation_m": 88.6551, "mean_slope": 0.0784, "control": "" }, "geometry": { "type": "MultiPolygon", "coordinates": [ [ [ [ -77.109431, 38.989818 ], [ -77.109549, 38.989906 ], [ -77.109434, 38.989908 ], [ -77.109431, 38.989818 ] ] ], [ [ [ -77.109434, 38.989908 ], [ -77.109321, 38.99 ], [ -77.109319, 38.98991 ], [ -77.109434, 38.989908 ] ] ], [ [ [ -77.109104, 38.990455 ], [ -77.109128, 38.991265 ], [ -77.108213, 38.991552 ], [ -77.108342, 38.992 ], [ -77.108688, 38.991994 ], [ -77.108924, 38.99217 ], [ -77.109176, 38.992886 ], [ -77.109525, 38.99297 ], [ -77.109318, 38.993785 ], [ -77.109087, 38.993789 ], [ -77.109095, 38.994059 ], [ -77.108867, 38.994153 ], [ -77.108886, 38.994784 ], [ -77.109012, 38.995142 ], [ -77.109243, 38.995138 ], [ -77.109136, 38.99541 ], [ -77.109603, 38.995582 ], [ -77.109624, 38.996302 ], [ -77.109865, 38.996658 ], [ -77.109758, 38.99693 ], [ -77.110233, 38.997372 ], [ -77.110931, 38.99754 ], [ -77.110939, 38.99781 ], [ -77.110593, 38.997816 ], [ -77.110485, 38.998088 ], [ -77.110142, 38.998185 ], [ -77.109329, 38.998019 ], [ -77.109232, 38.998652 ], [ -77.10866, 38.998842 ], [ -77.108553, 38.999114 ], [ -77.108207, 38.999121 ], [ -77.108212, 38.999301 ], [ -77.107638, 38.999401 ], [ -77.107766, 38.999849 ], [ -77.108, 38.999935 ], [ -77.108005, 39.000115 ], [ -77.108354, 39.000199 ], [ -77.108265, 39.001102 ], [ -77.108622, 39.001456 ], [ -77.108853, 39.001452 ], [ -77.109677, 39.001977 ], [ -77.109924, 39.002513 ], [ -77.109825, 39.003056 ], [ -77.110182, 39.00341 ], [ -77.110576, 39.005025 ], [ -77.110928, 39.005198 ], [ -77.110936, 39.005469 ], [ -77.111282, 39.005462 ], [ -77.111523, 39.005818 ], [ -77.11199, 39.00599 ], [ -77.112798, 39.005975 ], [ -77.112932, 39.006604 ], [ -77.113397, 39.006685 ], [ -77.113408, 39.007046 ], [ -77.113638, 39.007041 ], [ -77.113759, 39.007219 ], [ -77.114336, 39.007209 ], [ -77.114575, 39.007475 ], [ -77.114924, 39.007559 ], [ -77.115061, 39.008277 ], [ -77.114607, 39.008556 ], [ -77.114742, 39.009184 ], [ -77.114975, 39.00927 ], [ -77.11498, 39.00945 ], [ -77.115329, 39.009534 ], [ -77.115807, 39.010065 ], [ -77.116964, 39.010135 ], [ -77.117536, 39.009944 ], [ -77.118, 39.010026 ], [ -77.118124, 39.010294 ], [ -77.118585, 39.010285 ], [ -77.118591, 39.010465 ], [ -77.118137, 39.010744 ], [ -77.118038, 39.011286 ], [ -77.117353, 39.011569 ], [ -77.117364, 39.011929 ], [ -77.117603, 39.012195 ], [ -77.117399, 39.0131 ], [ -77.117866, 39.013272 ], [ -77.117992, 39.01363 ], [ -77.117761, 39.013634 ], [ -77.117654, 39.013906 ], [ -77.117305, 39.013822 ], [ -77.117101, 39.014727 ], [ -77.117917, 39.014983 ], [ -77.118046, 39.015431 ], [ -77.118277, 39.015427 ], [ -77.1184, 39.015695 ], [ -77.118752, 39.015869 ], [ -77.118897, 39.016857 ], [ -77.119249, 39.017031 ], [ -77.119383, 39.017659 ], [ -77.119732, 39.017743 ], [ -77.120215, 39.018455 ], [ -77.121026, 39.01853 ], [ -77.121136, 39.018348 ], [ -77.121829, 39.018335 ], [ -77.122554, 39.019403 ], [ -77.122094, 39.019502 ], [ -77.121646, 39.019961 ], [ -77.121415, 39.019965 ], [ -77.121316, 39.020507 ], [ -77.120623, 39.02052 ], [ -77.120631, 39.02079 ], [ -77.119939, 39.020802 ], [ -77.119818, 39.020624 ], [ -77.118422, 39.020289 ], [ -77.11832, 39.020742 ], [ -77.117399, 39.020849 ], [ -77.117176, 39.021123 ], [ -77.115912, 39.021326 ], [ -77.116035, 39.021594 ], [ -77.115807, 39.021688 ], [ -77.115576, 39.021693 ], [ -77.115568, 39.021422 ], [ -77.115093, 39.020981 ], [ -77.113821, 39.020914 ], [ -77.113692, 39.020465 ], [ -77.113227, 39.020384 ], [ -77.113211, 39.019843 ], [ -77.112859, 39.01967 ], [ -77.112868, 39.01994 ], [ -77.112414, 39.020218 ], [ -77.11254, 39.020576 ], [ -77.112317, 39.020851 ], [ -77.112336, 39.021481 ], [ -77.11211, 39.021665 ], [ -77.112129, 39.022296 ], [ -77.11167, 39.022394 ], [ -77.111675, 39.022574 ], [ -77.111222, 39.022853 ], [ -77.11123, 39.023123 ], [ -77.110999, 39.023127 ], [ -77.110889, 39.023309 ], [ -77.110424, 39.023228 ], [ -77.110304, 39.02305 ], [ -77.109726, 39.02306 ], [ -77.109482, 39.022614 ], [ -77.109015, 39.022442 ], [ -77.10901, 39.022262 ], [ -77.108779, 39.022266 ], [ -77.108763, 39.021726 ], [ -77.108537, 39.02191 ], [ -77.107957, 39.021831 ], [ -77.107949, 39.02156 ], [ -77.107364, 39.021301 ], [ -77.107117, 39.020765 ], [ -77.106655, 39.020773 ], [ -77.106414, 39.020417 ], [ -77.105724, 39.020519 ], [ -77.105498, 39.020704 ], [ -77.105509, 39.021064 ], [ -77.10574, 39.02106 ], [ -77.105745, 39.02124 ], [ -77.106097, 39.021414 ], [ -77.106121, 39.022224 ], [ -77.105901, 39.022589 ], [ -77.105323, 39.022599 ], [ -77.105087, 39.022423 ], [ -77.104158, 39.02226 ], [ -77.10415, 39.021989 ], [ -77.103919, 39.021994 ], [ -77.103678, 39.021638 ], [ -77.103447, 39.021642 ], [ -77.103342, 39.022004 ], [ -77.102996, 39.02201 ], [ -77.102886, 39.022192 ], [ -77.102539, 39.022199 ], [ -77.102301, 39.021933 ], [ -77.101954, 39.021939 ], [ -77.101729, 39.022123 ], [ -77.1008, 39.02196 ], [ -77.100459, 39.022146 ], [ -77.10058, 39.022324 ], [ -77.100239, 39.02251 ], [ -77.100247, 39.022781 ], [ -77.099903, 39.022877 ], [ -77.099683, 39.023241 ], [ -77.099452, 39.023245 ], [ -77.099465, 39.023696 ], [ -77.099009, 39.023884 ], [ -77.098909, 39.024427 ], [ -77.098335, 39.024527 ], [ -77.09823, 39.024889 ], [ -77.097427, 39.025084 ], [ -77.097403, 39.024273 ], [ -77.09717, 39.024188 ], [ -77.097164, 39.024007 ], [ -77.09601, 39.024028 ], [ -77.095768, 39.023672 ], [ -77.095301, 39.0235 ], [ -77.095411, 39.023318 ], [ -77.095057, 39.023054 ], [ -77.095049, 39.022784 ], [ -77.095277, 39.02269 ], [ -77.09502, 39.021793 ], [ -77.094448, 39.021984 ], [ -77.094327, 39.021806 ], [ -77.093747, 39.021726 ], [ -77.093293, 39.022005 ], [ -77.093304, 39.022365 ], [ -77.092963, 39.022551 ], [ -77.091578, 39.022576 ], [ -77.091795, 39.022122 ], [ -77.091449, 39.022128 ], [ -77.091092, 39.021774 ], [ -77.091194, 39.021322 ], [ -77.090955, 39.021055 ], [ -77.090819, 39.020337 ], [ -77.089662, 39.020268 ], [ -77.089538, 39.02 ], [ -77.089074, 39.019918 ], [ -77.08873, 39.020014 ], [ -77.088735, 39.020194 ], [ -77.087581, 39.020215 ], [ -77.087227, 39.019951 ], [ -77.086301, 39.019877 ], [ -77.08629, 39.019517 ], [ -77.085826, 39.019435 ], [ -77.085587, 39.019169 ], [ -77.085012, 39.01927 ], [ -77.085007, 39.01909 ], [ -77.08443, 39.0191 ], [ -77.083963, 39.018928 ], [ -77.083957, 39.018748 ], [ -77.083144, 39.018582 ], [ -77.083238, 39.01786 ], [ -77.082771, 39.017688 ], [ -77.08275, 39.016968 ], [ -77.081942, 39.016982 ], [ -77.081588, 39.016718 ], [ -77.081333, 39.015912 ], [ -77.081435, 39.015459 ], [ -77.080627, 39.015474 ], [ -77.080391, 39.015298 ], [ -77.07993, 39.015306 ], [ -77.079578, 39.015132 ], [ -77.079449, 39.014684 ], [ -77.07887, 39.014604 ], [ -77.078856, 39.014154 ], [ -77.078381, 39.013712 ], [ -77.078604, 39.013438 ], [ -77.078473, 39.012899 ], [ -77.078242, 39.012903 ], [ -77.078119, 39.012635 ], [ -77.077652, 39.012463 ], [ -77.077636, 39.011923 ], [ -77.077048, 39.011573 ], [ -77.077033, 39.011033 ], [ -77.076799, 39.010947 ], [ -77.076668, 39.010409 ], [ -77.076434, 39.010323 ], [ -77.076411, 39.009512 ], [ -77.07618, 39.009516 ], [ -77.076059, 39.009338 ], [ -77.076164, 39.008976 ], [ -77.074782, 39.009091 ], [ -77.073609, 39.008481 ], [ -77.073945, 39.008114 ], [ -77.073934, 39.007754 ], [ -77.074275, 39.007568 ], [ -77.074262, 39.007118 ], [ -77.074608, 39.007112 ], [ -77.074718, 39.006929 ], [ -77.074705, 39.006479 ], [ -77.075282, 39.006469 ], [ -77.075277, 39.006289 ], [ -77.075505, 39.006195 ], [ -77.075495, 39.005834 ], [ -77.075264, 39.005838 ], [ -77.075251, 39.005388 ], [ -77.075009, 39.005032 ], [ -77.075114, 39.00467 ], [ -77.074293, 39.004234 ], [ -77.073808, 39.003432 ], [ -77.072772, 39.00354 ], [ -77.07253, 39.003184 ], [ -77.072064, 39.003012 ], [ -77.072043, 39.002292 ], [ -77.072384, 39.002105 ], [ -77.072845, 39.002097 ], [ -77.072945, 39.001555 ], [ -77.073519, 39.001455 ], [ -77.073627, 39.001182 ], [ -77.073858, 39.001178 ], [ -77.074193, 39.000812 ], [ -77.075229, 39.000703 ], [ -77.075334, 39.000341 ], [ -77.076027, 39.000329 ], [ -77.07625, 39.000054 ], [ -77.077404, 39.000034 ], [ -77.078104, 39.000292 ], [ -77.079374, 39.000269 ], [ -77.07936, 38.999819 ], [ -77.079935, 38.999718 ], [ -77.079929, 38.999538 ], [ -77.080381, 38.99917 ], [ -77.080955, 38.99907 ], [ -77.081191, 38.999246 ], [ -77.081299, 38.998973 ], [ -77.081758, 38.998875 ], [ -77.081632, 38.998517 ], [ -77.080923, 38.997989 ], [ -77.080913, 38.997629 ], [ -77.081374, 38.99762 ], [ -77.081597, 38.997346 ], [ -77.082636, 38.997328 ], [ -77.082757, 38.997506 ], [ -77.083103, 38.997499 ], [ -77.083344, 38.997856 ], [ -77.084611, 38.997743 ], [ -77.084721, 38.997561 ], [ -77.086801, 38.997614 ], [ -77.087257, 38.997425 ], [ -77.087365, 38.997153 ], [ -77.087824, 38.997055 ], [ -77.08758, 38.996609 ], [ -77.087669, 38.995706 ], [ -77.088012, 38.99561 ], [ -77.088455, 38.994971 ], [ -77.089378, 38.994954 ], [ -77.089121, 38.994058 ], [ -77.088882, 38.993792 ], [ -77.088864, 38.993162 ], [ -77.089323, 38.993063 ], [ -77.089538, 38.992519 ], [ -77.089881, 38.992423 ], [ -77.089871, 38.992062 ], [ -77.090448, 38.992052 ], [ -77.090442, 38.991872 ], [ -77.090673, 38.991868 ], [ -77.090547, 38.99151 ], [ -77.090891, 38.991413 ], [ -77.090883, 38.991143 ], [ -77.091336, 38.990865 ], [ -77.091323, 38.990415 ], [ -77.093749, 38.990461 ], [ -77.094667, 38.990264 ], [ -77.094661, 38.990084 ], [ -77.095112, 38.989716 ], [ -77.095343, 38.989712 ], [ -77.095222, 38.989534 ], [ -77.095445, 38.989259 ], [ -77.095432, 38.988809 ], [ -77.096001, 38.988529 ], [ -77.096326, 38.987802 ], [ -77.097252, 38.987875 ], [ -77.098169, 38.987679 ], [ -77.098271, 38.987226 ], [ -77.098508, 38.987402 ], [ -77.098964, 38.987214 ], [ -77.099195, 38.98721 ], [ -77.099315, 38.987388 ], [ -77.101274, 38.987262 ], [ -77.101497, 38.986988 ], [ -77.101961, 38.98707 ], [ -77.102305, 38.986974 ], [ -77.102299, 38.986793 ], [ -77.102986, 38.986601 ], [ -77.103091, 38.986239 ], [ -77.103555, 38.98632 ], [ -77.103665, 38.986138 ], [ -77.104242, 38.986128 ], [ -77.104484, 38.986484 ], [ -77.104948, 38.986565 ], [ -77.104961, 38.987016 ], [ -77.105192, 38.987012 ], [ -77.105315, 38.98728 ], [ -77.105664, 38.987363 ], [ -77.105672, 38.987634 ], [ -77.106024, 38.987807 ], [ -77.106037, 38.988258 ], [ -77.10627, 38.988344 ], [ -77.106399, 38.988792 ], [ -77.106405, 38.988972 ], [ -77.106174, 38.988976 ], [ -77.106064, 38.989158 ], [ -77.106536, 38.98951 ], [ -77.106767, 38.989506 ], [ -77.106772, 38.989686 ], [ -77.107352, 38.989766 ], [ -77.107475, 38.990034 ], [ -77.108629, 38.990013 ], [ -77.10875, 38.990191 ], [ -77.109096, 38.990185 ], [ -77.109321, 38.99 ], [ -77.109332, 38.990361 ], [ -77.109104, 38.990455 ] ] ] ] } },
{ "type": "Feature", "properties": { "id": "SC40", "sc_id": 40, "area_km2": 4.4595, "downstream_unit": "SC37", "receiving_segment": "R40", "impervious_total": 0.3924, "impervious_connected": 0.2458, "mean_elevation_m": 102.1477, "mean_slope": 0.0809, "control": "" }, "geometry": { "type": "Polygon", "coordinates": [ [ [ -77.065258, 39.042957 ], [ -77.064665, 39.042427 ], [ -77.064198, 39.042255 ], [ -77.063831, 39.041541 ], [ -77.063369, 39.041549 ], [ -77.063258, 39.041731 ], [ -77.063027, 39.041736 ], [ -77.063033, 39.041916 ], [ -77.062689, 39.042012 ], [ -77.062705, 39.042552 ], [ -77.061781, 39.042568 ], [ -77.061542, 39.042302 ], [ -77.061198, 39.042399 ], [ -77.059345, 39.042251 ], [ -77.059222, 39.041983 ], [ -77.058873, 39.041899 ], [ -77.058634, 39.041633 ], [ -77.05829, 39.041729 ], [ -77.058301, 39.042089 ], [ -77.056558, 39.04176 ], [ -77.056553, 39.04158 ], [ -77.056322, 39.041584 ], [ -77.055965, 39.04123 ], [ -77.055385, 39.04115 ], [ -77.05502, 39.040525 ], [ -77.054671, 39.040441 ], [ -77.054677, 39.040622 ], [ -77.054446, 39.040626 ], [ -77.054194, 39.039909 ], [ -77.054761, 39.039539 ], [ -77.05475, 39.039179 ], [ -77.055094, 39.039083 ], [ -77.055315, 39.038718 ], [ -77.055546, 39.038714 ], [ -77.055761, 39.03817 ], [ -77.05563, 39.037631 ], [ -77.056086, 39.037443 ], [ -77.056076, 39.037083 ], [ -77.05653, 39.036805 ], [ -77.056525, 39.036625 ], [ -77.056294, 39.036629 ], [ -77.056173, 39.036451 ], [ -77.055478, 39.036373 ], [ -77.055459, 39.035742 ], [ -77.055688, 39.035648 ], [ -77.055538, 39.03448 ], [ -77.055761, 39.034205 ], [ -77.055043, 39.033317 ], [ -77.055032, 39.032957 ], [ -77.054683, 39.032873 ], [ -77.054673, 39.032513 ], [ -77.054891, 39.032058 ], [ -77.05535, 39.03196 ], [ -77.055224, 39.031602 ], [ -77.055439, 39.031057 ], [ -77.05567, 39.031053 ], [ -77.055549, 39.030875 ], [ -77.055775, 39.030691 ], [ -77.055872, 39.030059 ], [ -77.056103, 39.030055 ], [ -77.056098, 39.029875 ], [ -77.056555, 39.029686 ], [ -77.056426, 39.029238 ], [ -77.056534, 39.028966 ], [ -77.056765, 39.028962 ], [ -77.05651, 39.028155 ], [ -77.057082, 39.027965 ], [ -77.057185, 39.027513 ], [ -77.058221, 39.027404 ], [ -77.058447, 39.02722 ], [ -77.058324, 39.026952 ], [ -77.059014, 39.02685 ], [ -77.059006, 39.02658 ], [ -77.059231, 39.026395 ], [ -77.059578, 39.026389 ], [ -77.059685, 39.026117 ], [ -77.060027, 39.025931 ], [ -77.059885, 39.025032 ], [ -77.060113, 39.024938 ], [ -77.059985, 39.02449 ], [ -77.060323, 39.024214 ], [ -77.060308, 39.023673 ], [ -77.060985, 39.023121 ], [ -77.060977, 39.022851 ], [ -77.061323, 39.022844 ], [ -77.061541, 39.02239 ], [ -77.061174, 39.021676 ], [ -77.061512, 39.0214 ], [ -77.061617, 39.021037 ], [ -77.061848, 39.021033 ], [ -77.061953, 39.020671 ], [ -77.062415, 39.020663 ], [ -77.06264, 39.020479 ], [ -77.062632, 39.020208 ], [ -77.062974, 39.020022 ], [ -77.062963, 39.019662 ], [ -77.063194, 39.019658 ], [ -77.063063, 39.01912 ], [ -77.063871, 39.019105 ], [ -77.063999, 39.019554 ], [ -77.06423, 39.019549 ], [ -77.064236, 39.01973 ], [ -77.064821, 39.019989 ], [ -77.0646, 39.020354 ], [ -77.064949, 39.020438 ], [ -77.065306, 39.020792 ], [ -77.065537, 39.020788 ], [ -77.065894, 39.021142 ], [ -77.066125, 39.021138 ], [ -77.06672, 39.021758 ], [ -77.067185, 39.02184 ], [ -77.067526, 39.021653 ], [ -77.067743, 39.021199 ], [ -77.068321, 39.021189 ], [ -77.068313, 39.020919 ], [ -77.068541, 39.020825 ], [ -77.068415, 39.020466 ], [ -77.068754, 39.02019 ], [ -77.068628, 39.019832 ], [ -77.068853, 39.019648 ], [ -77.06884, 39.019197 ], [ -77.069281, 39.018469 ], [ -77.069268, 39.018019 ], [ -77.069493, 39.017834 ], [ -77.070071, 39.017824 ], [ -77.070044, 39.016924 ], [ -77.07027, 39.016739 ], [ -77.070732, 39.016731 ], [ -77.070852, 39.016909 ], [ -77.07166, 39.016895 ], [ -77.071642, 39.016264 ], [ -77.071873, 39.01626 ], [ -77.072193, 39.015354 ], [ -77.072534, 39.015167 ], [ -77.072529, 39.014987 ], [ -77.07276, 39.014983 ], [ -77.072285, 39.014541 ], [ -77.072269, 39.014001 ], [ -77.072599, 39.013454 ], [ -77.072369, 39.013458 ], [ -77.072006, 39.012924 ], [ -77.071776, 39.012928 ], [ -77.071655, 39.01275 ], [ -77.071747, 39.011938 ], [ -77.071513, 39.011852 ], [ -77.071385, 39.011404 ], [ -77.071036, 39.01132 ], [ -77.07102, 39.010779 ], [ -77.070789, 39.010783 ], [ -77.070661, 39.010335 ], [ -77.07112, 39.010237 ], [ -77.071699, 39.010317 ], [ -77.071935, 39.010493 ], [ -77.072046, 39.010311 ], [ -77.072392, 39.010304 ], [ -77.072499, 39.010032 ], [ -77.073071, 39.009842 ], [ -77.07304, 39.008761 ], [ -77.073147, 39.008489 ], [ -77.073491, 39.008393 ], [ -77.073738, 39.008929 ], [ -77.07378, 39.01037 ], [ -77.074477, 39.010538 ], [ -77.074842, 39.011162 ], [ -77.075196, 39.011426 ], [ -77.075658, 39.011418 ], [ -77.075666, 39.011688 ], [ -77.07613, 39.01177 ], [ -77.076484, 39.012034 ], [ -77.076946, 39.012025 ], [ -77.077287, 39.011839 ], [ -77.077759, 39.012191 ], [ -77.077652, 39.012463 ], [ -77.078001, 39.012547 ], [ -77.078242, 39.012903 ], [ -77.078473, 39.012899 ], [ -77.078604, 39.013438 ], [ -77.078381, 39.013712 ], [ -77.078856, 39.014154 ], [ -77.07887, 39.014604 ], [ -77.079449, 39.014684 ], [ -77.079578, 39.015132 ], [ -77.07993, 39.015306 ], [ -77.080391, 39.015298 ], [ -77.080627, 39.015474 ], [ -77.081435, 39.015459 ], [ -77.081333, 39.015912 ], [ -77.081588, 39.016718 ], [ -77.081942, 39.016982 ], [ -77.08275, 39.016968 ], [ -77.082771, 39.017688 ], [ -77.083238, 39.01786 ], [ -77.083144, 39.018582 ], [ -77.08349, 39.018576 ], [ -77.083611, 39.018754 ], [ -77.083385, 39.018938 ], [ -77.08269, 39.018861 ], [ -77.082462, 39.018955 ], [ -77.082467, 39.019135 ], [ -77.08189, 39.019145 ], [ -77.081901, 39.019506 ], [ -77.08179, 39.019688 ], [ -77.08156, 39.019692 ], [ -77.081568, 39.019962 ], [ -77.081226, 39.020148 ], [ -77.081232, 39.020328 ], [ -77.081001, 39.020333 ], [ -77.080893, 39.020605 ], [ -77.080437, 39.020793 ], [ -77.080558, 39.020971 ], [ -77.080222, 39.021338 ], [ -77.079878, 39.021434 ], [ -77.079886, 39.021704 ], [ -77.079427, 39.021802 ], [ -77.079679, 39.022519 ], [ -77.080028, 39.022602 ], [ -77.080038, 39.022963 ], [ -77.0797, 39.023239 ], [ -77.079839, 39.024047 ], [ -77.078808, 39.024336 ], [ -77.078706, 39.024788 ], [ -77.078939, 39.024874 ], [ -77.078945, 39.025054 ], [ -77.078722, 39.025329 ], [ -77.078738, 39.025869 ], [ -77.078512, 39.026053 ], [ -77.07852, 39.026323 ], [ -77.078299, 39.026688 ], [ -77.07773, 39.026968 ], [ -77.077735, 39.027148 ], [ -77.077271, 39.027067 ], [ -77.077182, 39.027969 ], [ -77.077423, 39.028325 ], [ -77.077208, 39.02887 ], [ -77.076395, 39.028704 ], [ -77.075946, 39.029162 ], [ -77.07597, 39.029973 ], [ -77.075282, 39.030165 ], [ -77.075067, 39.03071 ], [ -77.074842, 39.030894 ], [ -77.074608, 39.030808 ], [ -77.074503, 39.03117 ], [ -77.073829, 39.031813 ], [ -77.073254, 39.031913 ], [ -77.073259, 39.032093 ], [ -77.073031, 39.032188 ], [ -77.073052, 39.032908 ], [ -77.072714, 39.033184 ], [ -77.072842, 39.033633 ], [ -77.072386, 39.033821 ], [ -77.072391, 39.034001 ], [ -77.072858, 39.034173 ], [ -77.072866, 39.034443 ], [ -77.073212, 39.034437 ], [ -77.073218, 39.034617 ], [ -77.072987, 39.034621 ], [ -77.073, 39.035071 ], [ -77.072307, 39.035084 ], [ -77.072315, 39.035354 ], [ -77.071974, 39.03554 ], [ -77.071869, 39.035902 ], [ -77.071638, 39.035907 ], [ -77.071643, 39.036087 ], [ -77.071299, 39.036183 ], [ -77.071305, 39.036363 ], [ -77.071076, 39.036457 ], [ -77.07109, 39.036907 ], [ -77.070746, 39.037004 ], [ -77.070985, 39.03727 ], [ -77.070525, 39.037368 ], [ -77.070533, 39.037638 ], [ -77.070305, 39.037732 ], [ -77.070434, 39.03818 ], [ -77.070203, 39.038185 ], [ -77.070098, 39.038547 ], [ -77.069869, 39.038641 ], [ -77.069061, 39.038655 ], [ -77.068961, 39.039198 ], [ -77.068505, 39.039386 ], [ -77.0684, 39.039748 ], [ -77.06761, 39.040393 ], [ -77.067379, 39.040397 ], [ -77.067502, 39.040665 ], [ -77.067284, 39.04112 ], [ -77.066371, 39.041496 ], [ -77.066382, 39.041856 ], [ -77.066618, 39.042032 ], [ -77.065933, 39.042315 ], [ -77.065941, 39.042585 ], [ -77.065258, 39.042957 ] ] ] } },
{ "type": "Feature", "properties": { "id": "SC41", "sc_id": 41, "area_km2": 4.4931, "downstream_unit": "SC44", "receiving_segment": "R41", "impervious_total": 0.3989, "impervious_connected": 0.252, "mean_elevation_m": 90.635, "mean_slope": 0.0825, "control": "" }, "geometry": { "type": "Polygon", "coordinates": [ [ [ -77.093936, 38.985052 ], [ -77.094663, 38.98621 ], [ -77.095127, 38.986292 ], [ -77.094907, 38.986656 ], [ -77.095046, 38.987465 ], [ -77.095508, 38.987456 ], [ -77.09587, 38.98799 ], [ -77.096103, 38.988076 ], [ -77.096001, 38.988529 ], [ -77.095432, 38.988809 ], [ -77.095445, 38.989259 ], [ -77.095222, 38.989534 ], [ -77.095343, 38.989712 ], [ -77.095112, 38.989716 ], [ -77.094439, 38.990359 ], [ -77.091323, 38.990415 ], [ -77.091336, 38.990865 ], [ -77.090883, 38.991143 ], [ -77.090891, 38.991413 ], [ -77.090547, 38.99151 ], [ -77.090673, 38.991868 ], [ -77.090442, 38.991872 ], [ -77.090448, 38.992052 ], [ -77.089871, 38.992062 ], [ -77.089881, 38.992423 ], [ -77.089538, 38.992519 ], [ -77.089323, 38.993063 ], [ -77.088864, 38.993162 ], [ -77.088882, 38.993792 ], [ -77.089121, 38.994058 ], [ -77.089378, 38.994954 ], [ -77.088455, 38.994971 ], [ -77.088012, 38.99561 ], [ -77.087669, 38.995706 ], [ -77.08758, 38.996609 ], [ -77.087824, 38.997055 ], [ -77.087365, 38.997153 ], [ -77.087257, 38.997425 ], [ -77.086801, 38.997614 ], [ -77.084721, 38.997561 ], [ -77.084611, 38.997743 ], [ -77.083344, 38.997856 ], [ -77.083103, 38.997499 ], [ -77.082757, 38.997506 ], [ -77.082636, 38.997328 ], [ -77.081597, 38.997346 ], [ -77.081374, 38.99762 ], [ -77.080913, 38.997629 ], [ -77.080923, 38.997989 ], [ -77.081632, 38.998517 ], [ -77.081758, 38.998875 ], [ -77.081299, 38.998973 ], [ -77.081191, 38.999246 ], [ -77.080955, 38.99907 ], [ -77.080381, 38.99917 ], [ -77.079929, 38.999538 ], [ -77.079935, 38.999718 ], [ -77.07936, 38.999819 ], [ -77.079374, 39.000269 ], [ -77.078104, 39.000292 ], [ -77.077404, 39.000034 ], [ -77.07625, 39.000054 ], [ -77.076027, 39.000329 ], [ -77.075334, 39.000341 ], [ -77.075229, 39.000703 ], [ -77.074193, 39.000812 ], [ -77.073858, 39.001178 ], [ -77.073627, 39.001182 ], [ -77.073519, 39.001455 ], [ -77.072945, 39.001555 ], [ -77.072845, 39.002097 ], [ -77.072155, 39.0022 ], [ -77.072163, 39.00247 ], [ -77.07182, 39.002566 ], [ -77.071468, 39.002392 ], [ -77.070547, 39.002498 ], [ -77.070427, 39.00232 ], [ -77.06985, 39.002331 ], [ -77.069842, 39.00206 ], [ -77.069375, 39.001889 ], [ -77.06937, 39.001708 ], [ -77.068659, 39.00109 ], [ -77.068195, 39.001008 ], [ -77.067953, 39.000652 ], [ -77.067494, 39.000751 ], [ -77.067027, 39.000579 ], [ -77.067014, 39.000128 ], [ -77.066773, 38.999772 ], [ -77.066881, 38.9995 ], [ -77.06665, 38.999504 ], [ -77.066524, 38.999146 ], [ -77.066293, 38.99915 ], [ -77.066288, 38.99897 ], [ -77.066519, 38.998966 ], [ -77.066503, 38.998426 ], [ -77.066039, 38.998344 ], [ -77.066033, 38.998164 ], [ -77.066262, 38.998069 ], [ -77.06602, 38.997713 ], [ -77.06521, 38.997638 ], [ -77.065089, 38.997459 ], [ -77.064523, 38.99783 ], [ -77.063599, 38.997846 ], [ -77.063132, 38.997674 ], [ -77.063119, 38.997224 ], [ -77.062883, 38.997048 ], [ -77.062878, 38.996868 ], [ -77.063106, 38.996774 ], [ -77.062944, 38.995155 ], [ -77.063282, 38.994878 ], [ -77.063277, 38.994698 ], [ -77.063626, 38.994782 ], [ -77.063503, 38.994514 ], [ -77.064066, 38.994054 ], [ -77.064297, 38.99405 ], [ -77.064407, 38.993867 ], [ -77.064641, 38.993953 ], [ -77.065095, 38.993675 ], [ -77.066941, 38.993642 ], [ -77.067062, 38.99382 ], [ -77.067408, 38.993814 ], [ -77.067751, 38.993718 ], [ -77.067746, 38.993538 ], [ -77.067974, 38.993444 ], [ -77.068895, 38.993337 ], [ -77.068997, 38.992885 ], [ -77.069461, 38.992967 ], [ -77.069915, 38.992689 ], [ -77.070261, 38.992682 ], [ -77.070592, 38.992136 ], [ -77.070358, 38.99205 ], [ -77.07034, 38.99142 ], [ -77.070802, 38.991411 ], [ -77.071142, 38.991225 ], [ -77.070888, 38.990419 ], [ -77.071462, 38.990319 ], [ -77.071801, 38.990042 ], [ -77.071793, 38.989772 ], [ -77.072246, 38.989494 ], [ -77.072008, 38.989228 ], [ -77.071987, 38.988507 ], [ -77.071753, 38.988421 ], [ -77.071743, 38.988061 ], [ -77.071386, 38.987707 ], [ -77.071373, 38.987257 ], [ -77.071596, 38.986982 ], [ -77.071247, 38.986898 ], [ -77.071242, 38.986718 ], [ -77.071696, 38.98644 ], [ -77.07169, 38.98626 ], [ -77.07146, 38.986264 ], [ -77.071336, 38.985996 ], [ -77.072026, 38.985894 ], [ -77.072249, 38.985619 ], [ -77.072713, 38.985701 ], [ -77.072472, 38.985345 ], [ -77.072577, 38.984983 ], [ -77.07233, 38.984447 ], [ -77.072099, 38.984451 ], [ -77.071627, 38.984099 ], [ -77.071622, 38.983918 ], [ -77.07185, 38.983824 ], [ -77.071827, 38.983014 ], [ -77.07217, 38.982918 ], [ -77.072165, 38.982738 ], [ -77.072393, 38.982643 ], [ -77.073429, 38.982535 ], [ -77.073421, 38.982265 ], [ -77.074811, 38.98242 ], [ -77.074913, 38.981968 ], [ -77.075259, 38.981962 ], [ -77.075249, 38.981601 ], [ -77.075705, 38.981413 ], [ -77.075469, 38.981237 ], [ -77.07533, 38.980429 ], [ -77.075671, 38.980242 ], [ -77.075778, 38.97997 ], [ -77.076701, 38.979954 ], [ -77.076759, 38.977971 ], [ -77.076989, 38.977966 ], [ -77.07674, 38.97734 ], [ -77.076153, 38.97699 ], [ -77.07673, 38.97698 ], [ -77.076724, 38.9768 ], [ -77.077419, 38.976878 ], [ -77.07787, 38.976509 ], [ -77.07856, 38.976407 ], [ -77.079944, 38.976382 ], [ -77.080411, 38.976554 ], [ -77.081449, 38.976535 ], [ -77.081559, 38.976353 ], [ -77.081683, 38.976621 ], [ -77.081913, 38.976617 ], [ -77.082619, 38.977055 ], [ -77.083539, 38.976949 ], [ -77.083877, 38.976672 ], [ -77.083872, 38.976492 ], [ -77.084334, 38.976484 ], [ -77.084685, 38.976658 ], [ -77.084932, 38.977194 ], [ -77.085398, 38.977366 ], [ -77.085626, 38.977272 ], [ -77.08598, 38.977536 ], [ -77.08656, 38.977615 ], [ -77.087478, 38.977419 ], [ -77.088516, 38.9774 ], [ -77.088757, 38.977756 ], [ -77.089103, 38.97775 ], [ -77.089009, 38.978473 ], [ -77.088778, 38.978477 ], [ -77.088797, 38.979107 ], [ -77.089148, 38.979281 ], [ -77.088934, 38.979825 ], [ -77.089164, 38.979821 ], [ -77.08976, 38.980441 ], [ -77.090221, 38.980433 ], [ -77.090347, 38.980791 ], [ -77.091047, 38.981049 ], [ -77.091509, 38.981041 ], [ -77.091632, 38.981309 ], [ -77.092104, 38.981661 ], [ -77.092335, 38.981657 ], [ -77.092576, 38.982013 ], [ -77.093038, 38.982004 ], [ -77.093277, 38.98227 ], [ -77.093306, 38.983261 ], [ -77.093078, 38.983355 ], [ -77.092863, 38.9839 ], [ -77.092291, 38.98409 ], [ -77.092302, 38.98445 ], [ -77.092076, 38.984635 ], [ -77.0922, 38.984903 ], [ -77.092903, 38.98525 ], [ -77.093595, 38.985238 ], [ -77.093705, 38.985056 ], [ -77.093936, 38.985052 ] ], [ [ -77.094185, 38.985678 ], [ -77.094072, 38.98577 ], [ -77.094188, 38.985768 ], [ -77.094185, 38.985678 ] ] ] } },
{ "type": "Feature", "properties": { "id": "SC42", "sc_id": 42, "area_km2": 1.9523, "downstream_unit": "SC44", "receiving_segment": "R42", "impervious_total": 0.3255, "impervious_connected": 0.1857, "mean_elevation_m": 77.3972, "mean_slope": 0.108, "control": "" }, "geometry": { "type": "Polygon", "coordinates": [ [ [ -77.058685, 39.011538 ], [ -77.05799, 39.011461 ], [ -77.057982, 39.01119 ], [ -77.056481, 39.011217 ], [ -77.056127, 39.010953 ], [ -77.055878, 39.010326 ], [ -77.055647, 39.010331 ], [ -77.055642, 39.01015 ], [ -77.055293, 39.010066 ], [ -77.05539, 39.009434 ], [ -77.055044, 39.00944 ], [ -77.054934, 39.009622 ], [ -77.054475, 39.00972 ], [ -77.052743, 39.009751 ], [ -77.052615, 39.009303 ], [ -77.05204, 39.009403 ], [ -77.051817, 39.009677 ], [ -77.051474, 39.009773 ], [ -77.051602, 39.010222 ], [ -77.051148, 39.0105 ], [ -77.050797, 39.010326 ], [ -77.050789, 39.010056 ], [ -77.050555, 39.00997 ], [ -77.048234, 39.00956 ], [ -77.048229, 39.00938 ], [ -77.047998, 39.009384 ], [ -77.04799, 39.009114 ], [ -77.047757, 39.009028 ], [ -77.047949, 39.007673 ], [ -77.047823, 39.007315 ], [ -77.048274, 39.006946 ], [ -77.048492, 39.006492 ], [ -77.049171, 39.00603 ], [ -77.049166, 39.005849 ], [ -77.04951, 39.005753 ], [ -77.049263, 39.005217 ], [ -77.049494, 39.005213 ], [ -77.049717, 39.004939 ], [ -77.049948, 39.004935 ], [ -77.049953, 39.005115 ], [ -77.050302, 39.005199 ], [ -77.050297, 39.005019 ], [ -77.050638, 39.004832 ], [ -77.050628, 39.004472 ], [ -77.050974, 39.004466 ], [ -77.051079, 39.004104 ], [ -77.051425, 39.004098 ], [ -77.051879, 39.003819 ], [ -77.052456, 39.003809 ], [ -77.05291, 39.003531 ], [ -77.05313, 39.003167 ], [ -77.053115, 39.002626 ], [ -77.052884, 39.00263 ], [ -77.052871, 39.00218 ], [ -77.053215, 39.002084 ], [ -77.053422, 39.001269 ], [ -77.053768, 39.001263 ], [ -77.053755, 39.000813 ], [ -77.054214, 39.000715 ], [ -77.054435, 39.000351 ], [ -77.054896, 39.000343 ], [ -77.054888, 39.000072 ], [ -77.055232, 38.999976 ], [ -77.055227, 38.999796 ], [ -77.055919, 38.999784 ], [ -77.055909, 38.999424 ], [ -77.056137, 38.99933 ], [ -77.056003, 38.998701 ], [ -77.056344, 38.998515 ], [ -77.056219, 38.998157 ], [ -77.056562, 38.998061 ], [ -77.056436, 38.997702 ], [ -77.056667, 38.997698 ], [ -77.056775, 38.997426 ], [ -77.058039, 38.997224 ], [ -77.058031, 38.996953 ], [ -77.058488, 38.996765 ], [ -77.05848, 38.996495 ], [ -77.058711, 38.996491 ], [ -77.058703, 38.996221 ], [ -77.059044, 38.996035 ], [ -77.059395, 38.996209 ], [ -77.05997, 38.996108 ], [ -77.060321, 38.996282 ], [ -77.060326, 38.996462 ], [ -77.061134, 38.996448 ], [ -77.061362, 38.996354 ], [ -77.061357, 38.996174 ], [ -77.061819, 38.996166 ], [ -77.061806, 38.995716 ], [ -77.062141, 38.995349 ], [ -77.062128, 38.994899 ], [ -77.062695, 38.994528 ], [ -77.063041, 38.994522 ], [ -77.063277, 38.994698 ], [ -77.063282, 38.994878 ], [ -77.062944, 38.995155 ], [ -77.063106, 38.996774 ], [ -77.062878, 38.996868 ], [ -77.062883, 38.997048 ], [ -77.063119, 38.997224 ], [ -77.063132, 38.997674 ], [ -77.063599, 38.997846 ], [ -77.064523, 38.99783 ], [ -77.065089, 38.997459 ], [ -77.06521, 38.997638 ], [ -77.06602, 38.997713 ], [ -77.066025, 38.997893 ], [ -77.066256, 38.997889 ], [ -77.066039, 38.998344 ], [ -77.066503, 38.998426 ], [ -77.066519, 38.998966 ], [ -77.066288, 38.99897 ], [ -77.066293, 38.99915 ], [ -77.066524, 38.999146 ], [ -77.066532, 38.999416 ], [ -77.066881, 38.9995 ], [ -77.066773, 38.999772 ], [ -77.067014, 39.000128 ], [ -77.067027, 39.000579 ], [ -77.067494, 39.000751 ], [ -77.067953, 39.000652 ], [ -77.068195, 39.001008 ], [ -77.068659, 39.00109 ], [ -77.069131, 39.001442 ], [ -77.069375, 39.001889 ], [ -77.069842, 39.00206 ], [ -77.069973, 39.002599 ], [ -77.069281, 39.002611 ], [ -77.069173, 39.002883 ], [ -77.068821, 39.002709 ], [ -77.068604, 39.003164 ], [ -77.068263, 39.00335 ], [ -77.066647, 39.003379 ], [ -77.06608, 39.003749 ], [ -77.065619, 39.003757 ], [ -77.065871, 39.004473 ], [ -77.065771, 39.005016 ], [ -77.066133, 39.00555 ], [ -77.065794, 39.005826 ], [ -77.065928, 39.006455 ], [ -77.065697, 39.006459 ], [ -77.065474, 39.006733 ], [ -77.065726, 39.007449 ], [ -77.06596, 39.007535 ], [ -77.06597, 39.007896 ], [ -77.065742, 39.00799 ], [ -77.06576, 39.00862 ], [ -77.066114, 39.008884 ], [ -77.066127, 39.009334 ], [ -77.065335, 39.009889 ], [ -77.06534, 39.010069 ], [ -77.065002, 39.010345 ], [ -77.064546, 39.010534 ], [ -77.064666, 39.010712 ], [ -77.064328, 39.010988 ], [ -77.063753, 39.011088 ], [ -77.063759, 39.011268 ], [ -77.06353, 39.011363 ], [ -77.063294, 39.011187 ], [ -77.062253, 39.011115 ], [ -77.061217, 39.011223 ], [ -77.060862, 39.010959 ], [ -77.060057, 39.011064 ], [ -77.059936, 39.010886 ], [ -77.059241, 39.010808 ], [ -77.059023, 39.011262 ], [ -77.058685, 39.011538 ] ] ] } },
{ "type": "Feature", "properties": { "id": "SC43", "sc_id": 43, "area_km2": 2.9692, "downstream_unit": "SC45", "receiving_segment": "R43", "impervious_total": 0.5008, "impervious_connected": 0.3544, "mean_elevation_m": 89.6502, "mean_slope": 0.0886, "control": "" }, "geometry": { "type": "Polygon", "coordinates": [ [ [ -77.042847, 39.006951 ], [ -77.042257, 39.006511 ], [ -77.041915, 39.006697 ], [ -77.041441, 39.006255 ], [ -77.040982, 39.006353 ], [ -77.040874, 39.006626 ], [ -77.040174, 39.006367 ], [ -77.039953, 39.006732 ], [ -77.039607, 39.006738 ], [ -77.039366, 39.006382 ], [ -77.03807, 39.005503 ], [ -77.03806, 39.005143 ], [ -77.037483, 39.005153 ], [ -77.037242, 39.004797 ], [ -77.036893, 39.004713 ], [ -77.037113, 39.004349 ], [ -77.036877, 39.004173 ], [ -77.036972, 39.00345 ], [ -77.036387, 39.00319 ], [ -77.036136, 39.002474 ], [ -77.035428, 39.001945 ], [ -77.03542, 39.001675 ], [ -77.035756, 39.001309 ], [ -77.035635, 39.001131 ], [ -77.035976, 39.000945 ], [ -77.035971, 39.000765 ], [ -77.03574, 39.000769 ], [ -77.035379, 39.000234 ], [ -77.034912, 39.000062 ], [ -77.034425, 38.99917 ], [ -77.033155, 38.999192 ], [ -77.032911, 38.998746 ], [ -77.032562, 38.998662 ], [ -77.032555, 38.998391 ], [ -77.031857, 38.998223 ], [ -77.031731, 38.997865 ], [ -77.031501, 38.997869 ], [ -77.031144, 38.997515 ], [ -77.030336, 38.997529 ], [ -77.030226, 38.997711 ], [ -77.029995, 38.997715 ], [ -77.03, 38.997895 ], [ -77.029534, 38.997723 ], [ -77.029305, 38.997817 ], [ -77.028951, 38.997553 ], [ -77.027105, 38.997585 ], [ -77.026982, 38.997317 ], [ -77.02732, 38.997041 ], [ -77.027305, 38.996501 ], [ -77.026953, 38.996326 ], [ -77.02692, 38.995156 ], [ -77.026558, 38.994621 ], [ -77.026094, 38.994539 ], [ -77.026071, 38.993729 ], [ -77.026297, 38.993545 ], [ -77.027335, 38.993527 ], [ -77.02732, 38.992986 ], [ -77.027548, 38.992892 ], [ -77.027543, 38.992712 ], [ -77.027774, 38.992708 ], [ -77.027769, 38.992528 ], [ -77.027999, 38.992524 ], [ -77.028105, 38.992162 ], [ -77.028451, 38.992156 ], [ -77.028328, 38.991888 ], [ -77.028551, 38.991613 ], [ -77.02913, 38.991693 ], [ -77.029371, 38.99205 ], [ -77.029602, 38.992046 ], [ -77.029825, 38.991771 ], [ -77.030523, 38.991939 ], [ -77.030395, 38.991491 ], [ -77.030618, 38.991217 ], [ -77.030969, 38.991391 ], [ -77.031546, 38.991381 ], [ -77.032002, 38.991193 ], [ -77.032467, 38.991275 ], [ -77.032564, 38.990642 ], [ -77.033149, 38.990903 ], [ -77.034187, 38.990884 ], [ -77.034182, 38.990704 ], [ -77.034413, 38.9907 ], [ -77.034521, 38.990428 ], [ -77.034867, 38.990422 ], [ -77.035205, 38.990146 ], [ -77.035441, 38.990322 ], [ -77.036592, 38.990212 ], [ -77.036582, 38.989852 ], [ -77.037269, 38.989659 ], [ -77.037364, 38.988937 ], [ -77.036895, 38.988675 ], [ -77.037107, 38.98804 ], [ -77.037338, 38.988036 ], [ -77.037333, 38.987856 ], [ -77.037561, 38.987762 ], [ -77.038141, 38.987842 ], [ -77.038146, 38.988022 ], [ -77.039413, 38.98791 ], [ -77.039754, 38.987724 ], [ -77.039743, 38.987364 ], [ -77.040084, 38.987177 ], [ -77.040079, 38.986997 ], [ -77.040425, 38.986991 ], [ -77.040294, 38.986453 ], [ -77.040638, 38.986357 ], [ -77.040512, 38.985999 ], [ -77.040617, 38.985636 ], [ -77.040848, 38.985632 ], [ -77.040833, 38.985092 ], [ -77.041294, 38.985084 ], [ -77.041397, 38.984632 ], [ -77.041856, 38.984533 ], [ -77.041843, 38.984083 ], [ -77.042304, 38.984075 ], [ -77.042425, 38.984253 ], [ -77.042889, 38.984335 ], [ -77.042792, 38.984968 ], [ -77.043146, 38.985232 ], [ -77.043725, 38.985312 ], [ -77.043969, 38.985758 ], [ -77.044318, 38.985842 ], [ -77.044674, 38.986196 ], [ -77.044905, 38.986192 ], [ -77.045851, 38.986986 ], [ -77.045856, 38.987166 ], [ -77.046087, 38.987162 ], [ -77.046336, 38.987789 ], [ -77.047042, 38.988227 ], [ -77.047065, 38.989037 ], [ -77.048106, 38.989109 ], [ -77.048609, 38.990542 ], [ -77.049078, 38.990804 ], [ -77.050579, 38.990778 ], [ -77.051082, 38.99221 ], [ -77.051318, 38.992386 ], [ -77.051897, 38.992466 ], [ -77.052026, 38.992915 ], [ -77.051682, 38.993011 ], [ -77.051575, 38.993283 ], [ -77.052044, 38.993545 ], [ -77.051939, 38.993907 ], [ -77.052178, 38.994173 ], [ -77.052188, 38.994534 ], [ -77.05185, 38.99481 ], [ -77.051868, 38.99544 ], [ -77.051647, 38.995805 ], [ -77.051655, 38.996075 ], [ -77.052007, 38.996249 ], [ -77.052012, 38.996429 ], [ -77.051781, 38.996433 ], [ -77.051789, 38.996703 ], [ -77.051209, 38.996623 ], [ -77.050984, 38.996807 ], [ -77.05101, 38.997708 ], [ -77.050551, 38.997806 ], [ -77.05044, 38.997988 ], [ -77.050695, 38.998795 ], [ -77.049892, 38.998989 ], [ -77.049692, 39.000074 ], [ -77.049462, 39.000078 ], [ -77.049467, 39.000258 ], [ -77.04901, 39.000446 ], [ -77.049018, 39.000716 ], [ -77.049251, 39.000802 ], [ -77.047759, 39.001099 ], [ -77.047551, 39.001913 ], [ -77.047321, 39.001917 ], [ -77.047326, 39.002097 ], [ -77.046872, 39.002376 ], [ -77.045946, 39.002302 ], [ -77.045474, 39.00195 ], [ -77.045128, 39.001956 ], [ -77.044907, 39.00232 ], [ -77.044561, 39.002326 ], [ -77.044915, 39.00259 ], [ -77.044923, 39.00286 ], [ -77.04551, 39.003211 ], [ -77.045516, 39.003391 ], [ -77.045287, 39.003485 ], [ -77.045411, 39.003753 ], [ -77.045067, 39.003849 ], [ -77.045077, 39.004209 ], [ -77.044503, 39.004309 ], [ -77.044392, 39.004492 ], [ -77.044162, 39.004496 ], [ -77.044167, 39.004676 ], [ -77.043474, 39.004688 ], [ -77.043613, 39.005496 ], [ -77.043277, 39.005863 ], [ -77.043398, 39.006041 ], [ -77.043188, 39.006765 ], [ -77.042847, 39.006951 ] ] ] } },
{ "type": "Feature", "properties": { "id": "SC44", "sc_id": 44, "area_km2": 4.0176, "downstream_unit": "SC45", "receiving_segment": "R44", "impervious_total": 0.3242, "impervious_connected": 0.1846, "mean_elevation_m": 77.0681, "mean_slope": 0.1027, "control": "" }, "geometry": { "type": "Polygon", "coordinates": [ [ [ -77.044992, 39.009256 ], [ -77.044756, 39.00908 ], [ -77.044296, 39.009179 ], [ -77.04394, 39.008824 ], [ -77.043594, 39.00883 ], [ -77.043352, 39.008474 ], [ -77.042765, 39.008124 ], [ -77.042959, 39.006859 ], [ -77.043295, 39.006493 ], [ -77.043277, 39.005863 ], [ -77.043613, 39.005496 ], [ -77.043474, 39.004688 ], [ -77.044167, 39.004676 ], [ -77.044162, 39.004496 ], [ -77.044392, 39.004492 ], [ -77.044503, 39.004309 ], [ -77.045077, 39.004209 ], [ -77.045067, 39.003849 ], [ -77.045411, 39.003753 ], [ -77.045287, 39.003485 ], [ -77.045516, 39.003391 ], [ -77.04551, 39.003211 ], [ -77.044923, 39.00286 ], [ -77.044915, 39.00259 ], [ -77.044561, 39.002326 ], [ -77.044907, 39.00232 ], [ -77.045128, 39.001956 ], [ -77.045474, 39.00195 ], [ -77.045946, 39.002302 ], [ -77.046872, 39.002376 ], [ -77.047326, 39.002097 ], [ -77.047321, 39.001917 ], [ -77.047551, 39.001913 ], [ -77.047759, 39.001099 ], [ -77.049251, 39.000802 ], [ -77.049018, 39.000716 ], [ -77.04901, 39.000446 ], [ -77.049467, 39.000258 ], [ -77.049462, 39.000078 ], [ -77.049692, 39.000074 ], [ -77.049892, 38.998989 ], [ -77.050695, 38.998795 ], [ -77.05044, 38.997988 ], [ -77.050551, 38.997806 ], [ -77.05101, 38.997708 ], [ -77.050984, 38.996807 ], [ -77.051209, 38.996623 ], [ -77.051789, 38.996703 ], [ -77.051781, 38.996433 ], [ -77.052012, 38.996429 ], [ -77.052007, 38.996249 ], [ -77.051655, 38.996075 ], [ -77.051647, 38.995805 ], [ -77.051868, 38.99544 ], [ -77.05185, 38.99481 ], [ -77.052188, 38.994534 ], [ -77.052178, 38.994173 ], [ -77.051939, 38.993907 ], [ -77.052044, 38.993545 ], [ -77.051575, 38.993283 ], [ -77.051569, 38.993103 ], [ -77.052026, 38.992915 ], [ -77.051897, 38.992466 ], [ -77.051318, 38.992386 ], [ -77.051082, 38.99221 ], [ -77.050579, 38.990778 ], [ -77.049078, 38.990804 ], [ -77.048609, 38.990542 ], [ -77.048106, 38.989109 ], [ -77.047065, 38.989037 ], [ -77.047042, 38.988227 ], [ -77.046336, 38.987789 ], [ -77.046087, 38.987162 ], [ -77.045856, 38.987166 ], [ -77.045851, 38.986986 ], [ -77.044905, 38.986192 ], [ -77.044674, 38.986196 ], [ -77.044318, 38.985842 ], [ -77.043969, 38.985758 ], [ -77.043725, 38.985312 ], [ -77.043379, 38.985318 ], [ -77.042792, 38.984968 ], [ -77.042889, 38.984335 ], [ -77.042425, 38.984253 ], [ -77.042302, 38.983985 ], [ -77.04264, 38.983709 ], [ -77.042871, 38.983705 ], [ -77.042976, 38.983343 ], [ -77.043894, 38.983146 ], [ -77.044229, 38.98278 ], [ -77.044691, 38.982772 ], [ -77.044927, 38.982948 ], [ -77.045619, 38.982936 ], [ -77.045842, 38.982662 ], [ -77.046652, 38.982737 ], [ -77.047224, 38.982547 ], [ -77.047219, 38.982367 ], [ -77.047681, 38.982359 ], [ -77.047673, 38.982089 ], [ -77.048475, 38.981895 ], [ -77.048926, 38.981526 ], [ -77.048683, 38.98108 ], [ -77.048898, 38.980536 ], [ -77.049126, 38.980441 ], [ -77.048982, 38.979453 ], [ -77.049213, 38.979449 ], [ -77.049433, 38.979085 ], [ -77.050256, 38.979611 ], [ -77.050602, 38.979605 ], [ -77.050608, 38.979785 ], [ -77.05152, 38.979408 ], [ -77.052102, 38.979578 ], [ -77.052108, 38.979758 ], [ -77.052569, 38.97975 ], [ -77.052923, 38.980014 ], [ -77.053267, 38.979918 ], [ -77.054082, 38.980174 ], [ -77.05479, 38.980702 ], [ -77.056636, 38.98067 ], [ -77.056872, 38.980846 ], [ -77.05688, 38.981116 ], [ -77.057336, 38.980928 ], [ -77.057554, 38.980473 ], [ -77.058356, 38.980279 ], [ -77.05859, 38.980365 ], [ -77.0587, 38.980183 ], [ -77.059387, 38.97999 ], [ -77.060194, 38.979976 ], [ -77.06043, 38.980152 ], [ -77.060892, 38.980144 ], [ -77.06113, 38.98041 ], [ -77.062392, 38.980118 ], [ -77.063323, 38.980371 ], [ -77.063684, 38.980906 ], [ -77.064028, 38.980809 ], [ -77.064608, 38.980889 ], [ -77.064613, 38.981069 ], [ -77.065536, 38.981053 ], [ -77.066131, 38.981673 ], [ -77.066947, 38.981929 ], [ -77.06707, 38.982197 ], [ -77.067301, 38.982193 ], [ -77.067421, 38.982371 ], [ -77.067883, 38.982363 ], [ -77.067993, 38.982181 ], [ -77.068682, 38.982079 ], [ -77.069616, 38.982422 ], [ -77.070308, 38.98241 ], [ -77.070647, 38.982134 ], [ -77.071108, 38.982126 ], [ -77.071698, 38.982566 ], [ -77.071703, 38.982746 ], [ -77.071934, 38.982742 ], [ -77.07185, 38.983824 ], [ -77.071622, 38.983918 ], [ -77.071627, 38.984099 ], [ -77.072099, 38.984451 ], [ -77.07233, 38.984447 ], [ -77.072577, 38.984983 ], [ -77.072472, 38.985345 ], [ -77.072713, 38.985701 ], [ -77.072249, 38.985619 ], [ -77.072026, 38.985894 ], [ -77.071336, 38.985996 ], [ -77.071342, 38.986176 ], [ -77.07169, 38.98626 ], [ -77.071696, 38.98644 ], [ -77.071242, 38.986718 ], [ -77.071247, 38.986898 ], [ -77.071596, 38.986982 ], [ -77.071373, 38.987257 ], [ -77.071386, 38.987707 ], [ -77.071743, 38.988061 ], [ -77.071753, 38.988421 ], [ -77.071987, 38.988507 ], [ -77.072008, 38.989228 ], [ -77.072246, 38.989494 ], [ -77.071793, 38.989772 ], [ -77.071801, 38.990042 ], [ -77.071462, 38.990319 ], [ -77.070888, 38.990419 ], [ -77.071142, 38.991225 ], [ -77.070802, 38.991411 ], [ -77.07034, 38.99142 ], [ -77.070358, 38.99205 ], [ -77.070592, 38.992136 ], [ -77.070261, 38.992682 ], [ -77.069915, 38.992689 ], [ -77.069461, 38.992967 ], [ -77.068997, 38.992885 ], [ -77.068895, 38.993337 ], [ -77.067974, 38.993444 ], [ -77.067746, 38.993538 ], [ -77.067751, 38.993718 ], [ -77.067408, 38.993814 ], [ -77.067062, 38.99382 ], [ -77.066941, 38.993642 ], [ -77.065095, 38.993675 ], [ -77.064641, 38.993953 ], [ -77.064407, 38.993867 ], [ -77.063503, 38.994514 ], [ -77.063626, 38.994782 ], [ -77.063162, 38.9947 ], [ -77.063041, 38.994522 ], [ -77.062695, 38.994528 ], [ -77.062128, 38.994899 ], [ -77.062141, 38.995349 ], [ -77.061806, 38.995716 ], [ -77.061819, 38.996166 ], [ -77.061357, 38.996174 ], [ -77.061362, 38.996354 ], [ -77.061134, 38.996448 ], [ -77.060326, 38.996462 ], [ -77.060321, 38.996282 ], [ -77.05997, 38.996108 ], [ -77.059395, 38.996209 ], [ -77.059044, 38.996035 ], [ -77.058703, 38.996221 ], [ -77.058711, 38.996491 ], [ -77.05848, 38.996495 ], [ -77.058488, 38.996765 ], [ -77.058031, 38.996953 ], [ -77.058039, 38.997224 ], [ -77.056775, 38.997426 ], [ -77.056667, 38.997698 ], [ -77.056436, 38.997702 ], [ -77.056562, 38.998061 ], [ -77.056219, 38.998157 ], [ -77.056344, 38.998515 ], [ -77.056003, 38.998701 ], [ -77.056137, 38.99933 ], [ -77.055909, 38.999424 ], [ -77.055919, 38.999784 ], [ -77.055227, 38.999796 ], [ -77.055232, 38.999976 ], [ -77.054888, 39.000072 ], [ -77.054896, 39.000343 ], [ -77.054435, 39.000351 ], [ -77.054214, 39.000715 ], [ -77.053755, 39.000813 ], [ -77.053768, 39.001263 ], [ -77.053422, 39.001269 ], [ -77.053325, 39.001902 ], [ -77.052871, 39.00218 ], [ -77.052884, 39.00263 ], [ -77.053115, 39.002626 ], [ -77.05313, 39.003167 ], [ -77.05291, 39.003531 ], [ -77.052456, 39.003809 ], [ -77.051879, 39.003819 ], [ -77.051425, 39.004098 ], [ -77.051079, 39.004104 ], [ -77.050974, 39.004466 ], [ -77.050628, 39.004472 ], [ -77.050638, 39.004832 ], [ -77.050297, 39.005019 ], [ -77.050302, 39.005199 ], [ -77.050071, 39.005203 ], [ -77.049948, 39.004935 ], [ -77.049263, 39.005217 ], [ -77.04951, 39.005753 ], [ -77.049166, 39.005849 ], [ -77.049171, 39.00603 ], [ -77.048492, 39.006492 ], [ -77.048497, 39.006672 ], [ -77.047823, 39.007315 ], [ -77.047949, 39.007673 ], [ -77.047754, 39.008938 ], [ -77.045446, 39.008978 ], [ -77.044992, 39.009256 ] ] ] } },
{ "type": "Feature", "properties": { "id": "SC45", "sc_id": 45, "area_km2": 2.326, "downstream_unit": "SC48", "receiving_segment": "R45", "impervious_total": 0.3384, "impervious_connected": 0.1968, "mean_elevation_m": 81.0961, "mean_slope": 0.1163, "control": "01648000" }, "geometry": { "type": "Polygon", "coordinates": [ [ [ -77.027097, 38.99326 ], [ -77.02694, 38.991822 ], [ -77.025997, 38.991117 ], [ -77.025745, 38.990401 ], [ -77.025514, 38.990405 ], [ -77.025509, 38.990225 ], [ -77.025163, 38.990231 ], [ -77.025037, 38.989872 ], [ -77.024571, 38.9897 ], [ -77.024555, 38.98916 ], [ -77.024784, 38.989066 ], [ -77.024768, 38.988526 ], [ -77.025114, 38.98852 ], [ -77.025237, 38.988788 ], [ -77.025809, 38.988598 ], [ -77.026009, 38.987513 ], [ -77.025661, 38.987429 ], [ -77.025891, 38.987425 ], [ -77.025886, 38.987245 ], [ -77.026227, 38.987059 ], [ -77.026196, 38.985978 ], [ -77.026532, 38.985612 ], [ -77.026525, 38.985341 ], [ -77.027101, 38.985331 ], [ -77.02734, 38.985598 ], [ -77.027686, 38.985592 ], [ -77.027681, 38.985411 ], [ -77.028027, 38.985405 ], [ -77.028253, 38.985221 ], [ -77.02835, 38.984589 ], [ -77.029271, 38.984483 ], [ -77.029607, 38.984117 ], [ -77.029596, 38.983756 ], [ -77.02994, 38.98366 ], [ -77.02993, 38.9833 ], [ -77.029578, 38.983126 ], [ -77.029455, 38.982858 ], [ -77.029442, 38.982407 ], [ -77.029673, 38.982403 ], [ -77.030001, 38.981767 ], [ -77.029755, 38.981231 ], [ -77.029983, 38.981137 ], [ -77.02997, 38.980686 ], [ -77.030199, 38.980592 ], [ -77.03007, 38.980144 ], [ -77.030868, 38.97977 ], [ -77.031098, 38.979766 ], [ -77.031219, 38.979944 ], [ -77.031906, 38.979752 ], [ -77.032255, 38.979836 ], [ -77.032362, 38.979563 ], [ -77.032593, 38.979559 ], [ -77.032585, 38.979289 ], [ -77.033042, 38.979101 ], [ -77.033373, 38.978555 ], [ -77.033826, 38.978277 ], [ -77.033821, 38.978096 ], [ -77.034395, 38.977996 ], [ -77.03427, 38.977638 ], [ -77.034726, 38.97745 ], [ -77.034834, 38.977178 ], [ -77.034244, 38.976737 ], [ -77.03447, 38.976553 ], [ -77.034569, 38.976011 ], [ -77.034108, 38.976019 ], [ -77.034098, 38.975659 ], [ -77.034326, 38.975565 ], [ -77.034431, 38.975202 ], [ -77.035008, 38.975192 ], [ -77.035115, 38.97492 ], [ -77.035574, 38.974822 ], [ -77.036366, 38.974268 ], [ -77.036464, 38.973635 ], [ -77.037158, 38.973713 ], [ -77.038538, 38.973509 ], [ -77.038763, 38.973325 ], [ -77.039109, 38.973319 ], [ -77.039778, 38.972496 ], [ -77.040471, 38.972484 ], [ -77.040581, 38.972302 ], [ -77.040812, 38.972298 ], [ -77.041168, 38.972652 ], [ -77.041745, 38.972642 ], [ -77.041983, 38.972908 ], [ -77.042563, 38.972988 ], [ -77.042568, 38.973168 ], [ -77.042922, 38.973432 ], [ -77.042942, 38.974153 ], [ -77.043296, 38.974417 ], [ -77.044337, 38.974489 ], [ -77.044694, 38.974843 ], [ -77.044822, 38.975291 ], [ -77.04563, 38.975277 ], [ -77.045994, 38.975901 ], [ -77.046579, 38.976161 ], [ -77.046591, 38.976612 ], [ -77.046945, 38.976876 ], [ -77.046953, 38.977146 ], [ -77.047184, 38.977142 ], [ -77.048243, 38.977844 ], [ -77.048251, 38.978114 ], [ -77.047915, 38.978481 ], [ -77.048038, 38.978749 ], [ -77.047828, 38.979473 ], [ -77.048982, 38.979453 ], [ -77.049126, 38.980441 ], [ -77.048898, 38.980536 ], [ -77.048683, 38.98108 ], [ -77.048926, 38.981526 ], [ -77.048475, 38.981895 ], [ -77.047673, 38.982089 ], [ -77.047681, 38.982359 ], [ -77.047219, 38.982367 ], [ -77.047224, 38.982547 ], [ -77.046652, 38.982737 ], [ -77.045842, 38.982662 ], [ -77.045619, 38.982936 ], [ -77.044229, 38.98278 ], [ -77.043894, 38.983146 ], [ -77.042976, 38.983343 ], [ -77.042871, 38.983705 ], [ -77.04264, 38.983709 ], [ -77.042191, 38.984167 ], [ -77.041843, 38.984083 ], [ -77.041856, 38.984533 ], [ -77.041397, 38.984632 ], [ -77.041294, 38.985084 ], [ -77.040833, 38.985092 ], [ -77.040848, 38.985632 ], [ -77.040617, 38.985636 ], [ -77.040512, 38.985999 ], [ -77.040638, 38.986357 ], [ -77.040294, 38.986453 ], [ -77.040425, 38.986991 ], [ -77.040079, 38.986997 ], [ -77.040084, 38.987177 ], [ -77.039743, 38.987364 ], [ -77.039754, 38.987724 ], [ -77.039413, 38.98791 ], [ -77.038261, 38.98802 ], [ -77.038141, 38.987842 ], [ -77.037561, 38.987762 ], [ -77.037333, 38.987856 ], [ -77.037338, 38.988036 ], [ -77.037107, 38.98804 ], [ -77.036895, 38.988675 ], [ -77.037364, 38.988937 ], [ -77.037269, 38.989659 ], [ -77.036582, 38.989852 ], [ -77.036592, 38.990212 ], [ -77.035441, 38.990322 ], [ -77.035205, 38.990146 ], [ -77.035095, 38.990328 ], [ -77.034521, 38.990428 ], [ -77.034413, 38.9907 ], [ -77.034182, 38.990704 ], [ -77.034187, 38.990884 ], [ -77.033149, 38.990903 ], [ -77.032564, 38.990642 ], [ -77.032467, 38.991275 ], [ -77.032002, 38.991193 ], [ -77.031546, 38.991381 ], [ -77.030969, 38.991391 ], [ -77.030618, 38.991217 ], [ -77.030395, 38.991491 ], [ -77.030523, 38.991939 ], [ -77.029825, 38.991771 ], [ -77.029602, 38.992046 ], [ -77.029371, 38.99205 ], [ -77.02913, 38.991693 ], [ -77.028551, 38.991613 ], [ -77.028328, 38.991888 ], [ -77.028451, 38.992156 ], [ -77.028105, 38.992162 ], [ -77.027999, 38.992524 ], [ -77.027769, 38.992528 ], [ -77.027774, 38.992708 ], [ -77.027543, 38.992712 ], [ -77.027548, 38.992892 ], [ -77.02732, 38.992986 ], [ -77.027328, 38.993256 ], [ -77.027097, 38.99326 ] ] ] } },
{ "type": "Feature", "properties": { "id": "SC46", "sc_id": 46, "area_km2": 2.6889, "downstream_unit": "SC48", "receiving_segment": "R46", "impervious_total": 0.2843, "impervious_connected": 0.1516, "mean_elevation_m": 90.6793, "mean_slope": 0.0958, "control": "" }, "geometry": { "type": "Polygon", "coordinates": [ [ [ -77.071939, 38.982922 ], [ -77.071934, 38.982742 ], [ -77.071703, 38.982746 ], [ -77.071698, 38.982566 ], [ -77.071108, 38.982126 ], [ -77.070647, 38.982134 ], [ -77.070308, 38.98241 ], [ -77.069616, 38.982422 ], [ -77.068682, 38.982079 ], [ -77.067993, 38.982181 ], [ -77.067883, 38.982363 ], [ -77.067421, 38.982371 ], [ -77.067301, 38.982193 ], [ -77.06707, 38.982197 ], [ -77.066947, 38.981929 ], [ -77.066131, 38.981673 ], [ -77.065536, 38.981053 ], [ -77.064613, 38.981069 ], [ -77.064608, 38.980889 ], [ -77.064028, 38.980809 ], [ -77.063684, 38.980906 ], [ -77.063323, 38.980371 ], [ -77.062392, 38.980118 ], [ -77.06113, 38.98041 ], [ -77.060892, 38.980144 ], [ -77.06043, 38.980152 ], [ -77.060194, 38.979976 ], [ -77.059387, 38.97999 ], [ -77.0587, 38.980183 ], [ -77.05859, 38.980365 ], [ -77.058356, 38.980279 ], [ -77.057554, 38.980473 ], [ -77.057336, 38.980928 ], [ -77.05688, 38.981116 ], [ -77.056872, 38.980846 ], [ -77.056636, 38.98067 ], [ -77.05479, 38.980702 ], [ -77.054082, 38.980174 ], [ -77.053267, 38.979918 ], [ -77.052923, 38.980014 ], [ -77.052569, 38.97975 ], [ -77.052108, 38.979758 ], [ -77.052102, 38.979578 ], [ -77.05152, 38.979408 ], [ -77.051061, 38.979506 ], [ -77.050723, 38.979783 ], [ -77.050602, 38.979605 ], [ -77.050256, 38.979611 ], [ -77.050018, 38.979345 ], [ -77.049787, 38.979349 ], [ -77.049549, 38.979083 ], [ -77.049213, 38.979449 ], [ -77.047828, 38.979473 ], [ -77.048038, 38.978749 ], [ -77.047915, 38.978481 ], [ -77.048251, 38.978114 ], [ -77.048243, 38.977844 ], [ -77.047184, 38.977142 ], [ -77.046953, 38.977146 ], [ -77.046945, 38.976876 ], [ -77.046591, 38.976612 ], [ -77.046579, 38.976161 ], [ -77.045994, 38.975901 ], [ -77.04563, 38.975277 ], [ -77.044822, 38.975291 ], [ -77.044694, 38.974843 ], [ -77.044337, 38.974489 ], [ -77.043296, 38.974417 ], [ -77.042942, 38.974153 ], [ -77.042922, 38.973432 ], [ -77.042447, 38.97299 ], [ -77.042434, 38.97254 ], [ -77.043116, 38.972167 ], [ -77.043106, 38.971807 ], [ -77.043449, 38.971711 ], [ -77.043444, 38.971531 ], [ -77.043895, 38.971163 ], [ -77.044126, 38.971159 ], [ -77.044136, 38.971519 ], [ -77.04437, 38.971605 ], [ -77.045172, 38.971411 ], [ -77.045754, 38.971581 ], [ -77.046669, 38.971294 ], [ -77.047259, 38.971734 ], [ -77.047836, 38.971724 ], [ -77.047841, 38.971904 ], [ -77.048308, 38.972076 ], [ -77.048546, 38.972343 ], [ -77.050507, 38.972308 ], [ -77.051887, 38.972104 ], [ -77.05224, 38.972368 ], [ -77.052699, 38.97227 ], [ -77.05294, 38.972626 ], [ -77.054099, 38.972785 ], [ -77.054223, 38.973054 ], [ -77.054799, 38.973043 ], [ -77.055153, 38.973308 ], [ -77.055161, 38.973578 ], [ -77.055392, 38.973574 ], [ -77.055835, 38.972935 ], [ -77.056066, 38.972931 ], [ -77.05605, 38.972391 ], [ -77.056394, 38.972295 ], [ -77.056606, 38.97166 ], [ -77.057068, 38.971652 ], [ -77.057062, 38.971472 ], [ -77.057411, 38.971556 ], [ -77.057639, 38.971462 ], [ -77.057634, 38.971282 ], [ -77.058095, 38.971273 ], [ -77.058331, 38.971449 ], [ -77.058546, 38.970905 ], [ -77.058893, 38.970899 ], [ -77.058887, 38.970719 ], [ -77.059226, 38.970443 ], [ -77.0598, 38.970342 ], [ -77.060017, 38.969888 ], [ -77.060597, 38.969968 ], [ -77.060468, 38.96952 ], [ -77.061281, 38.969685 ], [ -77.061391, 38.969503 ], [ -77.062086, 38.969581 ], [ -77.062081, 38.969401 ], [ -77.062427, 38.969395 ], [ -77.063012, 38.969655 ], [ -77.063706, 38.969733 ], [ -77.063816, 38.96955 ], [ -77.064619, 38.969356 ], [ -77.06497, 38.96953 ], [ -77.066124, 38.96951 ], [ -77.066247, 38.969778 ], [ -77.067511, 38.969575 ], [ -77.067516, 38.969755 ], [ -77.067983, 38.969927 ], [ -77.067996, 38.970377 ], [ -77.068344, 38.970461 ], [ -77.068258, 38.971454 ], [ -77.068719, 38.971446 ], [ -77.068842, 38.971714 ], [ -77.069419, 38.971704 ], [ -77.069642, 38.97143 ], [ -77.070216, 38.971329 ], [ -77.070337, 38.971507 ], [ -77.070801, 38.971589 ], [ -77.071158, 38.971943 ], [ -77.071388, 38.971939 ], [ -77.071994, 38.972919 ], [ -77.072455, 38.972911 ], [ -77.072581, 38.973269 ], [ -77.072812, 38.973265 ], [ -77.073284, 38.973617 ], [ -77.073292, 38.973888 ], [ -77.073528, 38.974064 ], [ -77.072959, 38.974344 ], [ -77.072983, 38.975154 ], [ -77.073213, 38.97515 ], [ -77.073219, 38.97533 ], [ -77.073567, 38.975414 ], [ -77.073806, 38.97568 ], [ -77.074383, 38.97567 ], [ -77.074621, 38.975936 ], [ -77.074968, 38.97593 ], [ -77.074983, 38.97647 ], [ -77.075445, 38.976462 ], [ -77.075455, 38.976822 ], [ -77.07615, 38.9769 ], [ -77.076155, 38.97708 ], [ -77.076504, 38.977164 ], [ -77.076981, 38.977696 ], [ -77.076989, 38.977966 ], [ -77.076759, 38.977971 ], [ -77.076701, 38.979954 ], [ -77.075778, 38.97997 ], [ -77.075671, 38.980242 ], [ -77.07533, 38.980429 ], [ -77.075469, 38.981237 ], [ -77.075705, 38.981413 ], [ -77.075249, 38.981601 ], [ -77.075259, 38.981962 ], [ -77.074913, 38.981968 ], [ -77.074811, 38.98242 ], [ -77.073421, 38.982265 ], [ -77.073429, 38.982535 ], [ -77.072393, 38.982643 ], [ -77.072165, 38.982738 ], [ -77.07217, 38.982918 ], [ -77.071939, 38.982922 ] ] ] } },
{ "type": "Feature", "properties": { "id": "SC47", "sc_id": 47, "area_km2": 2.5304, "downstream_unit": "SC50", "receiving_segment": "R47", "impervious_total": 0.5555, "impervious_connected": 0.414, "mean_elevation_m": 86.1067, "mean_slope": 0.0658, "control": "01648011" }, "geometry": { "type": "Polygon", "coordinates": [ [ [ -77.034921, 38.960057 ], [ -77.035954, 38.959859 ], [ -77.035946, 38.959588 ], [ -77.036172, 38.959404 ], [ -77.036635, 38.959486 ], [ -77.036882, 38.960023 ], [ -77.037228, 38.960017 ], [ -77.037581, 38.960281 ], [ -77.037922, 38.960095 ], [ -77.038397, 38.960537 ], [ -77.038976, 38.960617 ], [ -77.039102, 38.960975 ], [ -77.039455, 38.961239 ], [ -77.039917, 38.961231 ], [ -77.04074, 38.961757 ], [ -77.041314, 38.961657 ], [ -77.04144, 38.962015 ], [ -77.041791, 38.962189 ], [ -77.04216, 38.962994 ], [ -77.042624, 38.963076 ], [ -77.043104, 38.963698 ], [ -77.042535, 38.963978 ], [ -77.041958, 38.963988 ], [ -77.041271, 38.964181 ], [ -77.041161, 38.964363 ], [ -77.040699, 38.964371 ], [ -77.040707, 38.964641 ], [ -77.040366, 38.964827 ], [ -77.040259, 38.965099 ], [ -77.039569, 38.965202 ], [ -77.039598, 38.966192 ], [ -77.039039, 38.966833 ], [ -77.039531, 38.967905 ], [ -77.038726, 38.968009 ], [ -77.038731, 38.96819 ], [ -77.038501, 38.968194 ], [ -77.038393, 38.968466 ], [ -77.03805, 38.968562 ], [ -77.038057, 38.968832 ], [ -77.03714, 38.969028 ], [ -77.036801, 38.969305 ], [ -77.036586, 38.969849 ], [ -77.036707, 38.970027 ], [ -77.03613, 38.970037 ], [ -77.035915, 38.970581 ], [ -77.034994, 38.970688 ], [ -77.034689, 38.972135 ], [ -77.03492, 38.97213 ], [ -77.035392, 38.972483 ], [ -77.0354, 38.972753 ], [ -77.035066, 38.973209 ], [ -77.034602, 38.973127 ], [ -77.034146, 38.973315 ], [ -77.034164, 38.973946 ], [ -77.03451, 38.97394 ], [ -77.034767, 38.974836 ], [ -77.034539, 38.97493 ], [ -77.034659, 38.975108 ], [ -77.034318, 38.975295 ], [ -77.034326, 38.975565 ], [ -77.034098, 38.975659 ], [ -77.034108, 38.976019 ], [ -77.034569, 38.976011 ], [ -77.03447, 38.976553 ], [ -77.034244, 38.976737 ], [ -77.034834, 38.977178 ], [ -77.034839, 38.977358 ], [ -77.03427, 38.977638 ], [ -77.034395, 38.977996 ], [ -77.033821, 38.978096 ], [ -77.033826, 38.978277 ], [ -77.033373, 38.978555 ], [ -77.033042, 38.979101 ], [ -77.032585, 38.979289 ], [ -77.032593, 38.979559 ], [ -77.032362, 38.979563 ], [ -77.032255, 38.979836 ], [ -77.031906, 38.979752 ], [ -77.031219, 38.979944 ], [ -77.031098, 38.979766 ], [ -77.030868, 38.97977 ], [ -77.03007, 38.980144 ], [ -77.030199, 38.980592 ], [ -77.02997, 38.980686 ], [ -77.029983, 38.981137 ], [ -77.029755, 38.981231 ], [ -77.030001, 38.981767 ], [ -77.029673, 38.982403 ], [ -77.029442, 38.982407 ], [ -77.029455, 38.982858 ], [ -77.029578, 38.983126 ], [ -77.02993, 38.9833 ], [ -77.02994, 38.98366 ], [ -77.029596, 38.983756 ], [ -77.029496, 38.984299 ], [ -77.029271, 38.984483 ], [ -77.02835, 38.984589 ], [ -77.028253, 38.985221 ], [ -77.028027, 38.985405 ], [ -77.027681, 38.985411 ], [ -77.027686, 38.985592 ], [ -77.02734, 38.985598 ], [ -77.027101, 38.985331 ], [ -77.026525, 38.985341 ], [ -77.026312, 38.985976 ], [ -77.02585, 38.985984 ], [ -77.025145, 38.985546 ], [ -77.024904, 38.985189 ], [ -77.025012, 38.984917 ], [ -77.02454, 38.984565 ], [ -77.024309, 38.984569 ], [ -77.024068, 38.984213 ], [ -77.023491, 38.984223 ], [ -77.023024, 38.984051 ], [ -77.022773, 38.983334 ], [ -77.022422, 38.98316 ], [ -77.022299, 38.982892 ], [ -77.02225, 38.981181 ], [ -77.022596, 38.981175 ], [ -77.022701, 38.980813 ], [ -77.022455, 38.980276 ], [ -77.022553, 38.979644 ], [ -77.022204, 38.97956 ], [ -77.022199, 38.97938 ], [ -77.022542, 38.979284 ], [ -77.022535, 38.979013 ], [ -77.022299, 38.978837 ], [ -77.022291, 38.978567 ], [ -77.02194, 38.978393 ], [ -77.021927, 38.977943 ], [ -77.021694, 38.977857 ], [ -77.021658, 38.976596 ], [ -77.021884, 38.976412 ], [ -77.021758, 38.976054 ], [ -77.021412, 38.97606 ], [ -77.021399, 38.975609 ], [ -77.02265, 38.974957 ], [ -77.022399, 38.97424 ], [ -77.022507, 38.973968 ], [ -77.022737, 38.973964 ], [ -77.022767, 38.973617 ], [ -77.023304, 38.973594 ], [ -77.023299, 38.973408 ], [ -77.0243, 38.973365 ], [ -77.024352, 38.973078 ], [ -77.024788, 38.973028 ], [ -77.025018, 38.972278 ], [ -77.026427, 38.97227 ], [ -77.026493, 38.971658 ], [ -77.026826, 38.971641 ], [ -77.027165, 38.971365 ], [ -77.026924, 38.970446 ], [ -77.02644, 38.970237 ], [ -77.026532, 38.969393 ], [ -77.025958, 38.969223 ], [ -77.026175, 38.969039 ], [ -77.026163, 38.96861 ], [ -77.026504, 38.968434 ], [ -77.027061, 38.968414 ], [ -77.027163, 38.968638 ], [ -77.027382, 38.968637 ], [ -77.02752, 38.967124 ], [ -77.027852, 38.967118 ], [ -77.028062, 38.966393 ], [ -77.027936, 38.966035 ], [ -77.027623, 38.96595 ], [ -77.027712, 38.964959 ], [ -77.028637, 38.964965 ], [ -77.028587, 38.964551 ], [ -77.02803, 38.964455 ], [ -77.028226, 38.964048 ], [ -77.027815, 38.963695 ], [ -77.028175, 38.961517 ], [ -77.028028, 38.961168 ], [ -77.028595, 38.960798 ], [ -77.028703, 38.96055 ], [ -77.029179, 38.960782 ], [ -77.029617, 38.960239 ], [ -77.030207, 38.96068 ], [ -77.031453, 38.960591 ], [ -77.031452, 38.960429 ], [ -77.03164, 38.960385 ], [ -77.03325, 38.960227 ], [ -77.033615, 38.960227 ], [ -77.033618, 38.960467 ], [ -77.034553, 38.960553 ], [ -77.034816, 38.960425 ], [ -77.034921, 38.960057 ] ] ] } },
{ "type": "Feature", "properties": { "id": "SC48", "sc_id": 48, "area_km2": 2.299, "downstream_unit": "SC50", "receiving_segment": "R48", "impervious_total": 0.1381, "impervious_connected": 0.0513, "mean_elevation_m": 75.8402, "mean_slope": 0.1551, "control": "01648010" }, "geometry": { "type": "Polygon", "coordinates": [ [ [ -77.034549, 38.975291 ], [ -77.034756, 38.974476 ], [ -77.03451, 38.97394 ], [ -77.034164, 38.973946 ], [ -77.034146, 38.973315 ], [ -77.034602, 38.973127 ], [ -77.035066, 38.973209 ], [ -77.0354, 38.972753 ], [ -77.035392, 38.972483 ], [ -77.03492, 38.97213 ], [ -77.034689, 38.972135 ], [ -77.034994, 38.970688 ], [ -77.035915, 38.970581 ], [ -77.03613, 38.970037 ], [ -77.036707, 38.970027 ], [ -77.036586, 38.969849 ], [ -77.036801, 38.969305 ], [ -77.03714, 38.969028 ], [ -77.038057, 38.968832 ], [ -77.03805, 38.968562 ], [ -77.038393, 38.968466 ], [ -77.038388, 38.968286 ], [ -77.038731, 38.96819 ], [ -77.038726, 38.968009 ], [ -77.039531, 38.967905 ], [ -77.039039, 38.966833 ], [ -77.039598, 38.966192 ], [ -77.039569, 38.965202 ], [ -77.040259, 38.965099 ], [ -77.040366, 38.964827 ], [ -77.040707, 38.964641 ], [ -77.040699, 38.964371 ], [ -77.041161, 38.964363 ], [ -77.041499, 38.964087 ], [ -77.042191, 38.964074 ], [ -77.043104, 38.963698 ], [ -77.043098, 38.963518 ], [ -77.042509, 38.963078 ], [ -77.042721, 38.962443 ], [ -77.042137, 38.962183 ], [ -77.042127, 38.961823 ], [ -77.042352, 38.961639 ], [ -77.041972, 38.960474 ], [ -77.041962, 38.960114 ], [ -77.042188, 38.95993 ], [ -77.042169, 38.959299 ], [ -77.043208, 38.959281 ], [ -77.043661, 38.959003 ], [ -77.045502, 38.958791 ], [ -77.04644, 38.959315 ], [ -77.04725, 38.959391 ], [ -77.047593, 38.959294 ], [ -77.047816, 38.95902 ], [ -77.048278, 38.959012 ], [ -77.048729, 38.958644 ], [ -77.049426, 38.958812 ], [ -77.05, 38.958712 ], [ -77.049995, 38.958531 ], [ -77.050456, 38.958523 ], [ -77.050813, 38.958878 ], [ -77.051505, 38.958865 ], [ -77.05174, 38.959041 ], [ -77.051879, 38.95985 ], [ -77.053153, 38.960008 ], [ -77.053507, 38.960272 ], [ -77.05466, 38.960251 ], [ -77.054899, 38.960518 ], [ -77.05536, 38.960509 ], [ -77.055389, 38.9615 ], [ -77.055158, 38.961504 ], [ -77.055179, 38.962225 ], [ -77.055525, 38.962218 ], [ -77.055648, 38.962487 ], [ -77.056, 38.962661 ], [ -77.055889, 38.962843 ], [ -77.056123, 38.962929 ], [ -77.056131, 38.963199 ], [ -77.0559, 38.963203 ], [ -77.055821, 38.964466 ], [ -77.056075, 38.965272 ], [ -77.056306, 38.965268 ], [ -77.056198, 38.96554 ], [ -77.056434, 38.965716 ], [ -77.056778, 38.96562 ], [ -77.056673, 38.965982 ], [ -77.056909, 38.966159 ], [ -77.057831, 38.966142 ], [ -77.058193, 38.966676 ], [ -77.059116, 38.96666 ], [ -77.059588, 38.967012 ], [ -77.059719, 38.967551 ], [ -77.060073, 38.967815 ], [ -77.060652, 38.967895 ], [ -77.060893, 38.968251 ], [ -77.060788, 38.968613 ], [ -77.060445, 38.968709 ], [ -77.060686, 38.969065 ], [ -77.060468, 38.96952 ], [ -77.060597, 38.969968 ], [ -77.060017, 38.969888 ], [ -77.0598, 38.970342 ], [ -77.059226, 38.970443 ], [ -77.058887, 38.970719 ], [ -77.058893, 38.970899 ], [ -77.058546, 38.970905 ], [ -77.058331, 38.971449 ], [ -77.058095, 38.971273 ], [ -77.057634, 38.971282 ], [ -77.057639, 38.971462 ], [ -77.057411, 38.971556 ], [ -77.057062, 38.971472 ], [ -77.057068, 38.971652 ], [ -77.056606, 38.97166 ], [ -77.056394, 38.972295 ], [ -77.05605, 38.972391 ], [ -77.056066, 38.972931 ], [ -77.055835, 38.972935 ], [ -77.055392, 38.973574 ], [ -77.055161, 38.973578 ], [ -77.055153, 38.973308 ], [ -77.054799, 38.973043 ], [ -77.054223, 38.973054 ], [ -77.054099, 38.972785 ], [ -77.053174, 38.972712 ], [ -77.052823, 38.972538 ], [ -77.052699, 38.97227 ], [ -77.05224, 38.972368 ], [ -77.052002, 38.972102 ], [ -77.050507, 38.972308 ], [ -77.048546, 38.972343 ], [ -77.048308, 38.972076 ], [ -77.047841, 38.971904 ], [ -77.047836, 38.971724 ], [ -77.047259, 38.971734 ], [ -77.046669, 38.971294 ], [ -77.045754, 38.971581 ], [ -77.045287, 38.971409 ], [ -77.04437, 38.971605 ], [ -77.044136, 38.971519 ], [ -77.044126, 38.971159 ], [ -77.043895, 38.971163 ], [ -77.043444, 38.971531 ], [ -77.043449, 38.971711 ], [ -77.043106, 38.971807 ], [ -77.043116, 38.972167 ], [ -77.042434, 38.97254 ], [ -77.042447, 38.97299 ], [ -77.041983, 38.972908 ], [ -77.041745, 38.972642 ], [ -77.041168, 38.972652 ], [ -77.040812, 38.972298 ], [ -77.040581, 38.972302 ], [ -77.040471, 38.972484 ], [ -77.039778, 38.972496 ], [ -77.039109, 38.973319 ], [ -77.038079, 38.973607 ], [ -77.036464, 38.973635 ], [ -77.036366, 38.974268 ], [ -77.035574, 38.974822 ], [ -77.035115, 38.97492 ], [ -77.035008, 38.975192 ], [ -77.034549, 38.975291 ] ] ] } },
{ "type": "Feature", "properties": { "id": "SC49", "sc_id": 49, "area_km2": 6.8455, "downstream_unit": "SC51", "receiving_segment": "R49", "impervious_total": 0.4238, "impervious_connected": 0.2759, "mean_elevation_m": 88.3053, "mean_slope": 0.1078, "control": "" }, "geometry": { "type": "Polygon", "coordinates": [ [ [ -77.07444, 38.973687 ], [ -77.073169, 38.973619 ], [ -77.072812, 38.973265 ], [ -77.072581, 38.973269 ], [ -77.072455, 38.972911 ], [ -77.071994, 38.972919 ], [ -77.071989, 38.972739 ], [ -77.071635, 38.972475 ], [ -77.071624, 38.972115 ], [ -77.070216, 38.971329 ], [ -77.069642, 38.97143 ], [ -77.069419, 38.971704 ], [ -77.068842, 38.971714 ], [ -77.068719, 38.971446 ], [ -77.068258, 38.971454 ], [ -77.068344, 38.970461 ], [ -77.067996, 38.970377 ], [ -77.067983, 38.969927 ], [ -77.067516, 38.969755 ], [ -77.067511, 38.969575 ], [ -77.066247, 38.969778 ], [ -77.066124, 38.96951 ], [ -77.06497, 38.96953 ], [ -77.064619, 38.969356 ], [ -77.063816, 38.96955 ], [ -77.063706, 38.969733 ], [ -77.063012, 38.969655 ], [ -77.062427, 38.969395 ], [ -77.062081, 38.969401 ], [ -77.062086, 38.969581 ], [ -77.061391, 38.969503 ], [ -77.061281, 38.969685 ], [ -77.060702, 38.969606 ], [ -77.060686, 38.969065 ], [ -77.060448, 38.968799 ], [ -77.060558, 38.968617 ], [ -77.060788, 38.968613 ], [ -77.060893, 38.968251 ], [ -77.060652, 38.967895 ], [ -77.060073, 38.967815 ], [ -77.059719, 38.967551 ], [ -77.059588, 38.967012 ], [ -77.059116, 38.96666 ], [ -77.058193, 38.966676 ], [ -77.057831, 38.966142 ], [ -77.057142, 38.966245 ], [ -77.056673, 38.965982 ], [ -77.056778, 38.96562 ], [ -77.056434, 38.965716 ], [ -77.056198, 38.96554 ], [ -77.056306, 38.965268 ], [ -77.056075, 38.965272 ], [ -77.056065, 38.964912 ], [ -77.055829, 38.964736 ], [ -77.0559, 38.963203 ], [ -77.056131, 38.963199 ], [ -77.056123, 38.962929 ], [ -77.055889, 38.962843 ], [ -77.056, 38.962661 ], [ -77.055648, 38.962487 ], [ -77.055643, 38.962306 ], [ -77.055179, 38.962225 ], [ -77.055158, 38.961504 ], [ -77.055389, 38.9615 ], [ -77.05536, 38.960509 ], [ -77.054899, 38.960518 ], [ -77.05466, 38.960251 ], [ -77.053507, 38.960272 ], [ -77.053153, 38.960008 ], [ -77.051879, 38.95985 ], [ -77.05174, 38.959041 ], [ -77.051507, 38.958955 ], [ -77.051379, 38.958507 ], [ -77.051028, 38.958333 ], [ -77.050904, 38.958065 ], [ -77.051117, 38.957431 ], [ -77.051688, 38.95724 ], [ -77.051796, 38.956968 ], [ -77.052252, 38.95678 ], [ -77.052213, 38.955429 ], [ -77.051629, 38.955169 ], [ -77.051621, 38.954899 ], [ -77.051385, 38.954723 ], [ -77.051587, 38.953728 ], [ -77.051931, 38.953632 ], [ -77.052038, 38.95336 ], [ -77.051451, 38.95301 ], [ -77.0512, 38.952293 ], [ -77.050846, 38.952029 ], [ -77.050822, 38.951219 ], [ -77.050584, 38.950953 ], [ -77.050684, 38.95041 ], [ -77.050561, 38.950142 ], [ -77.05033, 38.950146 ], [ -77.05044, 38.949964 ], [ -77.050204, 38.949788 ], [ -77.050312, 38.949516 ], [ -77.050076, 38.94934 ], [ -77.050066, 38.948979 ], [ -77.049253, 38.948813 ], [ -77.049245, 38.948543 ], [ -77.048771, 38.948101 ], [ -77.04875, 38.947381 ], [ -77.048517, 38.947295 ], [ -77.048858, 38.947108 ], [ -77.048732, 38.94675 ], [ -77.04896, 38.946656 ], [ -77.049047, 38.945664 ], [ -77.049267, 38.945299 ], [ -77.049608, 38.945113 ], [ -77.04969, 38.94394 ], [ -77.049918, 38.943846 ], [ -77.049913, 38.943666 ], [ -77.05061, 38.943834 ], [ -77.051084, 38.944276 ], [ -77.051315, 38.944272 ], [ -77.051425, 38.94409 ], [ -77.051886, 38.944082 ], [ -77.052219, 38.943626 ], [ -77.052683, 38.943707 ], [ -77.053257, 38.943607 ], [ -77.053482, 38.943423 ], [ -77.054061, 38.943503 ], [ -77.054415, 38.943767 ], [ -77.055453, 38.943749 ], [ -77.05625, 38.943374 ], [ -77.056239, 38.943014 ], [ -77.056585, 38.943008 ], [ -77.057172, 38.943358 ], [ -77.057749, 38.943348 ], [ -77.057969, 38.942984 ], [ -77.058428, 38.942885 ], [ -77.058645, 38.942431 ], [ -77.060029, 38.942407 ], [ -77.060152, 38.942675 ], [ -77.060732, 38.942755 ], [ -77.060737, 38.942935 ], [ -77.062123, 38.943 ], [ -77.062464, 38.942814 ], [ -77.063156, 38.942802 ], [ -77.063263, 38.94253 ], [ -77.063384, 38.942708 ], [ -77.064534, 38.942597 ], [ -77.064739, 38.941693 ], [ -77.065423, 38.94141 ], [ -77.065544, 38.941588 ], [ -77.066348, 38.941484 ], [ -77.066353, 38.941664 ], [ -77.066584, 38.94166 ], [ -77.066704, 38.941838 ], [ -77.066712, 38.942108 ], [ -77.066946, 38.942194 ], [ -77.067176, 38.94219 ], [ -77.067171, 38.94201 ], [ -77.067635, 38.942092 ], [ -77.067766, 38.94263 ], [ -77.067997, 38.942626 ], [ -77.068007, 38.942986 ], [ -77.068358, 38.94316 ], [ -77.068599, 38.943516 ], [ -77.069637, 38.943498 ], [ -77.070093, 38.94331 ], [ -77.071595, 38.943373 ], [ -77.071933, 38.943097 ], [ -77.072627, 38.943175 ], [ -77.072738, 38.942993 ], [ -77.073196, 38.942894 ], [ -77.074349, 38.942874 ], [ -77.074452, 38.942421 ], [ -77.076643, 38.942382 ], [ -77.076653, 38.942743 ], [ -77.076774, 38.942921 ], [ -77.077004, 38.942917 ], [ -77.077017, 38.943367 ], [ -77.077251, 38.943453 ], [ -77.077259, 38.943723 ], [ -77.077494, 38.943899 ], [ -77.077392, 38.944351 ], [ -77.077859, 38.944523 ], [ -77.078108, 38.94515 ], [ -77.078456, 38.945233 ], [ -77.078472, 38.945774 ], [ -77.078708, 38.94595 ], [ -77.079743, 38.945841 ], [ -77.079979, 38.946017 ], [ -77.080317, 38.945741 ], [ -77.081009, 38.945729 ], [ -77.081015, 38.945909 ], [ -77.081478, 38.94599 ], [ -77.081258, 38.946355 ], [ -77.080918, 38.946541 ], [ -77.081151, 38.946627 ], [ -77.081175, 38.947438 ], [ -77.080837, 38.947714 ], [ -77.080514, 38.948531 ], [ -77.080176, 38.948807 ], [ -77.080302, 38.949165 ], [ -77.079613, 38.949267 ], [ -77.079631, 38.949898 ], [ -77.079406, 38.950082 ], [ -77.079414, 38.950352 ], [ -77.079183, 38.950356 ], [ -77.078845, 38.950633 ], [ -77.078635, 38.951357 ], [ -77.078289, 38.951363 ], [ -77.078295, 38.951543 ], [ -77.077951, 38.95164 ], [ -77.077959, 38.95191 ], [ -77.077618, 38.952096 ], [ -77.077768, 38.953265 ], [ -77.077425, 38.953361 ], [ -77.077435, 38.953721 ], [ -77.077671, 38.953897 ], [ -77.077108, 38.954358 ], [ -77.077139, 38.955438 ], [ -77.076914, 38.955623 ], [ -77.076927, 38.956073 ], [ -77.077283, 38.956427 ], [ -77.077307, 38.957237 ], [ -77.077653, 38.957231 ], [ -77.077658, 38.957411 ], [ -77.077315, 38.957508 ], [ -77.077325, 38.957868 ], [ -77.078017, 38.957855 ], [ -77.078146, 38.958304 ], [ -77.078382, 38.95848 ], [ -77.078843, 38.958471 ], [ -77.079079, 38.958647 ], [ -77.07921, 38.959186 ], [ -77.079674, 38.959268 ], [ -77.07968, 38.959448 ], [ -77.07991, 38.959444 ], [ -77.079918, 38.959714 ], [ -77.080385, 38.959886 ], [ -77.080645, 38.960872 ], [ -77.081106, 38.960864 ], [ -77.081119, 38.961314 ], [ -77.081347, 38.96122 ], [ -77.081476, 38.961668 ], [ -77.081945, 38.96193 ], [ -77.081859, 38.962923 ], [ -77.081292, 38.963293 ], [ -77.081188, 38.963656 ], [ -77.08096, 38.96375 ], [ -77.08086, 38.964292 ], [ -77.080514, 38.964298 ], [ -77.080519, 38.964478 ], [ -77.079942, 38.964489 ], [ -77.079948, 38.964669 ], [ -77.079602, 38.964675 ], [ -77.079607, 38.964855 ], [ -77.079376, 38.964859 ], [ -77.079387, 38.965219 ], [ -77.079046, 38.965406 ], [ -77.079054, 38.965676 ], [ -77.078598, 38.965864 ], [ -77.078606, 38.966134 ], [ -77.078375, 38.966138 ], [ -77.07827, 38.966501 ], [ -77.078042, 38.966595 ], [ -77.077943, 38.967137 ], [ -77.077599, 38.967234 ], [ -77.077264, 38.9676 ], [ -77.077056, 38.968414 ], [ -77.076249, 38.968429 ], [ -77.076254, 38.968609 ], [ -77.076026, 38.968703 ], [ -77.076058, 38.969784 ], [ -77.075948, 38.969966 ], [ -77.075602, 38.969972 ], [ -77.075612, 38.970332 ], [ -77.075384, 38.970426 ], [ -77.075389, 38.970607 ], [ -77.07562, 38.970602 ], [ -77.075861, 38.970959 ], [ -77.075992, 38.971497 ], [ -77.075541, 38.971865 ], [ -77.075555, 38.972316 ], [ -77.075216, 38.972592 ], [ -77.075227, 38.972952 ], [ -77.074897, 38.973499 ], [ -77.07444, 38.973687 ] ] ] } },
{ "type": "Feature", "properties": { "id": "SC50", "sc_id": 50, "area_km2": 1.6045, "downstream_unit": "SC51", "receiving_segment": "R50", "impervious_total": 0.0899, "impervious_connected": 0.027, "mean_elevation_m": 61.115, "mean_slope": 0.2062, "control": "" }, "geometry": { "type": "MultiPolygon", "coordinates": [ [ [ [ -77.041949, 38.94759 ], [ -77.041831, 38.947502 ], [ -77.041946, 38.9475 ], [ -77.041949, 38.94759 ] ] ], [ [ [ -77.041946, 38.9475 ], [ -77.042049, 38.947048 ], [ -77.042279, 38.947044 ], [ -77.042389, 38.946861 ], [ -77.042379, 38.946501 ], [ -77.043291, 38.946125 ], [ -77.043514, 38.945851 ], [ -77.043504, 38.94549 ], [ -77.043734, 38.945486 ], [ -77.043955, 38.945122 ], [ -77.044301, 38.945116 ], [ -77.044408, 38.944844 ], [ -77.04498, 38.944654 ], [ -77.045536, 38.943923 ], [ -77.046225, 38.943821 ], [ -77.046466, 38.944177 ], [ -77.046927, 38.944169 ], [ -77.048419, 38.943873 ], [ -77.048987, 38.943592 ], [ -77.049915, 38.943756 ], [ -77.04969, 38.94394 ], [ -77.049608, 38.945113 ], [ -77.049267, 38.945299 ], [ -77.049047, 38.945664 ], [ -77.04896, 38.946656 ], [ -77.048732, 38.94675 ], [ -77.048858, 38.947108 ], [ -77.048517, 38.947295 ], [ -77.04875, 38.947381 ], [ -77.048645, 38.947743 ], [ -77.049012, 38.948457 ], [ -77.049245, 38.948543 ], [ -77.049253, 38.948813 ], [ -77.050066, 38.948979 ], [ -77.050076, 38.94934 ], [ -77.050312, 38.949516 ], [ -77.050204, 38.949788 ], [ -77.05044, 38.949964 ], [ -77.05033, 38.950146 ], [ -77.050561, 38.950142 ], [ -77.050684, 38.95041 ], [ -77.050584, 38.950953 ], [ -77.050822, 38.951219 ], [ -77.050846, 38.952029 ], [ -77.0512, 38.952293 ], [ -77.051451, 38.95301 ], [ -77.052038, 38.95336 ], [ -77.051931, 38.953632 ], [ -77.051587, 38.953728 ], [ -77.051385, 38.954723 ], [ -77.051621, 38.954899 ], [ -77.051629, 38.955169 ], [ -77.052213, 38.955429 ], [ -77.052352, 38.956237 ], [ -77.052124, 38.956332 ], [ -77.052252, 38.95678 ], [ -77.052022, 38.956784 ], [ -77.051688, 38.95724 ], [ -77.051117, 38.957431 ], [ -77.050899, 38.957885 ], [ -77.051028, 38.958333 ], [ -77.051379, 38.958507 ], [ -77.051392, 38.958957 ], [ -77.050813, 38.958878 ], [ -77.050456, 38.958523 ], [ -77.049995, 38.958531 ], [ -77.05, 38.958712 ], [ -77.049426, 38.958812 ], [ -77.048729, 38.958644 ], [ -77.048278, 38.959012 ], [ -77.047816, 38.95902 ], [ -77.047593, 38.959294 ], [ -77.04725, 38.959391 ], [ -77.04644, 38.959315 ], [ -77.045502, 38.958791 ], [ -77.043661, 38.959003 ], [ -77.043208, 38.959281 ], [ -77.042169, 38.959299 ], [ -77.042188, 38.95993 ], [ -77.041962, 38.960114 ], [ -77.041972, 38.960474 ], [ -77.042352, 38.961639 ], [ -77.042127, 38.961823 ], [ -77.042137, 38.962183 ], [ -77.042721, 38.962443 ], [ -77.042622, 38.962986 ], [ -77.042393, 38.96308 ], [ -77.04216, 38.962994 ], [ -77.041791, 38.962189 ], [ -77.04144, 38.962015 ], [ -77.041314, 38.961657 ], [ -77.04074, 38.961757 ], [ -77.039917, 38.961231 ], [ -77.039455, 38.961239 ], [ -77.039102, 38.960975 ], [ -77.038976, 38.960617 ], [ -77.038397, 38.960537 ], [ -77.037922, 38.960095 ], [ -77.037581, 38.960281 ], [ -77.037461, 38.960103 ], [ -77.036882, 38.960023 ], [ -77.036635, 38.959486 ], [ -77.036172, 38.959404 ], [ -77.035946, 38.959588 ], [ -77.035954, 38.959859 ], [ -77.035492, 38.959867 ], [ -77.035267, 38.960051 ], [ -77.034468, 38.959915 ], [ -77.034444, 38.959525 ], [ -77.034675, 38.95952 ], [ -77.03455, 38.959209 ], [ -77.035238, 38.95906 ], [ -77.035109, 38.958563 ], [ -77.035257, 38.958285 ], [ -77.035413, 38.958156 ], [ -77.035905, 38.958147 ], [ -77.035894, 38.957787 ], [ -77.036233, 38.957511 ], [ -77.036338, 38.957149 ], [ -77.03633, 38.956879 ], [ -77.036097, 38.956793 ], [ -77.036671, 38.956692 ], [ -77.036799, 38.957141 ], [ -77.037266, 38.957313 ], [ -77.038304, 38.957295 ], [ -77.038286, 38.956664 ], [ -77.038055, 38.956668 ], [ -77.037817, 38.956402 ], [ -77.03837, 38.955582 ], [ -77.038826, 38.955393 ], [ -77.03869, 38.954675 ], [ -77.039492, 38.954481 ], [ -77.039603, 38.954299 ], [ -77.039244, 38.953854 ], [ -77.039582, 38.953578 ], [ -77.039792, 38.952854 ], [ -77.040138, 38.952848 ], [ -77.040586, 38.952389 ], [ -77.040579, 38.952119 ], [ -77.040807, 38.952025 ], [ -77.040568, 38.951759 ], [ -77.040338, 38.951763 ], [ -77.040327, 38.951403 ], [ -77.040555, 38.951309 ], [ -77.040658, 38.950856 ], [ -77.040999, 38.95067 ], [ -77.040865, 38.950042 ], [ -77.040975, 38.94986 ], [ -77.041206, 38.949856 ], [ -77.041191, 38.949315 ], [ -77.041529, 38.949039 ], [ -77.041518, 38.948679 ], [ -77.041746, 38.948585 ], [ -77.041739, 38.948315 ], [ -77.042418, 38.947852 ], [ -77.04241, 38.947582 ], [ -77.041946, 38.9475 ] ] ] ] } },
{ "type": "Feature", "properties": { "id": "SC51", "sc_id": 51, "area_km2": 2.2973, "downstream_unit": "SC53", "receiving_segment": "R51", "impervious_total": 0.3364, "impervious_connected": 0.1951, "mean_elevation_m": 67.9425, "mean_slope": 0.1521, "control": "" }, "geometry": { "type": "MultiPolygon", "coordinates": [ [ [ [ -77.043976, 38.937823 ], [ -77.044089, 38.937731 ], [ -77.044091, 38.937821 ], [ -77.043976, 38.937823 ] ] ], [ [ [ -77.042064, 38.947588 ], [ -77.04241, 38.947582 ], [ -77.042418, 38.947852 ], [ -77.041739, 38.948315 ], [ -77.041746, 38.948585 ], [ -77.041518, 38.948679 ], [ -77.041529, 38.949039 ], [ -77.041191, 38.949315 ], [ -77.041206, 38.949856 ], [ -77.040975, 38.94986 ], [ -77.040865, 38.950042 ], [ -77.040999, 38.95067 ], [ -77.040658, 38.950856 ], [ -77.040666, 38.951126 ], [ -77.040327, 38.951403 ], [ -77.040338, 38.951763 ], [ -77.040568, 38.951759 ], [ -77.040807, 38.952025 ], [ -77.040579, 38.952119 ], [ -77.040363, 38.952663 ], [ -77.040138, 38.952848 ], [ -77.039792, 38.952854 ], [ -77.039582, 38.953578 ], [ -77.039244, 38.953854 ], [ -77.0396, 38.954209 ], [ -77.039492, 38.954481 ], [ -77.038575, 38.954677 ], [ -77.038567, 38.954407 ], [ -77.038798, 38.954403 ], [ -77.038664, 38.953774 ], [ -77.037742, 38.953791 ], [ -77.037503, 38.953524 ], [ -77.036927, 38.953534 ], [ -77.036801, 38.953176 ], [ -77.03657, 38.95318 ], [ -77.036557, 38.95273 ], [ -77.036324, 38.952644 ], [ -77.036183, 38.951745 ], [ -77.035845, 38.951751 ], [ -77.035763, 38.951569 ], [ -77.035558, 38.951643 ], [ -77.034942, 38.951224 ], [ -77.034883, 38.950687 ], [ -77.035112, 38.950593 ], [ -77.034988, 38.950234 ], [ -77.035143, 38.949601 ], [ -77.035539, 38.949414 ], [ -77.03553, 38.949075 ], [ -77.035929, 38.948918 ], [ -77.036102, 38.948669 ], [ -77.035972, 38.948415 ], [ -77.036662, 38.948313 ], [ -77.036767, 38.947951 ], [ -77.036997, 38.947947 ], [ -77.03722, 38.947673 ], [ -77.037454, 38.947759 ], [ -77.037331, 38.947491 ], [ -77.037436, 38.947128 ], [ -77.037666, 38.947124 ], [ -77.037653, 38.946674 ], [ -77.037881, 38.94658 ], [ -77.037876, 38.9464 ], [ -77.038335, 38.946302 ], [ -77.038325, 38.945941 ], [ -77.038663, 38.945665 ], [ -77.038537, 38.945307 ], [ -77.038768, 38.945303 ], [ -77.038757, 38.944943 ], [ -77.038816, 38.945076 ], [ -77.039029, 38.944946 ], [ -77.039359, 38.944302 ], [ -77.040351, 38.944194 ], [ -77.040351, 38.943744 ], [ -77.04065, 38.943648 ], [ -77.040655, 38.943378 ], [ -77.041599, 38.943451 ], [ -77.041466, 38.942823 ], [ -77.042386, 38.942717 ], [ -77.042355, 38.941636 ], [ -77.042119, 38.94146 ], [ -77.042106, 38.94101 ], [ -77.042337, 38.941006 ], [ -77.04256, 38.940732 ], [ -77.042856, 38.940726 ], [ -77.042862, 38.940878 ], [ -77.043472, 38.940873 ], [ -77.043286, 38.940641 ], [ -77.042905, 38.940713 ], [ -77.043133, 38.940631 ], [ -77.043126, 38.940361 ], [ -77.043356, 38.940357 ], [ -77.043364, 38.940627 ], [ -77.043943, 38.940707 ], [ -77.044174, 38.940703 ], [ -77.044169, 38.940523 ], [ -77.04463, 38.940515 ], [ -77.044397, 38.940429 ], [ -77.044386, 38.940069 ], [ -77.043912, 38.939627 ], [ -77.044012, 38.939084 ], [ -77.043643, 38.93828 ], [ -77.044101, 38.938182 ], [ -77.044091, 38.937821 ], [ -77.045244, 38.937801 ], [ -77.045931, 38.937609 ], [ -77.045923, 38.937339 ], [ -77.046379, 38.937151 ], [ -77.046589, 38.936426 ], [ -77.047048, 38.936328 ], [ -77.047037, 38.935968 ], [ -77.047826, 38.935323 ], [ -77.048057, 38.935319 ], [ -77.048295, 38.935585 ], [ -77.049331, 38.935477 ], [ -77.049454, 38.935745 ], [ -77.04992, 38.935917 ], [ -77.049928, 38.936187 ], [ -77.050282, 38.936451 ], [ -77.050861, 38.936531 ], [ -77.051094, 38.936617 ], [ -77.051099, 38.936797 ], [ -77.051448, 38.936881 ], [ -77.052719, 38.936949 ], [ -77.053521, 38.936755 ], [ -77.053631, 38.936573 ], [ -77.054207, 38.936563 ], [ -77.054679, 38.936915 ], [ -77.055947, 38.936892 ], [ -77.055952, 38.937072 ], [ -77.056872, 38.936966 ], [ -77.056993, 38.937144 ], [ -77.057339, 38.937138 ], [ -77.057575, 38.937314 ], [ -77.057582, 38.937584 ], [ -77.057928, 38.937578 ], [ -77.057933, 38.937758 ], [ -77.059548, 38.93773 ], [ -77.059784, 38.937906 ], [ -77.059679, 38.938268 ], [ -77.060027, 38.938352 ], [ -77.060035, 38.938622 ], [ -77.060496, 38.938614 ], [ -77.060834, 38.938338 ], [ -77.061636, 38.938143 ], [ -77.062087, 38.937775 ], [ -77.062664, 38.937765 ], [ -77.063012, 38.937849 ], [ -77.063017, 38.938029 ], [ -77.063371, 38.938293 ], [ -77.063599, 38.938199 ], [ -77.063953, 38.938463 ], [ -77.064865, 38.938086 ], [ -77.065672, 38.938072 ], [ -77.065913, 38.938428 ], [ -77.066144, 38.938424 ], [ -77.066149, 38.938604 ], [ -77.067302, 38.938584 ], [ -77.06741, 38.938312 ], [ -77.069485, 38.938275 ], [ -77.069829, 38.938179 ], [ -77.069821, 38.937908 ], [ -77.070505, 38.937626 ], [ -77.071427, 38.93761 ], [ -77.071652, 38.937425 ], [ -77.072114, 38.937417 ], [ -77.072339, 38.937233 ], [ -77.072334, 38.937053 ], [ -77.072103, 38.937057 ], [ -77.072211, 38.936785 ], [ -77.072675, 38.936867 ], [ -77.072795, 38.937045 ], [ -77.073136, 38.936858 ], [ -77.074082, 38.937653 ], [ -77.074454, 38.938547 ], [ -77.07481, 38.938901 ], [ -77.074821, 38.939261 ], [ -77.074244, 38.939272 ], [ -77.07425, 38.939452 ], [ -77.074941, 38.939439 ], [ -77.075062, 38.939617 ], [ -77.075641, 38.939697 ], [ -77.075654, 38.940147 ], [ -77.076003, 38.940231 ], [ -77.076131, 38.94068 ], [ -77.076365, 38.940766 ], [ -77.076375, 38.941126 ], [ -77.077182, 38.941111 ], [ -77.077397, 38.940567 ], [ -77.07763, 38.940653 ], [ -77.077638, 38.940923 ], [ -77.0773, 38.941199 ], [ -77.077313, 38.94165 ], [ -77.076627, 38.941842 ], [ -77.076415, 38.942477 ], [ -77.075717, 38.942309 ], [ -77.074452, 38.942421 ], [ -77.074349, 38.942874 ], [ -77.073196, 38.942894 ], [ -77.072738, 38.942993 ], [ -77.072627, 38.943175 ], [ -77.071933, 38.943097 ], [ -77.071595, 38.943373 ], [ -77.070093, 38.94331 ], [ -77.069637, 38.943498 ], [ -77.068599, 38.943516 ], [ -77.068358, 38.94316 ], [ -77.068007, 38.942986 ], [ -77.067997, 38.942626 ], [ -77.067766, 38.94263 ], [ -77.067635, 38.942092 ], [ -77.067171, 38.94201 ], [ -77.067176, 38.94219 ], [ -77.066946, 38.942194 ], [ -77.066712, 38.942108 ], [ -77.066704, 38.941838 ], [ -77.066584, 38.94166 ], [ -77.066353, 38.941664 ], [ -77.066348, 38.941484 ], [ -77.065544, 38.941588 ], [ -77.065423, 38.94141 ], [ -77.064739, 38.941693 ], [ -77.064534, 38.942597 ], [ -77.063384, 38.942708 ], [ -77.063263, 38.94253 ], [ -77.063156, 38.942802 ], [ -77.062464, 38.942814 ], [ -77.062123, 38.943 ], [ -77.060737, 38.942935 ], [ -77.060732, 38.942755 ], [ -77.06027, 38.942763 ], [ -77.060029, 38.942407 ], [ -77.058645, 38.942431 ], [ -77.058428, 38.942885 ], [ -77.057969, 38.942984 ], [ -77.057749, 38.943348 ], [ -77.057172, 38.943358 ], [ -77.056819, 38.943094 ], [ -77.056239, 38.943014 ], [ -77.05625, 38.943374 ], [ -77.055453, 38.943749 ], [ -77.054415, 38.943767 ], [ -77.054061, 38.943503 ], [ -77.053482, 38.943423 ], [ -77.053257, 38.943607 ], [ -77.052683, 38.943707 ], [ -77.052219, 38.943626 ], [ -77.051886, 38.944082 ], [ -77.051425, 38.94409 ], [ -77.051315, 38.944272 ], [ -77.051084, 38.944276 ], [ -77.050258, 38.94366 ], [ -77.049454, 38.943764 ], [ -77.049333, 38.943586 ], [ -77.048987, 38.943592 ], [ -77.048762, 38.943776 ], [ -77.046927, 38.944169 ], [ -77.046466, 38.944177 ], [ -77.046225, 38.943821 ], [ -77.045879, 38.943827 ], [ -77.04531, 38.944107 ], [ -77.04498, 38.944654 ], [ -77.044408, 38.944844 ], [ -77.044301, 38.945116 ], [ -77.043955, 38.945122 ], [ -77.043734, 38.945486 ], [ -77.043504, 38.94549 ], [ -77.043514, 38.945851 ], [ -77.043291, 38.946125 ], [ -77.042379, 38.946501 ], [ -77.042389, 38.946861 ], [ -77.042279, 38.947044 ], [ -77.042049, 38.947048 ], [ -77.041941, 38.94732 ], [ -77.042064, 38.947588 ] ], [ [ -77.041946, 38.9475 ], [ -77.041833, 38.947592 ], [ -77.041949, 38.94759 ], [ -77.041946, 38.9475 ] ] ] ] } },
{ "type": "Feature", "properties": { "id": "SC52", "sc_id": 52, "area_km2": 0.7891, "downstream_unit": "SC53", "receiving_segment": "R52", "impervious_total": 0.3922, "impervious_connected": 0.2457, "mean_elevation_m": 68.2972, "mean_slope": 0.0605, "control": "" }, "geometry": { "type": "MultiPolygon", "coordinates": [ [ [ [ -77.014707, 38.975725 ], [ -77.014143, 38.976185 ], [ -77.013682, 38.976193 ], [ -77.013561, 38.976015 ], [ -77.012751, 38.975939 ], [ -77.012746, 38.975759 ], [ -77.012397, 38.975675 ], [ -77.012151, 38.975138 ], [ -77.012249, 38.974506 ], [ -77.012016, 38.97442 ], [ -77.012708, 38.974408 ], [ -77.012687, 38.973688 ], [ -77.012883, 38.974053 ], [ -77.0147, 38.975472 ], [ -77.014707, 38.975725 ] ] ], [ [ [ -77.015272, 38.975275 ], [ -77.015161, 38.975447 ], [ -77.014912, 38.975451 ], [ -77.015272, 38.975275 ] ] ], [ [ [ -77.023304, 38.973594 ], [ -77.02281, 38.973603 ], [ -77.023256, 38.973408 ], [ -77.023304, 38.973594 ] ] ], [ [ [ -77.02353, 38.97341 ], [ -77.023529, 38.973407 ], [ -77.023598, 38.973409 ], [ -77.02353, 38.97341 ] ] ], [ [ [ -77.024221, 38.973373 ], [ -77.024137, 38.973399 ], [ -77.024137, 38.973378 ], [ -77.024221, 38.973373 ] ] ], [ [ [ -77.024784, 38.972867 ], [ -77.024676, 38.97312 ], [ -77.024475, 38.973033 ], [ -77.024784, 38.972867 ] ] ], [ [ [ -77.024899, 38.972846 ], [ -77.0248, 38.972847 ], [ -77.024896, 38.972741 ], [ -77.024899, 38.972846 ] ] ], [ [ [ -77.025006, 38.972573 ], [ -77.025002, 38.972573 ], [ -77.025006, 38.972549 ], [ -77.025006, 38.972573 ] ] ], [ [ [ -77.026483, 38.971737 ], [ -77.026474, 38.971737 ], [ -77.026481, 38.971685 ], [ -77.026483, 38.971737 ] ] ], [ [ [ -77.026826, 38.971641 ], [ -77.026726, 38.971642 ], [ -77.026732, 38.971624 ], [ -77.026826, 38.971641 ] ] ], [ [ [ -77.027052, 38.971457 ], [ -77.027038, 38.971457 ], [ -77.027052, 38.971448 ], [ -77.027052, 38.971457 ] ] ], [ [ [ -77.027118, 38.971275 ], [ -77.027165, 38.971365 ], [ -77.027111, 38.971365 ], [ -77.027118, 38.971275 ] ] ], [ [ [ -77.026916, 38.970738 ], [ -77.026882, 38.970702 ], [ -77.026915, 38.970683 ], [ -77.026916, 38.970738 ] ] ], [ [ [ -77.026522, 38.970294 ], [ -77.026675, 38.970382 ], [ -77.026792, 38.970446 ], [ -77.026714, 38.970446 ], [ -77.026522, 38.970294 ] ] ], [ [ [ -77.02644, 38.970237 ], [ -77.026409, 38.970075 ], [ -77.026432, 38.969968 ], [ -77.02644, 38.970237 ] ] ], [ [ [ -77.026065, 38.969221 ], [ -77.026532, 38.969393 ], [ -77.026544, 38.969844 ], [ -77.025683, 38.969783 ], [ -77.026065, 38.969221 ] ] ], [ [ [ -77.026175, 38.969039 ], [ -77.026002, 38.969132 ], [ -77.026168, 38.968794 ], [ -77.026175, 38.969039 ] ] ], [ [ [ -77.026167, 38.96875 ], [ -77.026008, 38.96875 ], [ -77.026163, 38.96861 ], [ -77.026167, 38.96875 ] ] ], [ [ [ -77.026278, 38.968587 ], [ -77.026232, 38.968588 ], [ -77.026277, 38.968555 ], [ -77.026278, 38.968587 ] ] ], [ [ [ -77.026506, 38.968493 ], [ -77.02636, 38.968495 ], [ -77.026445, 38.968434 ], [ -77.026506, 38.968493 ] ] ], [ [ [ -77.027413, 38.968297 ], [ -77.027426, 38.968387 ], [ -77.027404, 38.968387 ], [ -77.027413, 38.968297 ] ] ], [ [ [ -77.027453, 38.967846 ], [ -77.027529, 38.967934 ], [ -77.027445, 38.967936 ], [ -77.027453, 38.967846 ] ] ], [ [ [ -77.027513, 38.967394 ], [ -77.027495, 38.967394 ], [ -77.027509, 38.96725 ], [ -77.027513, 38.967394 ] ] ], [ [ [ -77.027703, 38.965949 ], [ -77.027936, 38.966035 ], [ -77.028062, 38.966393 ], [ -77.027852, 38.967118 ], [ -77.02752, 38.967124 ], [ -77.027703, 38.965949 ] ] ], [ [ [ -77.027869, 38.963694 ], [ -77.027875, 38.963874 ], [ -77.028105, 38.96387 ], [ -77.028226, 38.964048 ], [ -77.028118, 38.96432 ], [ -77.027781, 38.964163 ], [ -77.027869, 38.963694 ] ] ], [ [ [ -77.027959, 38.962791 ], [ -77.027883, 38.962792 ], [ -77.027956, 38.96268 ], [ -77.027959, 38.962791 ] ] ], [ [ [ -77.02841, 38.960529 ], [ -77.02859, 38.960618 ], [ -77.028595, 38.960798 ], [ -77.028028, 38.961168 ], [ -77.028035, 38.961423 ], [ -77.028006, 38.961397 ], [ -77.028042, 38.960908 ], [ -77.028375, 38.960889 ], [ -77.02841, 38.960529 ] ] ], [ [ [ -77.029617, 38.960239 ], [ -77.029698, 38.960217 ], [ -77.029725, 38.960237 ], [ -77.029617, 38.960239 ] ] ], [ [ [ -77.029735, 38.960327 ], [ -77.029733, 38.960244 ], [ -77.029847, 38.960325 ], [ -77.029735, 38.960327 ] ] ], [ [ [ -77.031046, 38.960484 ], [ -77.030207, 38.96068 ], [ -77.029851, 38.960328 ], [ -77.030077, 38.960489 ], [ -77.031046, 38.960484 ] ] ], [ [ [ -77.034506, 38.959212 ], [ -77.034675, 38.95952 ], [ -77.034444, 38.959525 ], [ -77.034455, 38.959904 ], [ -77.034305, 38.959873 ], [ -77.034267, 38.95943 ], [ -77.034506, 38.959212 ] ] ], [ [ [ -77.035069, 38.958565 ], [ -77.035238, 38.95906 ], [ -77.034867, 38.959067 ], [ -77.035069, 38.958565 ] ] ], [ [ [ -77.036314, 38.952284 ], [ -77.03657, 38.95318 ], [ -77.036801, 38.953176 ], [ -77.036927, 38.953534 ], [ -77.037503, 38.953524 ], [ -77.037742, 38.953791 ], [ -77.038664, 38.953774 ], [ -77.038798, 38.954403 ], [ -77.038567, 38.954407 ], [ -77.038575, 38.954677 ], [ -77.038826, 38.955393 ], [ -77.03837, 38.955582 ], [ -77.037817, 38.956402 ], [ -77.038055, 38.956668 ], [ -77.038286, 38.956664 ], [ -77.038304, 38.957295 ], [ -77.037266, 38.957313 ], [ -77.036799, 38.957141 ], [ -77.036671, 38.956692 ], [ -77.036097, 38.956793 ], [ -77.03633, 38.956879 ], [ -77.036233, 38.957511 ], [ -77.035894, 38.957787 ], [ -77.035905, 38.958147 ], [ -77.035413, 38.958156 ], [ -77.035337, 38.956896 ], [ -77.036026, 38.95676 ], [ -77.036032, 38.95656 ], [ -77.036401, 38.956213 ], [ -77.036093, 38.956055 ], [ -77.036015, 38.954895 ], [ -77.035692, 38.954546 ], [ -77.035784, 38.954208 ], [ -77.035233, 38.953908 ], [ -77.036039, 38.95295 ], [ -77.036314, 38.952284 ] ] ], [ [ [ -77.036183, 38.951745 ], [ -77.036192, 38.952073 ], [ -77.036093, 38.951806 ], [ -77.035845, 38.951751 ], [ -77.036183, 38.951745 ] ] ], [ [ [ -77.035132, 38.951313 ], [ -77.035134, 38.95137 ], [ -77.035057, 38.951315 ], [ -77.035132, 38.951313 ] ] ], [ [ [ -77.034988, 38.950234 ], [ -77.035112, 38.950593 ], [ -77.034883, 38.950687 ], [ -77.035004, 38.950865 ], [ -77.034909, 38.951047 ], [ -77.034833, 38.950868 ], [ -77.034988, 38.950234 ] ] ], [ [ [ -77.035091, 38.949872 ], [ -77.035078, 38.949873 ], [ -77.03509, 38.949824 ], [ -77.035091, 38.949872 ] ] ], [ [ [ -77.035539, 38.949414 ], [ -77.035143, 38.949601 ], [ -77.035263, 38.949086 ], [ -77.03553, 38.949075 ], [ -77.035539, 38.949414 ] ] ], [ [ [ -77.038661, 38.943104 ], [ -77.038768, 38.945303 ], [ -77.038537, 38.945307 ], [ -77.038663, 38.945665 ], [ -77.038325, 38.945941 ], [ -77.038335, 38.946302 ], [ -77.037876, 38.9464 ], [ -77.037881, 38.94658 ], [ -77.037653, 38.946674 ], [ -77.037666, 38.947124 ], [ -77.037436, 38.947128 ], [ -77.037454, 38.947759 ], [ -77.03722, 38.947673 ], [ -77.036997, 38.947947 ], [ -77.036767, 38.947951 ], [ -77.036662, 38.948313 ], [ -77.035659, 38.948388 ], [ -77.035624, 38.948578 ], [ -77.035396, 38.948265 ], [ -77.03553, 38.948093 ], [ -77.035881, 38.948134 ], [ -77.036139, 38.947959 ], [ -77.036198, 38.947411 ], [ -77.036422, 38.947378 ], [ -77.03642, 38.947171 ], [ -77.036165, 38.946982 ], [ -77.036199, 38.946351 ], [ -77.036422, 38.946288 ], [ -77.036423, 38.946148 ], [ -77.036128, 38.945975 ], [ -77.036143, 38.945511 ], [ -77.036341, 38.945163 ], [ -77.036427, 38.945233 ], [ -77.03616, 38.944773 ], [ -77.036273, 38.944434 ], [ -77.036149, 38.944393 ], [ -77.036343, 38.944116 ], [ -77.036429, 38.944182 ], [ -77.036146, 38.943821 ], [ -77.0362, 38.943086 ], [ -77.036431, 38.943082 ], [ -77.036172, 38.942816 ], [ -77.036174, 38.94206 ], [ -77.036436, 38.942029 ], [ -77.036434, 38.941895 ], [ -77.036147, 38.941722 ], [ -77.035953, 38.94088 ], [ -77.036041, 38.940469 ], [ -77.036275, 38.940299 ], [ -77.036336, 38.939334 ], [ -77.036446, 38.939408 ], [ -77.036336, 38.938213 ], [ -77.036559, 38.93825 ], [ -77.037338, 38.937867 ], [ -77.036576, 38.937683 ], [ -77.036604, 38.936646 ], [ -77.037267, 38.936769 ], [ -77.037406, 38.936489 ], [ -77.037608, 38.936455 ], [ -77.037748, 38.936762 ], [ -77.037939, 38.936717 ], [ -77.037869, 38.936411 ], [ -77.038071, 38.936377 ], [ -77.038347, 38.936589 ], [ -77.038755, 38.936293 ], [ -77.03853, 38.936203 ], [ -77.038334, 38.936342 ], [ -77.038132, 38.936047 ], [ -77.037938, 38.93623 ], [ -77.037869, 38.935938 ], [ -77.036899, 38.935621 ], [ -77.036976, 38.935214 ], [ -77.038127, 38.935515 ], [ -77.038357, 38.935411 ], [ -77.038773, 38.935485 ], [ -77.038901, 38.935643 ], [ -77.039125, 38.935602 ], [ -77.039385, 38.934973 ], [ -77.039393, 38.935083 ], [ -77.039961, 38.935003 ], [ -77.039933, 38.933478 ], [ -77.040102, 38.933475 ], [ -77.040141, 38.932845 ], [ -77.041871, 38.932823 ], [ -77.042329, 38.933656 ], [ -77.042246, 38.933884 ], [ -77.042012, 38.93377 ], [ -77.042011, 38.934039 ], [ -77.042384, 38.934013 ], [ -77.042396, 38.934297 ], [ -77.041429, 38.934312 ], [ -77.041441, 38.934177 ], [ -77.041291, 38.934177 ], [ -77.041462, 38.934921 ], [ -77.042139, 38.935232 ], [ -77.04367, 38.935216 ], [ -77.043809, 38.936024 ], [ -77.045308, 38.935998 ], [ -77.045292, 38.935458 ], [ -77.045662, 38.93526 ], [ -77.045517, 38.934866 ], [ -77.045686, 38.933108 ], [ -77.046378, 38.933096 ], [ -77.046616, 38.933362 ], [ -77.047078, 38.933354 ], [ -77.047324, 38.93389 ], [ -77.04724, 38.934973 ], [ -77.047703, 38.935055 ], [ -77.047714, 38.935415 ], [ -77.047037, 38.935968 ], [ -77.047048, 38.936328 ], [ -77.046589, 38.936426 ], [ -77.046379, 38.937151 ], [ -77.045923, 38.937339 ], [ -77.045931, 38.937609 ], [ -77.045244, 38.937801 ], [ -77.044091, 38.937821 ], [ -77.044101, 38.938182 ], [ -77.043643, 38.93828 ], [ -77.044012, 38.939084 ], [ -77.043912, 38.939627 ], [ -77.044386, 38.940069 ], [ -77.044397, 38.940429 ], [ -77.04463, 38.940515 ], [ -77.044169, 38.940523 ], [ -77.044174, 38.940703 ], [ -77.043943, 38.940707 ], [ -77.043364, 38.940627 ], [ -77.043356, 38.940357 ], [ -77.043126, 38.940361 ], [ -77.043133, 38.940631 ], [ -77.04256, 38.940732 ], [ -77.042337, 38.941006 ], [ -77.042106, 38.94101 ], [ -77.042119, 38.94146 ], [ -77.042355, 38.941636 ], [ -77.042386, 38.942717 ], [ -77.041466, 38.942823 ], [ -77.041599, 38.943451 ], [ -77.040907, 38.943464 ], [ -77.040655, 38.943378 ], [ -77.041276, 38.943442 ], [ -77.041274, 38.942945 ], [ -77.040932, 38.942836 ], [ -77.040887, 38.942612 ], [ -77.040966, 38.942095 ], [ -77.04128, 38.941985 ], [ -77.041113, 38.941779 ], [ -77.041124, 38.940943 ], [ -77.041288, 38.940825 ], [ -77.041019, 38.940571 ], [ -77.041108, 38.939906 ], [ -77.041731, 38.939762 ], [ -77.041757, 38.939637 ], [ -77.041541, 38.939671 ], [ -77.041451, 38.939459 ], [ -77.041153, 38.939434 ], [ -77.040964, 38.939062 ], [ -77.040153, 38.938422 ], [ -77.039398, 38.938608 ], [ -77.039105, 38.939597 ], [ -77.038414, 38.939494 ], [ -77.038059, 38.939656 ], [ -77.03801, 38.93945 ], [ -77.037511, 38.939251 ], [ -77.037684, 38.939011 ], [ -77.037197, 38.939237 ], [ -77.037055, 38.939009 ], [ -77.036713, 38.939021 ], [ -77.037028, 38.939298 ], [ -77.03676, 38.939325 ], [ -77.036996, 38.939407 ], [ -77.036709, 38.939508 ], [ -77.036709, 38.939641 ], [ -77.036994, 38.939642 ], [ -77.037205, 38.939464 ], [ -77.037348, 38.939534 ], [ -77.03753, 38.939991 ], [ -77.037329, 38.940323 ], [ -77.037689, 38.940637 ], [ -77.038074, 38.940622 ], [ -77.038289, 38.940821 ], [ -77.0376, 38.941711 ], [ -77.037738, 38.942108 ], [ -77.038314, 38.942357 ], [ -77.038814, 38.942949 ], [ -77.038661, 38.943104 ] ], [ [ -77.044091, 38.937821 ], [ -77.043973, 38.937733 ], [ -77.043976, 38.937823 ], [ -77.044091, 38.937821 ] ] ], [ [ [ -77.039101, 38.944847 ], [ -77.03904, 38.944823 ], [ -77.039099, 38.944782 ], [ -77.039101, 38.944847 ] ] ], [ [ [ -77.040351, 38.944194 ], [ -77.039775, 38.944204 ], [ -77.039359, 38.944302 ], [ -77.039369, 38.944181 ], [ -77.04013, 38.944178 ], [ -77.040343, 38.943888 ], [ -77.040351, 38.944194 ] ] ], [ [ [ -77.040349, 38.943745 ], [ -77.040456, 38.943832 ], [ -77.040345, 38.943834 ], [ -77.040349, 38.943745 ] ] ], [ [ [ -77.008043, 38.942862 ], [ -77.008005, 38.942773 ], [ -77.008073, 38.942772 ], [ -77.008043, 38.942862 ] ] ], [ [ [ -77.007651, 38.945187 ], [ -77.007487, 38.944854 ], [ -77.00768, 38.944761 ], [ -77.007651, 38.945187 ] ] ], [ [ [ -77.007495, 38.945124 ], [ -77.007512, 38.945124 ], [ -77.007495, 38.945138 ], [ -77.007495, 38.945124 ] ] ], [ [ [ -77.006933, 38.945675 ], [ -77.007022, 38.945722 ], [ -77.006939, 38.945881 ], [ -77.006933, 38.945675 ] ] ], [ [ [ -77.00489, 38.946881 ], [ -77.005467, 38.946871 ], [ -77.005577, 38.946689 ], [ -77.006035, 38.946681 ], [ -77.006086, 38.94679 ], [ -77.00558, 38.947024 ], [ -77.005002, 38.947074 ], [ -77.004901, 38.947245 ], [ -77.00489, 38.946881 ] ] ], [ [ [ -77.004866, 38.947422 ], [ -77.004788, 38.947333 ], [ -77.004877, 38.947332 ], [ -77.004866, 38.947422 ] ] ], [ [ [ -77.004795, 38.947604 ], [ -77.004803, 38.947603 ], [ -77.004796, 38.947619 ], [ -77.004795, 38.947604 ] ] ], [ [ [ -77.004572, 38.947878 ], [ -77.00462, 38.947877 ], [ -77.004575, 38.947976 ], [ -77.004572, 38.947878 ] ] ], [ [ [ -77.004702, 38.948376 ], [ -77.004719, 38.948426 ], [ -77.004704, 38.948453 ], [ -77.004702, 38.948376 ] ] ], [ [ [ -77.004711, 38.948686 ], [ -77.004708, 38.948606 ], [ -77.004825, 38.948684 ], [ -77.004711, 38.948686 ] ] ], [ [ [ -77.005302, 38.949217 ], [ -77.004949, 38.948953 ], [ -77.004944, 38.94877 ], [ -77.005306, 38.949123 ], [ -77.005302, 38.949217 ] ] ], [ [ [ -77.00602, 38.950105 ], [ -77.006014, 38.949909 ], [ -77.006068, 38.950095 ], [ -77.00602, 38.950105 ] ] ], [ [ [ -77.007447, 38.951613 ], [ -77.007447, 38.951608 ], [ -77.007457, 38.951612 ], [ -77.007447, 38.951613 ] ] ], [ [ [ -77.007565, 38.951701 ], [ -77.007564, 38.951665 ], [ -77.007642, 38.951699 ], [ -77.007565, 38.951701 ] ] ], [ [ [ -77.007683, 38.951789 ], [ -77.007681, 38.951717 ], [ -77.007749, 38.951788 ], [ -77.007683, 38.951789 ] ] ], [ [ [ -77.008122, 38.955095 ], [ -77.008568, 38.954651 ], [ -77.009049, 38.954631 ], [ -77.008855, 38.954931 ], [ -77.008122, 38.955095 ] ] ], [ [ [ -77.008007, 38.955117 ], [ -77.008034, 38.955117 ], [ -77.008008, 38.955123 ], [ -77.008007, 38.955117 ] ] ], [ [ [ -77.006864, 38.955497 ], [ -77.006892, 38.955497 ], [ -77.006865, 38.955507 ], [ -77.006864, 38.955497 ] ] ], [ [ [ -77.006315, 38.956498 ], [ -77.006385, 38.956496 ], [ -77.006317, 38.956559 ], [ -77.006315, 38.956498 ] ] ], [ [ [ -77.0066, 38.958385 ], [ -77.006598, 38.958345 ], [ -77.00676, 38.958382 ], [ -77.0066, 38.958385 ] ] ], [ [ [ -77.007411, 38.95852 ], [ -77.007181, 38.958555 ], [ -77.00718, 38.958511 ], [ -77.007411, 38.95852 ] ] ], [ [ [ -77.007532, 38.958729 ], [ -77.007528, 38.958563 ], [ -77.00764, 38.958727 ], [ -77.007532, 38.958729 ] ] ], [ [ [ -77.007899, 38.959444 ], [ -77.007886, 38.958993 ], [ -77.007653, 38.958907 ], [ -77.007648, 38.958734 ], [ -77.007839, 38.958882 ], [ -77.008093, 38.95944 ], [ -77.007899, 38.959444 ] ] ], [ [ [ -77.008526, 38.959613 ], [ -77.008364, 38.959567 ], [ -77.008523, 38.959564 ], [ -77.008526, 38.959613 ] ] ], [ [ [ -77.009054, 38.960145 ], [ -77.008722, 38.95997 ], [ -77.008718, 38.959831 ], [ -77.009054, 38.960145 ] ] ], [ [ [ -77.009075, 38.960234 ], [ -77.009074, 38.960185 ], [ -77.009098, 38.960234 ], [ -77.009075, 38.960234 ] ] ], [ [ [ -77.009371, 38.9605 ], [ -77.009309, 38.960344 ], [ -77.00931, 38.960344 ], [ -77.009371, 38.9605 ] ] ], [ [ [ -77.009442, 38.960949 ], [ -77.009583, 38.960974 ], [ -77.009447, 38.961132 ], [ -77.009442, 38.960949 ] ] ], [ [ [ -77.009118, 38.961765 ], [ -77.009111, 38.961495 ], [ -77.009226, 38.961482 ], [ -77.009275, 38.96154 ], [ -77.009118, 38.961765 ] ] ], [ [ [ -77.010163, 38.962108 ], [ -77.009821, 38.962107 ], [ -77.010162, 38.962096 ], [ -77.010163, 38.962108 ] ] ], [ [ [ -77.010287, 38.962286 ], [ -77.010286, 38.962241 ], [ -77.010335, 38.962285 ], [ -77.010287, 38.962286 ] ] ], [ [ [ -77.010528, 38.962622 ], [ -77.010404, 38.962347 ], [ -77.010576, 38.962276 ], [ -77.010528, 38.962622 ] ] ], [ [ [ -77.010651, 38.96291 ], [ -77.010649, 38.962848 ], [ -77.010656, 38.96291 ], [ -77.010651, 38.96291 ] ] ], [ [ [ -77.010789, 38.963719 ], [ -77.010543, 38.963183 ], [ -77.010828, 38.962972 ], [ -77.01093, 38.963716 ], [ -77.010789, 38.963719 ] ] ], [ [ [ -77.011028, 38.963985 ], [ -77.011064, 38.963982 ], [ -77.011065, 38.963984 ], [ -77.011028, 38.963985 ] ] ], [ [ [ -77.011738, 38.964604 ], [ -77.011734, 38.964459 ], [ -77.011838, 38.964602 ], [ -77.011738, 38.964604 ] ] ], [ [ [ -77.012712, 38.966389 ], [ -77.012708, 38.966272 ], [ -77.012785, 38.966388 ], [ -77.012712, 38.966389 ] ] ], [ [ [ -77.012829, 38.966477 ], [ -77.012829, 38.966454 ], [ -77.012844, 38.966477 ], [ -77.012829, 38.966477 ] ] ], [ [ [ -77.013311, 38.967189 ], [ -77.013307, 38.96705 ], [ -77.013395, 38.967188 ], [ -77.013311, 38.967189 ] ] ], [ [ [ -77.013429, 38.967277 ], [ -77.013428, 38.967249 ], [ -77.013444, 38.967277 ], [ -77.013429, 38.967277 ] ] ], [ [ [ -77.01355, 38.967456 ], [ -77.013549, 38.96744 ], [ -77.013561, 38.967455 ], [ -77.01355, 38.967456 ] ] ], [ [ [ -77.014024, 38.968348 ], [ -77.014071, 38.968616 ], [ -77.014773, 38.96987 ], [ -77.014573, 38.969903 ], [ -77.0137, 38.968354 ], [ -77.014024, 38.968348 ] ] ], [ [ [ -77.012665, 38.968822 ], [ -77.012896, 38.968818 ], [ -77.012996, 38.968276 ], [ -77.01356, 38.968356 ], [ -77.013309, 38.968394 ], [ -77.013354, 38.968828 ], [ -77.012665, 38.968822 ] ] ], [ [ [ -77.011873, 38.969377 ], [ -77.012, 38.969374 ], [ -77.011874, 38.969437 ], [ -77.011873, 38.969377 ] ] ], [ [ [ -77.011668, 38.970642 ], [ -77.011334, 38.970738 ], [ -77.011534, 38.969653 ], [ -77.011851, 38.969467 ], [ -77.011668, 38.970642 ] ] ], [ [ [ -77.012795, 38.971343 ], [ -77.012618, 38.971256 ], [ -77.012503, 38.971246 ], [ -77.012631, 38.971222 ], [ -77.012795, 38.971343 ] ] ], [ [ [ -77.012928, 38.971431 ], [ -77.012852, 38.971357 ], [ -77.012901, 38.971347 ], [ -77.012928, 38.971431 ] ] ], [ [ [ -77.012867, 38.971882 ], [ -77.012859, 38.971612 ], [ -77.012965, 38.97161 ], [ -77.013026, 38.971835 ], [ -77.012867, 38.971882 ] ] ], [ [ [ -77.01306, 38.973399 ], [ -77.013139, 38.973319 ], [ -77.013167, 38.973229 ], [ -77.013187, 38.973302 ], [ -77.01306, 38.973399 ] ] ] ] } },
{ "type": "Feature", "properties": { "id": "SC53", "sc_id": 53, "area_km2": 2.8092, "downstream_unit": "SC54", "receiving_segment": "R53", "impervious_total": 0.4125, "impervious_connected": 0.2649, "mean_elevation_m": 56.1803, "mean_slope": 0.1336, "control": "01649000" }, "geometry": { "type": "MultiPolygon", "coordinates": [ [ [ [ -77.051753, 38.911467 ], [ -77.051759, 38.911647 ], [ -77.051989, 38.911643 ], [ -77.052584, 38.912263 ], [ -77.052814, 38.912259 ], [ -77.053286, 38.912612 ], [ -77.053747, 38.912603 ], [ -77.054103, 38.912958 ], [ -77.055153, 38.91339 ], [ -77.056335, 38.91436 ], [ -77.056916, 38.91453 ], [ -77.057859, 38.915234 ], [ -77.057864, 38.915414 ], [ -77.058577, 38.916122 ], [ -77.058257, 38.917029 ], [ -77.057916, 38.917215 ], [ -77.057922, 38.917395 ], [ -77.057471, 38.917764 ], [ -77.057591, 38.917942 ], [ -77.057361, 38.917946 ], [ -77.057253, 38.918218 ], [ -77.057023, 38.918222 ], [ -77.056685, 38.918498 ], [ -77.055537, 38.918699 ], [ -77.054638, 38.919526 ], [ -77.053952, 38.919718 ], [ -77.054072, 38.919896 ], [ -77.053737, 38.920262 ], [ -77.053745, 38.920532 ], [ -77.054096, 38.920707 ], [ -77.053999, 38.922597 ], [ -77.053461, 38.92263 ], [ -77.053348, 38.923322 ], [ -77.051516, 38.923537 ], [ -77.052162, 38.924217 ], [ -77.052358, 38.924603 ], [ -77.052252, 38.924805 ], [ -77.05268, 38.925542 ], [ -77.052949, 38.925581 ], [ -77.052985, 38.925443 ], [ -77.053673, 38.925134 ], [ -77.05353, 38.924962 ], [ -77.054225, 38.924973 ], [ -77.054495, 38.92473 ], [ -77.054876, 38.924706 ], [ -77.05543, 38.925122 ], [ -77.055942, 38.925882 ], [ -77.056645, 38.925958 ], [ -77.056957, 38.925804 ], [ -77.056889, 38.925968 ], [ -77.057125, 38.925999 ], [ -77.057127, 38.925824 ], [ -77.057296, 38.925825 ], [ -77.057281, 38.926009 ], [ -77.057781, 38.926199 ], [ -77.058121, 38.926012 ], [ -77.05814, 38.925493 ], [ -77.058523, 38.925499 ], [ -77.058859, 38.925905 ], [ -77.059506, 38.926057 ], [ -77.059765, 38.926334 ], [ -77.060252, 38.926244 ], [ -77.060608, 38.927254 ], [ -77.060329, 38.92833 ], [ -77.060519, 38.928305 ], [ -77.060888, 38.928614 ], [ -77.061736, 38.928733 ], [ -77.061575, 38.929019 ], [ -77.06134, 38.929023 ], [ -77.061855, 38.92986 ], [ -77.062166, 38.929675 ], [ -77.062755, 38.929743 ], [ -77.063181, 38.929535 ], [ -77.063259, 38.929021 ], [ -77.062956, 38.928755 ], [ -77.063015, 38.928428 ], [ -77.06326, 38.928362 ], [ -77.063065, 38.92809 ], [ -77.063057, 38.927569 ], [ -77.063251, 38.927528 ], [ -77.06313, 38.927125 ], [ -77.063163, 38.927124 ], [ -77.063283, 38.927302 ], [ -77.06386, 38.927292 ], [ -77.063986, 38.92765 ], [ -77.064219, 38.927736 ], [ -77.064358, 38.928545 ], [ -77.064127, 38.928549 ], [ -77.063904, 38.928823 ], [ -77.063443, 38.928831 ], [ -77.063333, 38.929013 ], [ -77.063338, 38.929193 ], [ -77.063571, 38.929279 ], [ -77.063582, 38.929639 ], [ -77.064281, 38.929897 ], [ -77.064287, 38.930078 ], [ -77.065094, 38.930063 ], [ -77.065445, 38.930237 ], [ -77.066131, 38.930045 ], [ -77.066257, 38.930403 ], [ -77.066718, 38.930395 ], [ -77.067056, 38.930119 ], [ -77.06752, 38.9302 ], [ -77.068091, 38.93001 ], [ -77.068681, 38.93045 ], [ -77.069957, 38.930698 ], [ -77.069962, 38.930878 ], [ -77.070989, 38.930499 ], [ -77.071569, 38.930579 ], [ -77.071574, 38.930759 ], [ -77.071804, 38.930755 ], [ -77.071812, 38.931025 ], [ -77.072276, 38.931107 ], [ -77.072284, 38.931377 ], [ -77.072632, 38.931461 ], [ -77.072764, 38.932 ], [ -77.072669, 38.932722 ], [ -77.072101, 38.933002 ], [ -77.072108, 38.933273 ], [ -77.071079, 38.933561 ], [ -77.071217, 38.93437 ], [ -77.072365, 38.934169 ], [ -77.072384, 38.9348 ], [ -77.0717, 38.935082 ], [ -77.072169, 38.935344 ], [ -77.072072, 38.935976 ], [ -77.072766, 38.936054 ], [ -77.072779, 38.936504 ], [ -77.072433, 38.936511 ], [ -77.072098, 38.936877 ], [ -77.072103, 38.937057 ], [ -77.072334, 38.937053 ], [ -77.072114, 38.937417 ], [ -77.071652, 38.937425 ], [ -77.071427, 38.93761 ], [ -77.070505, 38.937626 ], [ -77.069821, 38.937908 ], [ -77.069829, 38.938179 ], [ -77.069485, 38.938275 ], [ -77.06741, 38.938312 ], [ -77.067302, 38.938584 ], [ -77.066149, 38.938604 ], [ -77.066144, 38.938424 ], [ -77.065913, 38.938428 ], [ -77.065672, 38.938072 ], [ -77.064865, 38.938086 ], [ -77.063953, 38.938463 ], [ -77.063599, 38.938199 ], [ -77.063371, 38.938293 ], [ -77.063017, 38.938029 ], [ -77.063012, 38.937849 ], [ -77.062664, 38.937765 ], [ -77.062087, 38.937775 ], [ -77.061636, 38.938143 ], [ -77.061062, 38.938244 ], [ -77.060496, 38.938614 ], [ -77.060035, 38.938622 ], [ -77.060027, 38.938352 ], [ -77.059679, 38.938268 ], [ -77.059784, 38.937906 ], [ -77.059548, 38.93773 ], [ -77.057933, 38.937758 ], [ -77.057928, 38.937578 ], [ -77.057582, 38.937584 ], [ -77.057575, 38.937314 ], [ -77.057339, 38.937138 ], [ -77.056993, 38.937144 ], [ -77.056872, 38.936966 ], [ -77.055952, 38.937072 ], [ -77.055947, 38.936892 ], [ -77.054679, 38.936915 ], [ -77.054207, 38.936563 ], [ -77.053631, 38.936573 ], [ -77.053521, 38.936755 ], [ -77.052719, 38.936949 ], [ -77.051099, 38.936797 ], [ -77.051094, 38.936617 ], [ -77.050282, 38.936451 ], [ -77.049928, 38.936187 ], [ -77.04992, 38.935917 ], [ -77.049689, 38.935921 ], [ -77.049331, 38.935477 ], [ -77.048295, 38.935585 ], [ -77.048057, 38.935319 ], [ -77.047714, 38.935415 ], [ -77.047703, 38.935055 ], [ -77.04724, 38.934973 ], [ -77.047324, 38.93389 ], [ -77.047078, 38.933354 ], [ -77.046616, 38.933362 ], [ -77.046378, 38.933096 ], [ -77.045686, 38.933108 ], [ -77.045703, 38.93368 ], [ -77.045613, 38.933613 ], [ -77.04541, 38.933218 ], [ -77.045497, 38.932698 ], [ -77.046297, 38.932361 ], [ -77.046204, 38.93226 ], [ -77.046416, 38.932133 ], [ -77.044742, 38.930248 ], [ -77.044974, 38.93012 ], [ -77.045448, 38.930331 ], [ -77.045603, 38.93002 ], [ -77.044509, 38.92885 ], [ -77.044236, 38.928142 ], [ -77.045055, 38.928264 ], [ -77.045466, 38.929334 ], [ -77.045991, 38.929791 ], [ -77.046808, 38.930191 ], [ -77.046715, 38.930516 ], [ -77.046859, 38.930873 ], [ -77.047499, 38.931373 ], [ -77.049667, 38.931854 ], [ -77.050129, 38.93152 ], [ -77.052112, 38.932358 ], [ -77.052869, 38.932268 ], [ -77.053078, 38.932461 ], [ -77.053439, 38.932456 ], [ -77.054484, 38.932181 ], [ -77.054577, 38.931613 ], [ -77.054928, 38.931155 ], [ -77.054835, 38.930964 ], [ -77.055121, 38.930793 ], [ -77.054932, 38.930298 ], [ -77.054001, 38.929683 ], [ -77.053598, 38.929749 ], [ -77.053413, 38.929585 ], [ -77.053118, 38.929815 ], [ -77.052805, 38.929749 ], [ -77.052771, 38.929292 ], [ -77.052467, 38.928939 ], [ -77.050919, 38.929132 ], [ -77.050488, 38.928924 ], [ -77.050053, 38.928912 ], [ -77.049595, 38.928266 ], [ -77.048943, 38.928302 ], [ -77.048769, 38.928141 ], [ -77.048954, 38.927985 ], [ -77.048673, 38.928031 ], [ -77.04659, 38.926596 ], [ -77.046287, 38.926165 ], [ -77.045047, 38.926691 ], [ -77.044852, 38.927067 ], [ -77.044898, 38.927463 ], [ -77.043981, 38.927552 ], [ -77.044496, 38.926755 ], [ -77.046193, 38.925779 ], [ -77.046059, 38.925146 ], [ -77.044843, 38.924916 ], [ -77.044865, 38.923885 ], [ -77.045603, 38.923888 ], [ -77.04548, 38.923683 ], [ -77.047357, 38.92362 ], [ -77.047386, 38.923409 ], [ -77.048114, 38.923464 ], [ -77.04811, 38.923174 ], [ -77.047445, 38.92313 ], [ -77.047216, 38.922607 ], [ -77.047151, 38.921593 ], [ -77.046953, 38.921476 ], [ -77.047543, 38.921424 ], [ -77.047994, 38.921556 ], [ -77.048039, 38.921395 ], [ -77.047287, 38.921305 ], [ -77.047266, 38.921165 ], [ -77.046945, 38.921424 ], [ -77.046864, 38.920577 ], [ -77.047157, 38.920361 ], [ -77.048121, 38.92032 ], [ -77.048617, 38.919775 ], [ -77.048448, 38.919636 ], [ -77.048454, 38.919588 ], [ -77.048741, 38.919565 ], [ -77.048914, 38.919248 ], [ -77.050086, 38.921277 ], [ -77.050274, 38.92121 ], [ -77.049254, 38.919461 ], [ -77.049049, 38.918433 ], [ -77.049522, 38.918229 ], [ -77.049835, 38.91829 ], [ -77.049934, 38.918155 ], [ -77.050315, 38.918387 ], [ -77.050992, 38.918048 ], [ -77.051872, 38.918249 ], [ -77.052004, 38.91872 ], [ -77.052312, 38.918846 ], [ -77.052602, 38.91786 ], [ -77.05279, 38.917698 ], [ -77.053366, 38.917732 ], [ -77.05381, 38.917399 ], [ -77.05377, 38.917189 ], [ -77.054802, 38.917011 ], [ -77.055116, 38.917106 ], [ -77.055293, 38.916964 ], [ -77.056049, 38.91737 ], [ -77.056739, 38.916761 ], [ -77.057252, 38.917144 ], [ -77.057439, 38.917119 ], [ -77.057397, 38.916784 ], [ -77.057055, 38.916536 ], [ -77.056897, 38.916598 ], [ -77.056981, 38.916482 ], [ -77.056482, 38.916254 ], [ -77.056383, 38.916044 ], [ -77.056242, 38.916108 ], [ -77.057121, 38.915556 ], [ -77.056391, 38.915217 ], [ -77.055927, 38.914792 ], [ -77.055059, 38.914536 ], [ -77.054409, 38.913917 ], [ -77.053822, 38.913754 ], [ -77.051987, 38.91242 ], [ -77.051333, 38.911475 ], [ -77.051753, 38.911467 ] ] ], [ [ [ -77.054342, 38.921243 ], [ -77.054344, 38.921305 ], [ -77.054218, 38.921245 ], [ -77.054342, 38.921243 ] ] ], [ [ [ -77.054764, 38.921596 ], [ -77.054731, 38.921616 ], [ -77.054714, 38.921597 ], [ -77.054764, 38.921596 ] ] ], [ [ [ -77.054956, 38.921592 ], [ -77.054823, 38.921627 ], [ -77.054789, 38.921595 ], [ -77.054956, 38.921592 ] ] ], [ [ [ -77.055505, 38.921583 ], [ -77.055505, 38.921594 ], [ -77.055478, 38.921583 ], [ -77.055505, 38.921583 ] ] ], [ [ [ -77.056909, 38.922279 ], [ -77.056977, 38.922278 ], [ -77.056926, 38.922302 ], [ -77.056909, 38.922279 ] ] ], [ [ [ -77.057255, 38.922273 ], [ -77.057167, 38.922321 ], [ -77.057111, 38.922275 ], [ -77.057255, 38.922273 ] ] ], [ [ [ -77.057373, 38.922361 ], [ -77.057611, 38.922627 ], [ -77.057842, 38.922636 ], [ -77.0576, 38.922666 ], [ -77.057373, 38.922361 ] ] ], [ [ [ -77.059004, 38.922933 ], [ -77.058994, 38.922925 ], [ -77.059004, 38.922916 ], [ -77.059004, 38.922933 ] ] ], [ [ [ -77.059057, 38.923055 ], [ -77.059241, 38.923139 ], [ -77.059246, 38.92331 ], [ -77.059057, 38.923055 ] ] ], [ [ [ -77.059364, 38.923407 ], [ -77.059366, 38.923471 ], [ -77.05931, 38.923408 ], [ -77.059364, 38.923407 ] ] ], [ [ [ -77.059482, 38.923495 ], [ -77.059486, 38.92364 ], [ -77.059388, 38.923497 ], [ -77.059482, 38.923495 ] ] ], [ [ [ -77.059603, 38.923673 ], [ -77.05972, 38.923761 ], [ -77.059621, 38.924303 ], [ -77.060084, 38.924385 ], [ -77.060095, 38.924745 ], [ -77.060794, 38.925003 ], [ -77.060894, 38.925249 ], [ -77.06029, 38.924952 ], [ -77.060069, 38.924721 ], [ -77.059346, 38.924482 ], [ -77.059603, 38.923673 ] ] ], [ [ [ -77.061491, 38.925171 ], [ -77.062194, 38.925519 ], [ -77.062317, 38.925809 ], [ -77.061715, 38.925316 ], [ -77.061241, 38.925176 ], [ -77.061491, 38.925171 ] ] ], [ [ [ -77.062668, 38.925961 ], [ -77.062676, 38.926229 ], [ -77.062526, 38.926068 ], [ -77.062668, 38.925961 ] ] ], [ [ [ -77.062791, 38.92623 ], [ -77.062792, 38.926279 ], [ -77.062687, 38.926231 ], [ -77.062791, 38.92623 ] ] ], [ [ [ -77.063037, 38.926766 ], [ -77.062968, 38.926767 ], [ -77.063035, 38.926695 ], [ -77.063037, 38.926766 ] ] ], [ [ [ -77.063042, 38.926946 ], [ -77.063043, 38.926973 ], [ -77.063025, 38.926946 ], [ -77.063042, 38.926946 ] ] ], [ [ [ -77.045704, 38.933739 ], [ -77.045698, 38.933739 ], [ -77.045703, 38.933696 ], [ -77.045704, 38.933739 ] ] ], [ [ [ -77.045607, 38.934371 ], [ -77.04558, 38.934371 ], [ -77.045603, 38.934243 ], [ -77.045607, 38.934371 ] ] ], [ [ [ -77.045548, 38.934552 ], [ -77.045617, 38.934731 ], [ -77.045519, 38.934733 ], [ -77.045548, 38.934552 ] ] ], [ [ [ -77.045408, 38.935456 ], [ -77.045308, 38.935998 ], [ -77.043809, 38.936024 ], [ -77.043793, 38.935484 ], [ -77.043554, 38.93518 ], [ -77.044063, 38.934921 ], [ -77.044316, 38.934568 ], [ -77.044281, 38.933178 ], [ -77.044958, 38.933369 ], [ -77.045026, 38.933287 ], [ -77.045243, 38.933493 ], [ -77.044934, 38.935161 ], [ -77.045408, 38.935456 ] ] ], [ [ [ -77.042248, 38.933882 ], [ -77.04233, 38.933708 ], [ -77.042371, 38.933851 ], [ -77.042248, 38.933882 ] ] ], [ [ [ -77.041997, 38.933173 ], [ -77.041871, 38.932823 ], [ -77.042161, 38.932822 ], [ -77.042157, 38.93317 ], [ -77.041997, 38.933173 ] ] ], [ [ [ -77.039998, 38.932828 ], [ -77.040141, 38.932845 ], [ -77.04008, 38.933116 ], [ -77.039998, 38.932828 ] ] ], [ [ [ -77.040042, 38.933387 ], [ -77.040033, 38.933387 ], [ -77.040039, 38.933307 ], [ -77.040042, 38.933387 ] ] ], [ [ [ -77.045107, 38.927544 ], [ -77.045293, 38.927718 ], [ -77.045077, 38.928144 ], [ -77.044246, 38.928064 ], [ -77.044539, 38.927608 ], [ -77.045107, 38.927544 ] ] ] ] } },
{ "type": "Feature", "properties": { "id": "SC54", "sc_id": 54, "area_km2": 2.3514, "downstream_unit": "", "receiving_segment": "R54", "impervious_total": 0.359, "impervious_connected": 0.2151, "mean_elevation_m": 45.3891, "mean_slope": 0.1105, "control": "" }, "geometry": { "type": "MultiPolygon", "coordinates": [ [ [ [ -77.073605, 38.929191 ], [ -77.073146, 38.92929 ], [ -77.072947, 38.930374 ], [ -77.072022, 38.930301 ], [ -77.07192, 38.930753 ], [ -77.071574, 38.930759 ], [ -77.071569, 38.930579 ], [ -77.070989, 38.930499 ], [ -77.070531, 38.930598 ], [ -77.070193, 38.930874 ], [ -77.069962, 38.930878 ], [ -77.069957, 38.930698 ], [ -77.069724, 38.930612 ], [ -77.068681, 38.93045 ], [ -77.068091, 38.93001 ], [ -77.06752, 38.9302 ], [ -77.067056, 38.930119 ], [ -77.066718, 38.930395 ], [ -77.066257, 38.930403 ], [ -77.066131, 38.930045 ], [ -77.06556, 38.930235 ], [ -77.065094, 38.930063 ], [ -77.064287, 38.930078 ], [ -77.064281, 38.929897 ], [ -77.063582, 38.929639 ], [ -77.063571, 38.929279 ], [ -77.063338, 38.929193 ], [ -77.063333, 38.929013 ], [ -77.063443, 38.928831 ], [ -77.063904, 38.928823 ], [ -77.064127, 38.928549 ], [ -77.064358, 38.928545 ], [ -77.064219, 38.927736 ], [ -77.063986, 38.92765 ], [ -77.06386, 38.927292 ], [ -77.063165, 38.927214 ], [ -77.062963, 38.926783 ], [ -77.063091, 38.92647 ], [ -77.062676, 38.926229 ], [ -77.062668, 38.925961 ], [ -77.062199, 38.925699 ], [ -77.062194, 38.925519 ], [ -77.06184, 38.925255 ], [ -77.060915, 38.925181 ], [ -77.060794, 38.925003 ], [ -77.060331, 38.924921 ], [ -77.060095, 38.924745 ], [ -77.060084, 38.924385 ], [ -77.059621, 38.924303 ], [ -77.05972, 38.923761 ], [ -77.059018, 38.922975 ], [ -77.059114, 38.922666 ], [ -77.058031, 38.922753 ], [ -77.057611, 38.922627 ], [ -77.057255, 38.922273 ], [ -77.056909, 38.922279 ], [ -77.05701, 38.922138 ], [ -77.056761, 38.921926 ], [ -77.056498, 38.92199 ], [ -77.055669, 38.921537 ], [ -77.055609, 38.921636 ], [ -77.05528, 38.921509 ], [ -77.054714, 38.921597 ], [ -77.054342, 38.921243 ], [ -77.053993, 38.921159 ], [ -77.054096, 38.920707 ], [ -77.053745, 38.920532 ], [ -77.053737, 38.920262 ], [ -77.054072, 38.919896 ], [ -77.053952, 38.919718 ], [ -77.054638, 38.919526 ], [ -77.055537, 38.918699 ], [ -77.056685, 38.918498 ], [ -77.057023, 38.918222 ], [ -77.057253, 38.918218 ], [ -77.057361, 38.917946 ], [ -77.057591, 38.917942 ], [ -77.057471, 38.917764 ], [ -77.058477, 38.916665 ], [ -77.058456, 38.915944 ], [ -77.058223, 38.915858 ], [ -77.057859, 38.915234 ], [ -77.056916, 38.91453 ], [ -77.056335, 38.91436 ], [ -77.055153, 38.91339 ], [ -77.054103, 38.912958 ], [ -77.053747, 38.912603 ], [ -77.053286, 38.912612 ], [ -77.053165, 38.912433 ], [ -77.052584, 38.912263 ], [ -77.052112, 38.911911 ], [ -77.052107, 38.911731 ], [ -77.051759, 38.911647 ], [ -77.051753, 38.911467 ], [ -77.051333, 38.911475 ], [ -77.050813, 38.911085 ], [ -77.051223, 38.910853 ], [ -77.051127, 38.910742 ], [ -77.050691, 38.910943 ], [ -77.04948, 38.909972 ], [ -77.049412, 38.909651 ], [ -77.051173, 38.909721 ], [ -77.051561, 38.910603 ], [ -77.052396, 38.910449 ], [ -77.053087, 38.910526 ], [ -77.053161, 38.910377 ], [ -77.053784, 38.910505 ], [ -77.053783, 38.910294 ], [ -77.053993, 38.910292 ], [ -77.053996, 38.910412 ], [ -77.054532, 38.910376 ], [ -77.05517, 38.910663 ], [ -77.055849, 38.910649 ], [ -77.055852, 38.910763 ], [ -77.055885, 38.910649 ], [ -77.056154, 38.910646 ], [ -77.056455, 38.911806 ], [ -77.05707, 38.912297 ], [ -77.057088, 38.91266 ], [ -77.05933, 38.912628 ], [ -77.059351, 38.912732 ], [ -77.060674, 38.91286 ], [ -77.060912, 38.913108 ], [ -77.061439, 38.913008 ], [ -77.062131, 38.913137 ], [ -77.063081, 38.913399 ], [ -77.063227, 38.914062 ], [ -77.063696, 38.91405 ], [ -77.063827, 38.914228 ], [ -77.064139, 38.914222 ], [ -77.064105, 38.914621 ], [ -77.064334, 38.914749 ], [ -77.066801, 38.914802 ], [ -77.066874, 38.91503 ], [ -77.0672, 38.91492 ], [ -77.067577, 38.91565 ], [ -77.066458, 38.916145 ], [ -77.066536, 38.916229 ], [ -77.0676, 38.915727 ], [ -77.06846, 38.916912 ], [ -77.068748, 38.916969 ], [ -77.069354, 38.917694 ], [ -77.069189, 38.917692 ], [ -77.07061, 38.919363 ], [ -77.070024, 38.919675 ], [ -77.070096, 38.91978 ], [ -77.070791, 38.919603 ], [ -77.070977, 38.920041 ], [ -77.071117, 38.920005 ], [ -77.071606, 38.920644 ], [ -77.072615, 38.922431 ], [ -77.072916, 38.922561 ], [ -77.073111, 38.922889 ], [ -77.073189, 38.924795 ], [ -77.073464, 38.924509 ], [ -77.073424, 38.924122 ], [ -77.073777, 38.92336 ], [ -77.074356, 38.923293 ], [ -77.074131, 38.923506 ], [ -77.074142, 38.923866 ], [ -77.073801, 38.924052 ], [ -77.073809, 38.924322 ], [ -77.073581, 38.924416 ], [ -77.073591, 38.924777 ], [ -77.073251, 38.924963 ], [ -77.073508, 38.925859 ], [ -77.073175, 38.926316 ], [ -77.073193, 38.926946 ], [ -77.073426, 38.927032 ], [ -77.073432, 38.927212 ], [ -77.073204, 38.927306 ], [ -77.073225, 38.928027 ], [ -77.073573, 38.928111 ], [ -77.073474, 38.928653 ], [ -77.073707, 38.928739 ], [ -77.073712, 38.928919 ], [ -77.073314, 38.928791 ], [ -77.073101, 38.929079 ], [ -77.073598, 38.928964 ], [ -77.073605, 38.929191 ] ], [ [ -77.059387, 38.918519 ], [ -77.05924, 38.918438 ], [ -77.059526, 38.918648 ], [ -77.059534, 38.918614 ], [ -77.059387, 38.918519 ] ], [ [ -77.060814, 38.918666 ], [ -77.060914, 38.918381 ], [ -77.059249, 38.918405 ], [ -77.059535, 38.91861 ], [ -77.060183, 38.918736 ], [ -77.060814, 38.918666 ] ], [ [ -77.061653, 38.924012 ], [ -77.061968, 38.923862 ], [ -77.061733, 38.923715 ], [ -77.061715, 38.923486 ], [ -77.061185, 38.923519 ], [ -77.061103, 38.923679 ], [ -77.061653, 38.924012 ] ] ], [ [ [ -77.074725, 38.923315 ], [ -77.074586, 38.923293 ], [ -77.074725, 38.923293 ], [ -77.074725, 38.923315 ] ] ], [ [ [ -77.075389, 38.923137 ], [ -77.07527, 38.923305 ], [ -77.075257, 38.923116 ], [ -77.075389, 38.923137 ] ] ], [ [ [ -77.057893, 38.904421 ], [ -77.057701, 38.904492 ], [ -77.05769, 38.904213 ], [ -77.057341, 38.904334 ], [ -77.057423, 38.904445 ], [ -77.05705, 38.90451 ], [ -77.057063, 38.904817 ], [ -77.056127, 38.904623 ], [ -77.056069, 38.90471 ], [ -77.056514, 38.904872 ], [ -77.056382, 38.90517 ], [ -77.054852, 38.905177 ], [ -77.054752, 38.903745 ], [ -77.055358, 38.903678 ], [ -77.05568, 38.903247 ], [ -77.056062, 38.903377 ], [ -77.055704, 38.902912 ], [ -77.056015, 38.902784 ], [ -77.055738, 38.902531 ], [ -77.055843, 38.90239 ], [ -77.056295, 38.90235 ], [ -77.056194, 38.901854 ], [ -77.05702, 38.902029 ], [ -77.056435, 38.901848 ], [ -77.056616, 38.901429 ], [ -77.056378, 38.900986 ], [ -77.056114, 38.900905 ], [ -77.056009, 38.900353 ], [ -77.056159, 38.900169 ], [ -77.057182, 38.900666 ], [ -77.056775, 38.899575 ], [ -77.057066, 38.89975 ], [ -77.05764, 38.89965 ], [ -77.057653, 38.9001 ], [ -77.058119, 38.900272 ], [ -77.058245, 38.900631 ], [ -77.058593, 38.900715 ], [ -77.058719, 38.901073 ], [ -77.059072, 38.901337 ], [ -77.058975, 38.901969 ], [ -77.058524, 38.902338 ], [ -77.058294, 38.902342 ], [ -77.058299, 38.902522 ], [ -77.058069, 38.902526 ], [ -77.057952, 38.903515 ], [ -77.057213, 38.903565 ], [ -77.057264, 38.903811 ], [ -77.057965, 38.903796 ], [ -77.057893, 38.904421 ] ], [ [ -77.057162, 38.900897 ], [ -77.057349, 38.900987 ], [ -77.057076, 38.900678 ], [ -77.057162, 38.900897 ] ] ], [ [ [ -77.058231, 38.904145 ], [ -77.05814, 38.904085 ], [ -77.058179, 38.903918 ], [ -77.058224, 38.903918 ], [ -77.058231, 38.904145 ] ] ], [ [ [ -77.044094, 38.909799 ], [ -77.043864, 38.909804 ], [ -77.043845, 38.909169 ], [ -77.044191, 38.909655 ], [ -77.049306, 38.909615 ], [ -77.049462, 38.909545 ], [ -77.049421, 38.908442 ], [ -77.050169, 38.907591 ], [ -77.051302, 38.907596 ], [ -77.051471, 38.907639 ], [ -77.051481, 38.907967 ], [ -77.052661, 38.908038 ], [ -77.052819, 38.907505 ], [ -77.053224, 38.907565 ], [ -77.053718, 38.90709 ], [ -77.053669, 38.906782 ], [ -77.053926, 38.906216 ], [ -77.053811, 38.90586 ], [ -77.054799, 38.90568 ], [ -77.054835, 38.905346 ], [ -77.055921, 38.905343 ], [ -77.055433, 38.906662 ], [ -77.055456, 38.907653 ], [ -77.054912, 38.907752 ], [ -77.05494, 38.908147 ], [ -77.054674, 38.908571 ], [ -77.054694, 38.909302 ], [ -77.053776, 38.909312 ], [ -77.052733, 38.909664 ], [ -77.049471, 38.909545 ], [ -77.049257, 38.909636 ], [ -77.049154, 38.909652 ], [ -77.044192, 38.90966 ], [ -77.044099, 38.909978 ], [ -77.044094, 38.909799 ] ] ], [ [ [ -77.044968, 38.912127 ], [ -77.044978, 38.912183 ], [ -77.04497, 38.912194 ], [ -77.044968, 38.912127 ] ] ], [ [ [ -77.044954, 38.912217 ], [ -77.044941, 38.912235 ], [ -77.044884, 38.912218 ], [ -77.044954, 38.912217 ] ] ] ] } }
]
}
