{
"type": "FeatureCollection",
"name": "reaches",
"crs": { "type": "name", "properties": { "name": "urn:ogc:def:crs:OGC:1.3:CRS84" } },
"xy_coordinate_resolution": 1e-06,
"features": [
{ "type": "Feature", "properties": { "id": "SC01", "sc_id": 1, "segments": "R01", "length_m": 3775.3405460951872, "slope_bed": 0.010041083117763642, "z_up_m": 167.38112551785059, "z_dn_m": 129.47261729664564, "drainage_area_km2": 5.48 }, "geometry": { "type": "LineString", "coordinates": [ [ -77.139336, 39.198349 ], [ -77.139556, 39.197984 ], [ -77.139537, 39.197354 ], [ -77.13965, 39.197262 ], [ -77.139623, 39.196361 ], [ -77.139733, 39.196179 ], [ -77.140298, 39.195718 ], [ -77.140284, 39.195268 ], [ -77.140397, 39.195176 ], [ -77.140392, 39.194995 ], [ -77.140612, 39.194631 ], [ -77.140604, 39.194361 ], [ -77.140717, 39.194269 ], [ -77.140712, 39.194089 ], [ -77.140825, 39.193996 ], [ -77.140819, 39.193816 ], [ -77.14104, 39.193452 ], [ -77.141031, 39.193182 ], [ -77.141144, 39.19309 ], [ -77.141136, 39.192819 ], [ -77.141249, 39.192727 ], [ -77.141241, 39.192457 ], [ -77.141354, 39.192365 ], [ -77.141321, 39.191284 ], [ -77.141652, 39.190738 ], [ -77.141646, 39.190558 ], [ -77.14187, 39.190283 ], [ -77.141972, 39.189831 ], [ -77.142195, 39.189556 ], [ -77.142162, 39.188476 ], [ -77.142044, 39.188388 ], [ -77.142035, 39.188118 ], [ -77.141793, 39.187762 ], [ -77.141771, 39.187042 ], [ -77.140939, 39.186336 ], [ -77.140815, 39.186068 ], [ -77.140221, 39.185538 ], [ -77.140094, 39.18518 ], [ -77.139733, 39.184736 ], [ -77.139728, 39.184556 ], [ -77.139609, 39.184468 ], [ -77.139604, 39.184288 ], [ -77.139485, 39.1842 ], [ -77.13948, 39.18402 ], [ -77.139238, 39.183664 ], [ -77.138293, 39.183051 ], [ -77.138177, 39.183053 ], [ -77.137588, 39.182704 ], [ -77.137579, 39.182433 ], [ -77.137461, 39.182346 ], [ -77.137453, 39.182075 ], [ -77.137334, 39.181987 ], [ -77.137326, 39.181717 ], [ -77.137436, 39.181535 ], [ -77.1372, 39.181359 ], [ -77.137657, 39.181171 ], [ -77.137652, 39.180991 ], [ -77.137533, 39.180903 ], [ -77.137522, 39.180542 ], [ -77.137635, 39.18045 ], [ -77.137277, 39.180096 ], [ -77.137272, 39.179916 ], [ -77.137035, 39.17974 ], [ -77.136803, 39.179745 ], [ -77.136567, 39.179569 ], [ -77.136335, 39.179573 ], [ -77.136214, 39.179395 ], [ -77.135743, 39.179134 ], [ -77.135396, 39.17914 ], [ -77.135283, 39.179232 ], [ -77.134823, 39.179331 ], [ -77.134589, 39.179245 ], [ -77.134349, 39.178979 ], [ -77.134443, 39.178256 ], [ -77.134556, 39.178164 ], [ -77.134438, 39.178076 ], [ -77.13443, 39.177806 ], [ -77.134653, 39.177532 ], [ -77.134642, 39.177172 ], [ -77.133929, 39.176554 ], [ -77.133923, 39.176374 ], [ -77.133328, 39.175844 ], [ -77.133428, 39.175302 ], [ -77.133188, 39.175036 ], [ -77.133172, 39.174496 ], [ -77.133051, 39.174318 ], [ -77.132698, 39.174144 ], [ -77.132693, 39.173964 ], [ -77.132459, 39.173878 ], [ -77.132453, 39.173698 ], [ -77.132219, 39.173612 ], [ -77.132319, 39.17307 ], [ -77.132544, 39.172885 ], [ -77.132426, 39.172797 ], [ -77.132195, 39.172802 ], [ -77.131839, 39.172538 ], [ -77.131145, 39.17255 ], [ -77.130917, 39.172645 ], [ -77.130683, 39.172559 ], [ -77.130443, 39.172293 ] ] } },
{ "type": "Feature", "properties": { "id": "SC02", "sc_id": 2, "segments": "R02", "length_m": 2955.9292911256407, "slope_bed": 0.0091624110115675547, "z_up_m": 156.57, "z_dn_m": 129.48656091357535, "drainage_area_km2": 2.677 }, "geometry": { "type": "LineString", "coordinates": [ [ -77.126773, 39.192632 ], [ -77.126655, 39.192544 ], [ -77.126424, 39.192548 ], [ -77.125721, 39.192291 ], [ -77.125247, 39.191939 ], [ -77.124545, 39.191682 ], [ -77.124187, 39.191328 ], [ -77.124179, 39.191058 ], [ -77.12406, 39.19097 ], [ -77.124041, 39.190339 ], [ -77.124154, 39.190247 ], [ -77.124149, 39.190067 ], [ -77.124601, 39.189699 ], [ -77.125061, 39.1896 ], [ -77.125174, 39.189508 ], [ -77.125053, 39.18933 ], [ -77.125048, 39.18915 ], [ -77.125161, 39.189058 ], [ -77.125144, 39.188517 ], [ -77.125026, 39.188429 ], [ -77.125015, 39.188069 ], [ -77.124897, 39.187981 ], [ -77.124878, 39.187351 ], [ -77.124517, 39.186907 ], [ -77.124506, 39.186547 ], [ -77.124388, 39.186459 ], [ -77.124377, 39.186099 ], [ -77.124258, 39.186011 ], [ -77.124118, 39.185202 ], [ -77.123758, 39.184759 ], [ -77.123749, 39.184488 ], [ -77.123631, 39.1844 ], [ -77.123623, 39.18413 ], [ -77.123383, 39.183864 ], [ -77.123246, 39.183146 ], [ -77.123006, 39.18288 ], [ -77.122998, 39.18261 ], [ -77.123111, 39.182518 ], [ -77.123106, 39.182338 ], [ -77.123332, 39.182153 ], [ -77.123552, 39.181789 ], [ -77.12331, 39.181433 ], [ -77.123418, 39.181161 ], [ -77.123759, 39.180974 ], [ -77.123757, 39.180884 ], [ -77.12352, 39.180708 ], [ -77.123512, 39.180438 ], [ -77.123735, 39.180164 ], [ -77.12373, 39.179984 ], [ -77.123953, 39.179709 ], [ -77.123947, 39.179529 ], [ -77.124397, 39.179071 ], [ -77.124496, 39.178528 ], [ -77.124609, 39.178436 ], [ -77.124587, 39.177716 ], [ -77.125039, 39.177347 ], [ -77.125271, 39.177343 ], [ -77.125604, 39.176886 ], [ -77.125599, 39.176706 ], [ -77.125819, 39.176342 ], [ -77.125803, 39.175802 ], [ -77.126029, 39.175617 ], [ -77.126018, 39.175257 ], [ -77.12647, 39.174888 ], [ -77.126459, 39.174528 ], [ -77.126798, 39.174252 ], [ -77.12703, 39.174247 ], [ -77.127142, 39.174155 ], [ -77.128071, 39.174228 ], [ -77.128297, 39.174044 ], [ -77.128291, 39.173864 ], [ -77.129074, 39.172949 ], [ -77.129181, 39.172676 ], [ -77.129633, 39.172308 ], [ -77.130096, 39.172299 ], [ -77.130209, 39.172207 ] ] } },
{ "type": "Feature", "properties": { "id": "SC03", "sc_id": 3, "segments": "R03", "length_m": 2567.6450198781777, "slope_bed": 0.012264961903482287, "z_up_m": 153.22815500319518, "z_dn_m": 121.73608665272332, "drainage_area_km2": 2.36 }, "geometry": { "type": "LineString", "coordinates": [ [ -77.150699, 39.168497 ], [ -77.150562, 39.167779 ], [ -77.150443, 39.167691 ], [ -77.150421, 39.166971 ], [ -77.150303, 39.166883 ], [ -77.150295, 39.166612 ], [ -77.150173, 39.166434 ], [ -77.1497, 39.166083 ], [ -77.148295, 39.165568 ], [ -77.148064, 39.165572 ], [ -77.147951, 39.165665 ], [ -77.147491, 39.165763 ], [ -77.146789, 39.165506 ], [ -77.145489, 39.164629 ], [ -77.145139, 39.164545 ], [ -77.14384, 39.163668 ], [ -77.143493, 39.163674 ], [ -77.143374, 39.163587 ], [ -77.142449, 39.163604 ], [ -77.142336, 39.163696 ], [ -77.141873, 39.163704 ], [ -77.14176, 39.163796 ], [ -77.140835, 39.163813 ], [ -77.140716, 39.163726 ], [ -77.140485, 39.16373 ], [ -77.140372, 39.163822 ], [ -77.139681, 39.163925 ], [ -77.139444, 39.163749 ], [ -77.139428, 39.163209 ], [ -77.139309, 39.163121 ], [ -77.139304, 39.162941 ], [ -77.139067, 39.162765 ], [ -77.138585, 39.162143 ], [ -77.137993, 39.161703 ], [ -77.137759, 39.161617 ], [ -77.137412, 39.161624 ], [ -77.137294, 39.161536 ], [ -77.137181, 39.161628 ], [ -77.136834, 39.161634 ], [ -77.136382, 39.162003 ], [ -77.136385, 39.162093 ], [ -77.135936, 39.162552 ], [ -77.135834, 39.163004 ], [ -77.135611, 39.163279 ], [ -77.135153, 39.163467 ], [ -77.133881, 39.163491 ], [ -77.133289, 39.163051 ], [ -77.133286, 39.162961 ], [ -77.132931, 39.162697 ], [ -77.132928, 39.162607 ], [ -77.132455, 39.162255 ], [ -77.131607, 39.161009 ], [ -77.131593, 39.160559 ], [ -77.131475, 39.160471 ], [ -77.13147, 39.160291 ] ] } },
{ "type": "Feature", "properties": { "id": "SC04", "sc_id": 4, "segments": "R04", "length_m": 1722.6702730475909, "slope_bed": 0.0044136064316788641, "z_up_m": 129.36, "z_dn_m": 121.75681140321518, "drainage_area_km2": 9.681 }, "geometry": { "type": "LineString", "coordinates": [ [ -77.130325, 39.172205 ], [ -77.130774, 39.171746 ], [ -77.130755, 39.171116 ], [ -77.130636, 39.171028 ], [ -77.130631, 39.170848 ], [ -77.130394, 39.170672 ], [ -77.130381, 39.170222 ], [ -77.130494, 39.17013 ], [ -77.130251, 39.169774 ], [ -77.130221, 39.168783 ], [ -77.129748, 39.168432 ], [ -77.129398, 39.168348 ], [ -77.128688, 39.16782 ], [ -77.128572, 39.167822 ], [ -77.128098, 39.167471 ], [ -77.128096, 39.167381 ], [ -77.12738, 39.166673 ], [ -77.127358, 39.165952 ], [ -77.12724, 39.165864 ], [ -77.127205, 39.164694 ], [ -77.127764, 39.164053 ], [ -77.12834, 39.163952 ], [ -77.129025, 39.16367 ], [ -77.129477, 39.163301 ], [ -77.129582, 39.162939 ], [ -77.129695, 39.162846 ], [ -77.129684, 39.162486 ], [ -77.12991, 39.162302 ], [ -77.129789, 39.162124 ], [ -77.130018, 39.16203 ], [ -77.130354, 39.161663 ], [ -77.130816, 39.161655 ], [ -77.130927, 39.161472 ], [ -77.130797, 39.161024 ], [ -77.131021, 39.16075 ], [ -77.131015, 39.16057 ], [ -77.131354, 39.160293 ] ] } },
{ "type": "Feature", "properties": { "id": "SC05", "sc_id": 5, "segments": "R05", "length_m": 3220.782104868028, "slope_bed": 0.0072719897268737821, "z_up_m": 148.1, "z_dn_m": 124.67850562090078, "drainage_area_km2": 3.967 }, "geometry": { "type": "LineString", "coordinates": [ [ -77.105137, 39.181493 ], [ -77.105363, 39.181308 ], [ -77.105594, 39.181304 ], [ -77.105936, 39.181118 ], [ -77.106167, 39.181114 ], [ -77.106506, 39.180837 ], [ -77.106611, 39.180475 ], [ -77.106945, 39.180018 ], [ -77.106932, 39.179568 ], [ -77.107152, 39.179204 ], [ -77.107117, 39.178033 ], [ -77.10723, 39.177941 ], [ -77.107217, 39.177491 ], [ -77.10733, 39.177399 ], [ -77.107319, 39.177038 ], [ -77.107432, 39.176946 ], [ -77.107424, 39.176676 ], [ -77.107645, 39.176312 ], [ -77.107637, 39.176042 ], [ -77.10775, 39.175949 ], [ -77.107744, 39.175769 ], [ -77.107965, 39.175405 ], [ -77.107938, 39.174504 ], [ -77.108051, 39.174412 ], [ -77.10804, 39.174052 ], [ -77.107922, 39.173964 ], [ -77.108253, 39.173418 ], [ -77.108352, 39.172875 ], [ -77.108691, 39.172599 ], [ -77.108912, 39.172234 ], [ -77.108904, 39.171964 ], [ -77.10913, 39.17178 ], [ -77.109235, 39.171418 ], [ -77.109461, 39.171233 ], [ -77.109445, 39.170693 ], [ -77.109326, 39.170605 ], [ -77.109305, 39.169885 ], [ -77.109186, 39.169797 ], [ -77.10917, 39.169256 ], [ -77.109614, 39.168618 ], [ -77.109496, 39.16853 ], [ -77.109458, 39.167269 ], [ -77.109789, 39.166722 ], [ -77.109778, 39.166362 ], [ -77.110001, 39.166088 ], [ -77.109996, 39.165908 ], [ -77.110335, 39.165631 ], [ -77.11033, 39.165451 ], [ -77.11055, 39.165087 ], [ -77.110545, 39.164907 ], [ -77.109835, 39.164379 ], [ -77.109708, 39.164021 ], [ -77.10959, 39.163933 ], [ -77.109816, 39.163749 ], [ -77.109921, 39.163386 ], [ -77.109681, 39.16312 ], [ -77.109673, 39.16285 ], [ -77.109786, 39.162758 ], [ -77.109778, 39.162488 ], [ -77.109541, 39.162312 ], [ -77.109533, 39.162042 ], [ -77.109644, 39.16186 ], [ -77.109404, 39.161594 ], [ -77.109278, 39.161236 ], [ -77.108807, 39.160974 ], [ -77.108683, 39.160706 ], [ -77.108568, 39.160708 ], [ -77.108097, 39.160446 ], [ -77.107634, 39.160455 ], [ -77.107161, 39.160103 ], [ -77.107045, 39.160105 ], [ -77.106217, 39.159489 ], [ -77.105972, 39.159043 ], [ -77.105738, 39.158957 ], [ -77.105146, 39.158517 ], [ -77.105022, 39.158249 ], [ -77.104552, 39.157988 ], [ -77.104544, 39.157717 ] ] } },
{ "type": "Feature", "properties": { "id": "SC06", "sc_id": 6, "segments": "R06", "length_m": 2269.3607486307155, "slope_bed": 0.0069165424214307093, "z_up_m": 140.35197775138715, "z_dn_m": 124.65584786395306, "drainage_area_km2": 2.954 }, "geometry": { "type": "LineString", "coordinates": [ [ -77.089219, 39.167814 ], [ -77.089679, 39.167716 ], [ -77.090131, 39.167347 ], [ -77.090236, 39.166985 ], [ -77.090912, 39.166342 ], [ -77.091017, 39.16598 ], [ -77.091356, 39.165703 ], [ -77.091353, 39.165613 ], [ -77.091803, 39.165155 ], [ -77.091797, 39.164975 ], [ -77.091679, 39.164887 ], [ -77.09166, 39.164256 ], [ -77.091773, 39.164164 ], [ -77.091757, 39.163624 ], [ -77.09187, 39.163532 ], [ -77.091862, 39.163262 ], [ -77.091975, 39.163169 ], [ -77.091967, 39.162899 ], [ -77.09208, 39.162807 ], [ -77.091962, 39.162719 ], [ -77.091954, 39.162449 ], [ -77.092177, 39.162175 ], [ -77.092169, 39.161905 ], [ -77.092393, 39.16163 ], [ -77.092387, 39.16145 ], [ -77.092726, 39.161174 ], [ -77.092724, 39.161084 ], [ -77.09363, 39.160437 ], [ -77.093622, 39.160167 ], [ -77.093846, 39.159892 ], [ -77.09384, 39.159712 ], [ -77.094513, 39.158979 ], [ -77.095315, 39.158695 ], [ -77.097012, 39.157403 ], [ -77.097246, 39.157489 ], [ -77.097593, 39.157482 ], [ -77.098048, 39.157204 ], [ -77.099554, 39.157267 ], [ -77.100737, 39.158146 ], [ -77.101087, 39.15823 ], [ -77.101558, 39.158492 ], [ -77.101789, 39.158488 ], [ -77.101902, 39.158396 ], [ -77.102367, 39.158477 ], [ -77.102486, 39.158565 ], [ -77.10364, 39.158455 ], [ -77.104318, 39.157902 ], [ -77.104312, 39.157722 ] ] } },
{ "type": "Feature", "properties": { "id": "SC07", "sc_id": 7, "segments": "R07", "length_m": 2915.3405460951835, "slope_bed": 0.007310464784333736, "z_up_m": 138.45, "z_dn_m": 117.13750560343087, "drainage_area_km2": 5.782 }, "geometry": { "type": "LineString", "coordinates": [ [ -77.078183, 39.158551 ], [ -77.078406, 39.158277 ], [ -77.078637, 39.158273 ], [ -77.079105, 39.158444 ], [ -77.079899, 39.15789 ], [ -77.080356, 39.157701 ], [ -77.081376, 39.156962 ], [ -77.082067, 39.15686 ], [ -77.082406, 39.156584 ], [ -77.082404, 39.156493 ], [ -77.082743, 39.156217 ], [ -77.08274, 39.156127 ], [ -77.082969, 39.156033 ], [ -77.083873, 39.155296 ], [ -77.083978, 39.154934 ], [ -77.084314, 39.154567 ], [ -77.08443, 39.154565 ], [ -77.085334, 39.153828 ], [ -77.085794, 39.15373 ], [ -77.085907, 39.153638 ], [ -77.086141, 39.153724 ], [ -77.08637, 39.153629 ], [ -77.086596, 39.153445 ], [ -77.08659, 39.153265 ], [ -77.086811, 39.152901 ], [ -77.087613, 39.152616 ], [ -77.087951, 39.15234 ], [ -77.088637, 39.152057 ], [ -77.088748, 39.151875 ], [ -77.088729, 39.151245 ], [ -77.088842, 39.151152 ], [ -77.088823, 39.150522 ], [ -77.088705, 39.150434 ], [ -77.088689, 39.149894 ], [ -77.08845, 39.149628 ], [ -77.088434, 39.149088 ], [ -77.088765, 39.148541 ], [ -77.088859, 39.147819 ], [ -77.088972, 39.147726 ], [ -77.089182, 39.147002 ], [ -77.08975, 39.146631 ], [ -77.089981, 39.146627 ], [ -77.090769, 39.145892 ], [ -77.090764, 39.145712 ], [ -77.090406, 39.145358 ], [ -77.090404, 39.145268 ], [ -77.09063, 39.145084 ], [ -77.090509, 39.144906 ], [ -77.091423, 39.144529 ], [ -77.091649, 39.144345 ], [ -77.091765, 39.144343 ], [ -77.092104, 39.144066 ], [ -77.092101, 39.143976 ], [ -77.092445, 39.14388 ], [ -77.092671, 39.143696 ], [ -77.093131, 39.143597 ], [ -77.093357, 39.143413 ], [ -77.093588, 39.143409 ], [ -77.094056, 39.143581 ], [ -77.094169, 39.143489 ], [ -77.094521, 39.143662 ], [ -77.095094, 39.143472 ], [ -77.095433, 39.143195 ], [ -77.095893, 39.143097 ], [ -77.096119, 39.142913 ], [ -77.096103, 39.142373 ] ] } },
{ "type": "Feature", "properties": { "id": "SC08", "sc_id": 8, "segments": "R08", "length_m": 2780.7821048680262, "slope_bed": 0.0044700846578089653, "z_up_m": 124.53, "z_dn_m": 112.09966857631971, "drainage_area_km2": 10.264 }, "geometry": { "type": "LineString", "coordinates": [ [ -77.104425, 39.157629 ], [ -77.104409, 39.157089 ], [ -77.104522, 39.156997 ], [ -77.104517, 39.156817 ], [ -77.104627, 39.156635 ], [ -77.104969, 39.156448 ], [ -77.104966, 39.156358 ], [ -77.104495, 39.156096 ], [ -77.104485, 39.155736 ], [ -77.104127, 39.155382 ], [ -77.104113, 39.154932 ], [ -77.103995, 39.154844 ], [ -77.104221, 39.15466 ], [ -77.104213, 39.15439 ], [ -77.104891, 39.153837 ], [ -77.104888, 39.153747 ], [ -77.105345, 39.153558 ], [ -77.105684, 39.153282 ], [ -77.105682, 39.153192 ], [ -77.105445, 39.153016 ], [ -77.104867, 39.153026 ], [ -77.10463, 39.15285 ], [ -77.10474, 39.152668 ], [ -77.104267, 39.152316 ], [ -77.104262, 39.152136 ], [ -77.103907, 39.151872 ], [ -77.103213, 39.151885 ], [ -77.103094, 39.151797 ], [ -77.103081, 39.151347 ], [ -77.103535, 39.151068 ], [ -77.10353, 39.150888 ], [ -77.103643, 39.150796 ], [ -77.103632, 39.150436 ], [ -77.103853, 39.150071 ], [ -77.103842, 39.149711 ], [ -77.104184, 39.149525 ], [ -77.104294, 39.149343 ], [ -77.104286, 39.149073 ], [ -77.104512, 39.148888 ], [ -77.104507, 39.148708 ], [ -77.10462, 39.148616 ], [ -77.104499, 39.148438 ], [ -77.104609, 39.148256 ], [ -77.10449, 39.148168 ], [ -77.104361, 39.14772 ], [ -77.104125, 39.147544 ], [ -77.104122, 39.147454 ], [ -77.103651, 39.147192 ], [ -77.103643, 39.146922 ], [ -77.103525, 39.146834 ], [ -77.103861, 39.146467 ], [ -77.104208, 39.146461 ], [ -77.104206, 39.146371 ], [ -77.10477, 39.14591 ], [ -77.104881, 39.145728 ], [ -77.105228, 39.145722 ], [ -77.105564, 39.145355 ], [ -77.105795, 39.145351 ], [ -77.106247, 39.144983 ], [ -77.106236, 39.144622 ], [ -77.106349, 39.14453 ], [ -77.106311, 39.14327 ], [ -77.106193, 39.143182 ], [ -77.106188, 39.143002 ], [ -77.106301, 39.142909 ], [ -77.106182, 39.142821 ], [ -77.106048, 39.142193 ], [ -77.105811, 39.142017 ], [ -77.105583, 39.142112 ], [ -77.105228, 39.141848 ], [ -77.105341, 39.141755 ], [ -77.105217, 39.141487 ], [ -77.105101, 39.14149 ], [ -77.104865, 39.141314 ], [ -77.104862, 39.141224 ], [ -77.104625, 39.141048 ], [ -77.104738, 39.140955 ], [ -77.104386, 39.140782 ], [ -77.104381, 39.140602 ], [ -77.104139, 39.140246 ], [ -77.104249, 39.140063 ], [ -77.104128, 39.139885 ], [ -77.103776, 39.139711 ], [ -77.103886, 39.139529 ], [ -77.103649, 39.139353 ] ] } },
{ "type": "Feature", "properties": { "id": "SC09", "sc_id": 9, "segments": "R09", "length_m": 922.54833995939043, "slope_bed": 0.0053682451074944871, "z_up_m": 117.08816604860952, "z_dn_m": 112.13570043619536, "drainage_area_km2": 6.28 }, "geometry": { "type": "LineString", "coordinates": [ [ -77.0961, 39.142283 ], [ -77.096439, 39.142006 ], [ -77.097133, 39.141994 ], [ -77.097246, 39.141901 ], [ -77.097477, 39.141897 ], [ -77.097935, 39.141709 ], [ -77.09805, 39.141707 ], [ -77.098287, 39.141883 ], [ -77.098634, 39.141877 ], [ -77.098986, 39.14205 ], [ -77.099449, 39.142042 ], [ -77.099562, 39.14195 ], [ -77.099443, 39.141862 ], [ -77.099556, 39.14177 ], [ -77.100021, 39.141852 ], [ -77.100247, 39.141667 ], [ -77.100363, 39.141665 ], [ -77.100473, 39.141483 ], [ -77.100702, 39.141389 ], [ -77.101151, 39.14093 ], [ -77.101614, 39.140922 ], [ -77.101727, 39.14083 ], [ -77.1016, 39.140472 ], [ -77.101713, 39.140379 ], [ -77.10206, 39.140373 ], [ -77.102281, 39.140009 ], [ -77.102627, 39.140003 ], [ -77.102861, 39.140088 ], [ -77.103087, 39.139904 ], [ -77.103079, 39.139634 ], [ -77.103308, 39.13954 ], [ -77.103418, 39.139358 ] ] } },
{ "type": "Feature", "properties": { "id": "SC10", "sc_id": 10, "segments": "R10", "length_m": 4959.0158697766474, "slope_bed": 0.0045255506078559216, "z_up_m": 121.68262088248689, "z_dn_m": 99.240343598652018, "drainage_area_km2": 20.978 }, "geometry": { "type": "LineString", "coordinates": [ [ -77.131467, 39.160201 ], [ -77.131577, 39.160019 ], [ -77.131566, 39.159659 ], [ -77.131448, 39.159571 ], [ -77.131267, 39.157412 ], [ -77.130912, 39.157148 ], [ -77.130898, 39.156698 ], [ -77.131455, 39.155967 ], [ -77.131554, 39.155424 ], [ -77.132011, 39.155236 ], [ -77.131772, 39.15497 ], [ -77.132111, 39.154693 ], [ -77.132105, 39.154513 ], [ -77.131742, 39.153979 ], [ -77.131734, 39.153709 ], [ -77.13126, 39.153357 ], [ -77.131134, 39.152999 ], [ -77.130897, 39.152823 ], [ -77.130666, 39.152828 ], [ -77.130311, 39.152564 ], [ -77.12973, 39.152484 ], [ -77.129493, 39.152309 ], [ -77.129377, 39.152311 ], [ -77.128664, 39.151693 ], [ -77.128199, 39.151611 ], [ -77.128081, 39.151523 ], [ -77.127849, 39.151528 ], [ -77.127731, 39.15144 ], [ -77.127268, 39.151448 ], [ -77.12715, 39.15136 ], [ -77.126109, 39.151379 ], [ -77.125991, 39.151291 ], [ -77.125644, 39.151298 ], [ -77.12541, 39.151212 ], [ -77.124936, 39.15086 ], [ -77.124928, 39.15059 ], [ -77.125493, 39.150129 ], [ -77.125482, 39.149769 ], [ -77.125364, 39.149681 ], [ -77.125358, 39.149501 ], [ -77.125694, 39.149134 ], [ -77.12567, 39.148324 ], [ -77.12531, 39.14788 ], [ -77.125304, 39.1477 ], [ -77.124949, 39.147436 ], [ -77.124946, 39.147346 ], [ -77.124357, 39.146996 ], [ -77.124126, 39.147001 ], [ -77.124008, 39.146913 ], [ -77.124002, 39.146733 ], [ -77.124223, 39.146368 ], [ -77.124209, 39.145918 ], [ -77.124091, 39.14583 ], [ -77.12408, 39.14547 ], [ -77.124306, 39.145285 ], [ -77.124185, 39.145107 ], [ -77.124171, 39.144657 ], [ -77.12462, 39.144199 ], [ -77.124849, 39.144104 ], [ -77.125196, 39.144098 ], [ -77.125309, 39.144006 ], [ -77.125771, 39.143997 ], [ -77.126242, 39.144259 ], [ -77.127167, 39.144242 ], [ -77.127624, 39.144054 ], [ -77.12785, 39.143869 ], [ -77.128071, 39.143505 ], [ -77.128054, 39.142965 ], [ -77.127936, 39.142877 ], [ -77.127011, 39.142894 ], [ -77.126656, 39.14263 ], [ -77.126414, 39.142274 ], [ -77.126403, 39.141914 ], [ -77.126042, 39.14147 ], [ -77.126032, 39.141109 ], [ -77.126709, 39.140557 ], [ -77.126698, 39.140196 ], [ -77.126346, 39.140023 ], [ -77.12634, 39.139842 ], [ -77.126679, 39.139566 ], [ -77.126671, 39.139296 ], [ -77.126894, 39.139021 ], [ -77.12701, 39.139019 ], [ -77.127236, 39.138835 ], [ -77.127583, 39.138829 ], [ -77.127819, 39.139005 ], [ -77.127935, 39.139002 ], [ -77.128268, 39.138546 ], [ -77.128844, 39.138445 ], [ -77.12907, 39.138261 ], [ -77.128827, 39.137905 ], [ -77.129051, 39.137631 ], [ -77.129037, 39.13718 ], [ -77.1288, 39.137004 ], [ -77.128685, 39.137007 ], [ -77.12833, 39.136743 ], [ -77.128327, 39.136653 ], [ -77.128555, 39.136558 ], [ -77.12912, 39.136098 ], [ -77.129117, 39.136008 ], [ -77.129343, 39.135823 ], [ -77.129451, 39.135551 ], [ -77.129676, 39.135367 ], [ -77.129897, 39.135002 ], [ -77.130348, 39.134634 ], [ -77.130456, 39.134361 ], [ -77.130682, 39.134177 ], [ -77.131012, 39.13363 ], [ -77.131112, 39.133088 ], [ -77.13145, 39.132811 ], [ -77.131668, 39.132357 ], [ -77.13212, 39.131988 ], [ -77.131875, 39.131542 ], [ -77.131638, 39.131366 ], [ -77.131509, 39.130918 ], [ -77.131735, 39.130734 ], [ -77.132197, 39.130726 ], [ -77.132431, 39.130811 ], [ -77.132544, 39.130719 ], [ -77.132412, 39.130181 ] ] } },
{ "type": "Feature", "properties": { "id": "SC11", "sc_id": 11, "segments": "R11", "length_m": 4921.7366491630746, "slope_bed": 0.0091013500006648807, "z_up_m": 144.15, "z_dn_m": 99.355552144867289, "drainage_area_km2": 9.261 }, "geometry": { "type": "LineString", "coordinates": [ [ -77.160465, 39.151017 ], [ -77.160691, 39.150833 ], [ -77.160923, 39.150829 ], [ -77.161033, 39.150647 ], [ -77.161377, 39.15055 ], [ -77.161374, 39.15046 ], [ -77.161713, 39.150183 ], [ -77.16171, 39.150093 ], [ -77.161939, 39.149999 ], [ -77.161933, 39.149819 ], [ -77.162159, 39.149635 ], [ -77.16204, 39.149547 ], [ -77.162153, 39.149455 ], [ -77.162137, 39.148914 ], [ -77.162018, 39.148826 ], [ -77.162005, 39.148376 ], [ -77.161886, 39.148288 ], [ -77.16174, 39.1473 ], [ -77.160085, 39.146159 ], [ -77.160058, 39.145259 ], [ -77.160171, 39.145167 ], [ -77.160151, 39.144536 ], [ -77.159912, 39.14427 ], [ -77.159906, 39.14409 ], [ -77.159788, 39.144002 ], [ -77.159535, 39.143286 ], [ -77.15834, 39.142047 ], [ -77.158098, 39.141691 ], [ -77.158092, 39.141511 ], [ -77.157855, 39.141335 ], [ -77.157853, 39.141245 ], [ -77.157021, 39.14054 ], [ -77.1569, 39.140362 ], [ -77.156884, 39.139822 ], [ -77.156402, 39.1392 ], [ -77.156515, 39.139108 ], [ -77.156617, 39.138655 ], [ -77.15695, 39.138199 ], [ -77.157027, 39.136936 ], [ -77.15714, 39.136844 ], [ -77.157131, 39.136573 ], [ -77.157244, 39.136481 ], [ -77.157217, 39.135581 ], [ -77.156625, 39.135141 ], [ -77.15616, 39.13506 ], [ -77.155807, 39.134886 ], [ -77.155576, 39.13489 ], [ -77.155339, 39.134715 ], [ -77.154874, 39.134633 ], [ -77.154756, 39.134545 ], [ -77.152906, 39.134579 ], [ -77.152564, 39.134766 ], [ -77.151975, 39.134416 ], [ -77.151279, 39.134339 ], [ -77.150687, 39.1339 ], [ -77.150566, 39.133722 ], [ -77.150098, 39.13355 ], [ -77.149867, 39.133554 ], [ -77.14963, 39.133378 ], [ -77.149506, 39.13311 ], [ -77.14927, 39.132935 ], [ -77.149038, 39.132939 ], [ -77.148565, 39.132587 ], [ -77.148202, 39.132053 ], [ -77.147728, 39.131702 ], [ -77.147034, 39.131714 ], [ -77.146567, 39.131543 ], [ -77.146344, 39.131817 ], [ -77.145873, 39.131556 ], [ -77.145179, 39.131568 ], [ -77.144722, 39.131757 ], [ -77.143932, 39.132402 ], [ -77.143935, 39.132492 ], [ -77.143709, 39.132677 ], [ -77.143472, 39.132501 ], [ -77.143227, 39.132055 ], [ -77.142872, 39.131791 ], [ -77.142641, 39.131795 ], [ -77.142523, 39.131707 ], [ -77.141713, 39.131722 ], [ -77.141595, 39.131634 ], [ -77.141364, 39.131639 ], [ -77.141251, 39.131731 ], [ -77.140442, 39.131746 ], [ -77.140329, 39.131838 ], [ -77.139982, 39.131844 ], [ -77.139869, 39.131936 ], [ -77.139638, 39.131941 ], [ -77.139181, 39.132129 ], [ -77.138944, 39.131953 ], [ -77.139016, 39.13051 ], [ -77.13854, 39.130069 ], [ -77.138529, 39.129709 ], [ -77.138295, 39.129623 ], [ -77.137951, 39.129719 ], [ -77.137362, 39.12937 ], [ -77.137249, 39.129462 ], [ -77.135859, 39.129397 ], [ -77.135402, 39.129586 ], [ -77.135176, 39.12977 ], [ -77.134945, 39.129774 ], [ -77.134832, 39.129866 ], [ -77.133445, 39.129892 ], [ -77.133326, 39.129804 ], [ -77.132979, 39.12981 ], [ -77.132525, 39.130089 ] ] } },
{ "type": "Feature", "properties": { "id": "SC12", "sc_id": 12, "segments": "R12", "length_m": 1404.9747468305845, "slope_bed": 0.0023707046259865017, "z_up_m": 112.04, "z_dn_m": 108.70921986829453, "drainage_area_km2": 17.832 }, "geometry": { "type": "LineString", "coordinates": [ [ -77.103531, 39.139265 ], [ -77.103639, 39.138993 ], [ -77.103867, 39.138899 ], [ -77.103854, 39.138449 ], [ -77.103496, 39.138095 ], [ -77.103034, 39.138103 ], [ -77.102915, 39.138015 ], [ -77.10291, 39.137835 ], [ -77.102792, 39.137747 ], [ -77.102776, 39.137207 ], [ -77.102305, 39.136945 ], [ -77.101264, 39.136964 ], [ -77.101146, 39.136876 ], [ -77.101127, 39.136245 ], [ -77.10077, 39.135891 ], [ -77.100756, 39.135441 ], [ -77.100638, 39.135353 ], [ -77.100622, 39.134813 ], [ -77.100504, 39.134725 ], [ -77.100488, 39.134185 ], [ -77.100369, 39.134097 ], [ -77.100351, 39.133466 ], [ -77.100114, 39.13329 ], [ -77.100227, 39.133198 ], [ -77.100219, 39.132928 ], [ -77.09998, 39.132662 ], [ -77.099958, 39.131942 ], [ -77.09984, 39.131854 ], [ -77.099703, 39.131135 ], [ -77.099585, 39.131047 ], [ -77.099695, 39.130865 ], [ -77.099456, 39.130599 ], [ -77.09945, 39.130419 ], [ -77.099211, 39.130153 ], [ -77.099206, 39.129973 ], [ -77.098964, 39.129617 ], [ -77.098609, 39.129353 ] ] } },
{ "type": "Feature", "properties": { "id": "SC13", "sc_id": 13, "segments": "R13", "length_m": 3146.3455967290674, "slope_bed": 0.012147179600318279, "z_up_m": 147.02668342383683, "z_dn_m": 108.80745837569826, "drainage_area_km2": 2.939 }, "geometry": { "type": "LineString", "coordinates": [ [ -77.073728, 39.136917 ], [ -77.07418, 39.136548 ], [ -77.07464, 39.13645 ], [ -77.074982, 39.136264 ], [ -77.075213, 39.136259 ], [ -77.075326, 39.136167 ], [ -77.07602, 39.136155 ], [ -77.076133, 39.136063 ], [ -77.07648, 39.136057 ], [ -77.076706, 39.135872 ], [ -77.076937, 39.135868 ], [ -77.077163, 39.135684 ], [ -77.077736, 39.135494 ], [ -77.077846, 39.135311 ], [ -77.077962, 39.135309 ], [ -77.078188, 39.135125 ], [ -77.078185, 39.135035 ], [ -77.079315, 39.134114 ], [ -77.079312, 39.134024 ], [ -77.080213, 39.133197 ], [ -77.080324, 39.133015 ], [ -77.080195, 39.132567 ], [ -77.080421, 39.132382 ], [ -77.080765, 39.132286 ], [ -77.080875, 39.132104 ], [ -77.080841, 39.130933 ], [ -77.081067, 39.130749 ], [ -77.08176, 39.130737 ], [ -77.081873, 39.130645 ], [ -77.082336, 39.130636 ], [ -77.082454, 39.130724 ], [ -77.082685, 39.13072 ], [ -77.082798, 39.130628 ], [ -77.083145, 39.130622 ], [ -77.083487, 39.130435 ], [ -77.083834, 39.130429 ], [ -77.083952, 39.130517 ], [ -77.08453, 39.130507 ], [ -77.084872, 39.130321 ], [ -77.08545, 39.13031 ], [ -77.085568, 39.130398 ], [ -77.086025, 39.13021 ], [ -77.086488, 39.130202 ], [ -77.086606, 39.13029 ], [ -77.086834, 39.130195 ], [ -77.087071, 39.130371 ], [ -77.087996, 39.130355 ], [ -77.088114, 39.130443 ], [ -77.088345, 39.130439 ], [ -77.088813, 39.13061 ], [ -77.08894, 39.130969 ], [ -77.089176, 39.131144 ], [ -77.089407, 39.13114 ], [ -77.089768, 39.131584 ], [ -77.089999, 39.13158 ], [ -77.090235, 39.131756 ], [ -77.090238, 39.131846 ], [ -77.090816, 39.131836 ], [ -77.091378, 39.131285 ], [ -77.091373, 39.131105 ], [ -77.091822, 39.130647 ], [ -77.09194, 39.130734 ], [ -77.092164, 39.13046 ], [ -77.0924, 39.130636 ], [ -77.092739, 39.13036 ], [ -77.093882, 39.129889 ], [ -77.094229, 39.129882 ], [ -77.094699, 39.130144 ], [ -77.094925, 39.12996 ], [ -77.095159, 39.130046 ], [ -77.095619, 39.129948 ], [ -77.096092, 39.130299 ], [ -77.095979, 39.130392 ], [ -77.096097, 39.13048 ], [ -77.096331, 39.130565 ], [ -77.097141, 39.130551 ], [ -77.097482, 39.130365 ], [ -77.097469, 39.129914 ], [ -77.097689, 39.12955 ], [ -77.098031, 39.129364 ], [ -77.098149, 39.129452 ], [ -77.098157, 39.129722 ], [ -77.098275, 39.12981 ], [ -77.098388, 39.129718 ], [ -77.098378, 39.129357 ] ] } },
{ "type": "Feature", "properties": { "id": "SC14", "sc_id": 14, "segments": "R14", "length_m": 2261.0764773832525, "slope_bed": 0.0042351870444758358, "z_up_m": 108.68366222888704, "z_dn_m": 99.107580425304434, "drainage_area_km2": 24.923 }, "geometry": { "type": "LineString", "coordinates": [ [ -77.098491, 39.129265 ], [ -77.098585, 39.128543 ], [ -77.098698, 39.128451 ], [ -77.098816, 39.128539 ], [ -77.099047, 39.128534 ], [ -77.09916, 39.128442 ], [ -77.099034, 39.128084 ], [ -77.099717, 39.127711 ], [ -77.099701, 39.127171 ], [ -77.10004, 39.126895 ], [ -77.100255, 39.12635 ], [ -77.100822, 39.12598 ], [ -77.10093, 39.125707 ], [ -77.101269, 39.125431 ], [ -77.101148, 39.125253 ], [ -77.101825, 39.1247 ], [ -77.10193, 39.124338 ], [ -77.102159, 39.124244 ], [ -77.102723, 39.123783 ], [ -77.102839, 39.123781 ], [ -77.103404, 39.12332 ], [ -77.103519, 39.123318 ], [ -77.103858, 39.123042 ], [ -77.103974, 39.12304 ], [ -77.104312, 39.122763 ], [ -77.104307, 39.122583 ], [ -77.104761, 39.122305 ], [ -77.104748, 39.121854 ], [ -77.10463, 39.121766 ], [ -77.104611, 39.121136 ], [ -77.105401, 39.120491 ], [ -77.105396, 39.120311 ], [ -77.105041, 39.120047 ], [ -77.105036, 39.119867 ], [ -77.104684, 39.119693 ], [ -77.104909, 39.119509 ], [ -77.104907, 39.119419 ], [ -77.10467, 39.119243 ], [ -77.104436, 39.119157 ], [ -77.104208, 39.119251 ], [ -77.103514, 39.119264 ], [ -77.103396, 39.119176 ], [ -77.103165, 39.11918 ], [ -77.102694, 39.118918 ], [ -77.101772, 39.119025 ], [ -77.101183, 39.118675 ], [ -77.100721, 39.118683 ], [ -77.100603, 39.118595 ], [ -77.100372, 39.1186 ], [ -77.100364, 39.118329 ], [ -77.100702, 39.118053 ], [ -77.100818, 39.118051 ], [ -77.100813, 39.117871 ], [ -77.100928, 39.117869 ], [ -77.10138, 39.1175 ], [ -77.101724, 39.117404 ], [ -77.102291, 39.117033 ], [ -77.10216, 39.116495 ] ] } },
{ "type": "Feature", "properties": { "id": "SC15", "sc_id": 15, "segments": "Lake_Needwood", "length_m": 2003.6753236814734, "slope_bed": 0.0011186627524728333, "z_up_m": 99.22, "z_dn_m": 96.978563047348587, "drainage_area_km2": 33.138 }, "geometry": { "type": "LineString", "coordinates": [ [ -77.132409, 39.130091 ], [ -77.132291, 39.130003 ], [ -77.132283, 39.129733 ], [ -77.131928, 39.129469 ], [ -77.131925, 39.129379 ], [ -77.13086, 39.128588 ], [ -77.130858, 39.128498 ], [ -77.130029, 39.127882 ], [ -77.130027, 39.127792 ], [ -77.12979, 39.127616 ], [ -77.129903, 39.127524 ], [ -77.129895, 39.127254 ], [ -77.130008, 39.127162 ], [ -77.129999, 39.126891 ], [ -77.130112, 39.126799 ], [ -77.130104, 39.126529 ], [ -77.130217, 39.126437 ], [ -77.130206, 39.126077 ], [ -77.130319, 39.125985 ], [ -77.130311, 39.125715 ], [ -77.130424, 39.125622 ], [ -77.130416, 39.125352 ], [ -77.130297, 39.125264 ], [ -77.130523, 39.12508 ], [ -77.130512, 39.12472 ], [ -77.130394, 39.124632 ], [ -77.130372, 39.123911 ], [ -77.130254, 39.123823 ], [ -77.130232, 39.123103 ], [ -77.130114, 39.123015 ], [ -77.130109, 39.122835 ], [ -77.12999, 39.122747 ], [ -77.129985, 39.122567 ], [ -77.129743, 39.122211 ], [ -77.129735, 39.121941 ], [ -77.129616, 39.121853 ], [ -77.129611, 39.121673 ], [ -77.129369, 39.121317 ], [ -77.12981, 39.120588 ], [ -77.129799, 39.120228 ], [ -77.129912, 39.120136 ], [ -77.129785, 39.119778 ], [ -77.129309, 39.119336 ], [ -77.129287, 39.118615 ], [ -77.1294, 39.118523 ], [ -77.129381, 39.117893 ], [ -77.129494, 39.117801 ], [ -77.129464, 39.11681 ], [ -77.129577, 39.116718 ], [ -77.129518, 39.114737 ], [ -77.129631, 39.114645 ], [ -77.129614, 39.114104 ] ] } },
{ "type": "Feature", "properties": { "id": "SC16", "sc_id": 16, "segments": "R16", "length_m": 5152.1529547664977, "slope_bed": 0.009574273804288165, "z_up_m": 145.64200354308872, "z_dn_m": 96.313880472581971, "drainage_area_km2": 5.464 }, "geometry": { "type": "LineString", "coordinates": [ [ -77.171937, 39.121432 ], [ -77.171701, 39.121256 ], [ -77.171588, 39.121349 ], [ -77.171125, 39.121357 ], [ -77.171012, 39.121449 ], [ -77.170657, 39.121186 ], [ -77.170412, 39.12074 ], [ -77.170176, 39.120564 ], [ -77.170401, 39.12038 ], [ -77.170038, 39.119846 ], [ -77.170148, 39.119664 ], [ -77.169796, 39.11949 ], [ -77.169567, 39.119584 ], [ -77.169097, 39.119323 ], [ -77.168868, 39.119417 ], [ -77.168871, 39.119507 ], [ -77.168645, 39.119692 ], [ -77.16853, 39.119694 ], [ -77.168076, 39.119972 ], [ -77.167264, 39.119897 ], [ -77.167027, 39.119722 ], [ -77.166108, 39.119919 ], [ -77.165543, 39.12038 ], [ -77.165552, 39.12065 ], [ -77.16567, 39.120738 ], [ -77.165557, 39.12083 ], [ -77.165676, 39.120918 ], [ -77.165571, 39.12128 ], [ -77.165692, 39.121458 ], [ -77.165466, 39.121643 ], [ -77.165235, 39.121647 ], [ -77.165122, 39.121739 ], [ -77.164655, 39.121568 ], [ -77.164423, 39.121572 ], [ -77.164305, 39.121484 ], [ -77.163958, 39.121491 ], [ -77.16384, 39.121403 ], [ -77.163259, 39.121323 ], [ -77.162907, 39.12115 ], [ -77.162216, 39.121253 ], [ -77.16199, 39.121437 ], [ -77.160719, 39.121461 ], [ -77.160606, 39.121553 ], [ -77.160259, 39.121559 ], [ -77.15992, 39.121836 ], [ -77.159574, 39.121842 ], [ -77.159455, 39.121754 ], [ -77.159108, 39.121761 ], [ -77.15899, 39.121673 ], [ -77.158412, 39.121683 ], [ -77.158299, 39.121776 ], [ -77.157259, 39.121795 ], [ -77.15667, 39.121445 ], [ -77.156535, 39.120817 ], [ -77.156301, 39.120731 ], [ -77.15629, 39.120371 ], [ -77.156172, 39.120283 ], [ -77.155596, 39.120384 ], [ -77.155123, 39.120033 ], [ -77.155118, 39.119852 ], [ -77.15523, 39.11976 ], [ -77.155109, 39.119582 ], [ -77.154763, 39.119589 ], [ -77.154534, 39.119683 ], [ -77.153711, 39.119248 ], [ -77.153483, 39.119342 ], [ -77.153367, 39.119344 ], [ -77.153131, 39.119168 ], [ -77.152902, 39.119263 ], [ -77.152665, 39.119087 ], [ -77.152773, 39.118815 ], [ -77.152418, 39.118551 ], [ -77.15241, 39.118281 ], [ -77.152173, 39.118105 ], [ -77.152057, 39.118107 ], [ -77.151702, 39.117843 ], [ -77.151, 39.117586 ], [ -77.150772, 39.11768 ], [ -77.150651, 39.117502 ], [ -77.15042, 39.117507 ], [ -77.150062, 39.117153 ], [ -77.149831, 39.117157 ], [ -77.149476, 39.116893 ], [ -77.149473, 39.116803 ], [ -77.147819, 39.115662 ], [ -77.147354, 39.115581 ], [ -77.147236, 39.115493 ], [ -77.146424, 39.115418 ], [ -77.145953, 39.115156 ], [ -77.145031, 39.115263 ], [ -77.144795, 39.115087 ], [ -77.144564, 39.115092 ], [ -77.144206, 39.114738 ], [ -77.143972, 39.114652 ], [ -77.14351, 39.114661 ], [ -77.143276, 39.114575 ], [ -77.143155, 39.114397 ], [ -77.142456, 39.114229 ], [ -77.142337, 39.114142 ], [ -77.142329, 39.113871 ], [ -77.142095, 39.113786 ], [ -77.141977, 39.113698 ], [ -77.141971, 39.113518 ], [ -77.141383, 39.113168 ], [ -77.14127, 39.11326 ], [ -77.140692, 39.113271 ], [ -77.140579, 39.113363 ], [ -77.140004, 39.113464 ], [ -77.139891, 39.113556 ], [ -77.140012, 39.113734 ], [ -77.139786, 39.113918 ], [ -77.139904, 39.114006 ], [ -77.139918, 39.114456 ], [ -77.139805, 39.114548 ], [ -77.138883, 39.114656 ], [ -77.138765, 39.114568 ], [ -77.138071, 39.11458 ], [ -77.137835, 39.114404 ], [ -77.137939, 39.114042 ], [ -77.137697, 39.113686 ], [ -77.137689, 39.113416 ], [ -77.137334, 39.113152 ], [ -77.137103, 39.113156 ], [ -77.136985, 39.113069 ], [ -77.136522, 39.113077 ], [ -77.13641, 39.113169 ], [ -77.1356, 39.113184 ], [ -77.135482, 39.113096 ], [ -77.133748, 39.113128 ], [ -77.13363, 39.11304 ], [ -77.133052, 39.113051 ], [ -77.132485, 39.113421 ], [ -77.131794, 39.113524 ], [ -77.131093, 39.113267 ], [ -77.130856, 39.113091 ], [ -77.130851, 39.112911 ], [ -77.130614, 39.112735 ], [ -77.130388, 39.112919 ], [ -77.130273, 39.112921 ] ] } },
{ "type": "Feature", "properties": { "id": "SC17", "sc_id": 17, "segments": "R17", "length_m": 877.69552621700473, "slope_bed": 0.0044417999457390398, "z_up_m": 99.048547940726095, "z_dn_m": 95.15, "drainage_area_km2": 25.36 }, "geometry": { "type": "LineString", "coordinates": [ [ -77.102041, 39.116407 ], [ -77.101915, 39.116049 ], [ -77.101797, 39.115961 ], [ -77.101786, 39.115601 ], [ -77.101896, 39.115419 ], [ -77.102235, 39.115142 ], [ -77.103625, 39.115207 ], [ -77.103851, 39.115023 ], [ -77.103837, 39.114573 ], [ -77.103719, 39.114485 ], [ -77.103706, 39.114035 ], [ -77.103469, 39.113859 ], [ -77.103466, 39.113769 ], [ -77.104144, 39.113216 ], [ -77.104837, 39.113203 ], [ -77.105176, 39.112927 ], [ -77.105168, 39.112657 ], [ -77.105281, 39.112564 ], [ -77.105163, 39.112477 ], [ -77.105157, 39.112296 ], [ -77.104916, 39.11194 ], [ -77.104894, 39.11122 ], [ -77.104776, 39.111132 ] ] } },
{ "type": "Feature", "properties": { "id": "SC18", "sc_id": 18, "segments": "R18", "length_m": 635.26911934581187, "slope_bed": 0.011929956001457021, "z_up_m": 102.84065333639418, "z_dn_m": 95.261920693514298, "drainage_area_km2": 3.554 }, "geometry": { "type": "LineString", "coordinates": [ [ -77.099653, 39.109963 ], [ -77.100112, 39.109865 ], [ -77.100564, 39.109496 ], [ -77.100911, 39.10949 ], [ -77.101024, 39.109398 ], [ -77.101486, 39.109389 ], [ -77.101604, 39.109477 ], [ -77.101835, 39.109473 ], [ -77.101948, 39.109381 ], [ -77.102526, 39.109371 ], [ -77.102755, 39.109276 ], [ -77.103109, 39.10954 ], [ -77.103125, 39.110081 ], [ -77.103359, 39.110166 ], [ -77.103134, 39.110351 ], [ -77.103959, 39.110876 ], [ -77.104424, 39.110958 ], [ -77.104542, 39.111046 ], [ -77.104773, 39.111042 ] ] } },
{ "type": "Feature", "properties": { "id": "SC19", "sc_id": 19, "segments": "R19", "length_m": 2525.9292911256412, "slope_bed": 0.012903287018032054, "z_up_m": 135.6, "z_dn_m": 103.0072093693516, "drainage_area_km2": 2.592 }, "geometry": { "type": "LineString", "coordinates": [ [ -77.077749, 39.112338 ], [ -77.077975, 39.112154 ], [ -77.078322, 39.112147 ], [ -77.07844, 39.112235 ], [ -77.079247, 39.112131 ], [ -77.079714, 39.112303 ], [ -77.081217, 39.112276 ], [ -77.081335, 39.112364 ], [ -77.081682, 39.112358 ], [ -77.0818, 39.112446 ], [ -77.082031, 39.112442 ], [ -77.082499, 39.112613 ], [ -77.083193, 39.112601 ], [ -77.083311, 39.112689 ], [ -77.083542, 39.112685 ], [ -77.084131, 39.113035 ], [ -77.085055, 39.113018 ], [ -77.085168, 39.112926 ], [ -77.085975, 39.112822 ], [ -77.086203, 39.112727 ], [ -77.086881, 39.112175 ], [ -77.086986, 39.111812 ], [ -77.087099, 39.11172 ], [ -77.087093, 39.11154 ], [ -77.087314, 39.111176 ], [ -77.087879, 39.110715 ], [ -77.087873, 39.110535 ], [ -77.088325, 39.110167 ], [ -77.088554, 39.110072 ], [ -77.089016, 39.110064 ], [ -77.089126, 39.109882 ], [ -77.089917, 39.109237 ], [ -77.089914, 39.109147 ], [ -77.09014, 39.108963 ], [ -77.090487, 39.108957 ], [ -77.090723, 39.109132 ], [ -77.091306, 39.109302 ], [ -77.091782, 39.109744 ], [ -77.091785, 39.109834 ], [ -77.092139, 39.110098 ], [ -77.092255, 39.110096 ], [ -77.092492, 39.110272 ], [ -77.092494, 39.110362 ], [ -77.093556, 39.111064 ], [ -77.094018, 39.111056 ], [ -77.094486, 39.111227 ], [ -77.094717, 39.111223 ], [ -77.094827, 39.111041 ], [ -77.095282, 39.110763 ], [ -77.095387, 39.1104 ], [ -77.095612, 39.110216 ], [ -77.095731, 39.110304 ], [ -77.095844, 39.110212 ], [ -77.096075, 39.110208 ], [ -77.096413, 39.109931 ], [ -77.096634, 39.109567 ], [ -77.09675, 39.109565 ], [ -77.096989, 39.109831 ], [ -77.097217, 39.109737 ], [ -77.097454, 39.109913 ], [ -77.097696, 39.110269 ], [ -77.098158, 39.11026 ], [ -77.09851, 39.110434 ], [ -77.099085, 39.110334 ], [ -77.09954, 39.110055 ] ] } },
{ "type": "Feature", "properties": { "id": "SC20", "sc_id": 20, "segments": "R20", "length_m": 1125.6854249492385, "slope_bed": 0.0077222417783910022, "z_up_m": 96.313880472581971, "z_dn_m": 87.621065454713133, "drainage_area_km2": 39.206 }, "geometry": { "type": "LineString", "coordinates": [ [ -77.129727, 39.114012 ], [ -77.129953, 39.113828 ], [ -77.129947, 39.113648 ], [ -77.13006, 39.113556 ], [ -77.130135, 39.112203 ], [ -77.129896, 39.111937 ], [ -77.129668, 39.112031 ], [ -77.129205, 39.11204 ], [ -77.128853, 39.111866 ], [ -77.128826, 39.110965 ], [ -77.128708, 39.110877 ], [ -77.128689, 39.110247 ], [ -77.128452, 39.110071 ], [ -77.12821, 39.109715 ], [ -77.128081, 39.109267 ], [ -77.127608, 39.108915 ], [ -77.127481, 39.108557 ], [ -77.126414, 39.107676 ], [ -77.126411, 39.107586 ], [ -77.125938, 39.107234 ], [ -77.125823, 39.107236 ], [ -77.125231, 39.106796 ], [ -77.124997, 39.106711 ], [ -77.125102, 39.106348 ] ] } },
{ "type": "Feature", "properties": { "id": "SC21", "sc_id": 21, "segments": "R21", "length_m": 2853.5028842544475, "slope_bed": 0.013565088821399569, "z_up_m": 126.32908553174457, "z_dn_m": 87.621065454713133, "drainage_area_km2": 4.138 }, "geometry": { "type": "LineString", "coordinates": [ [ -77.151501, 39.103611 ], [ -77.151388, 39.103704 ], [ -77.151041, 39.10371 ], [ -77.150928, 39.103802 ], [ -77.150692, 39.103626 ], [ -77.150353, 39.103903 ], [ -77.150006, 39.103909 ], [ -77.149654, 39.103736 ], [ -77.149307, 39.103742 ], [ -77.149195, 39.103834 ], [ -77.147923, 39.103858 ], [ -77.147805, 39.10377 ], [ -77.147577, 39.103864 ], [ -77.146652, 39.103881 ], [ -77.146534, 39.103793 ], [ -77.146071, 39.103802 ], [ -77.145953, 39.103714 ], [ -77.144448, 39.103651 ], [ -77.143884, 39.104112 ], [ -77.143776, 39.104384 ], [ -77.143322, 39.104663 ], [ -77.142282, 39.104682 ], [ -77.142164, 39.104594 ], [ -77.141938, 39.104779 ], [ -77.141704, 39.104693 ], [ -77.141476, 39.104787 ], [ -77.141358, 39.104699 ], [ -77.141019, 39.104976 ], [ -77.140667, 39.104802 ], [ -77.140436, 39.104806 ], [ -77.140323, 39.104898 ], [ -77.139971, 39.104725 ], [ -77.139858, 39.104817 ], [ -77.139164, 39.10483 ], [ -77.139046, 39.104742 ], [ -77.138353, 39.104754 ], [ -77.13824, 39.104847 ], [ -77.137893, 39.104853 ], [ -77.137775, 39.104765 ], [ -77.137544, 39.104769 ], [ -77.137186, 39.104415 ], [ -77.137172, 39.103965 ], [ -77.136936, 39.103789 ], [ -77.136705, 39.103794 ], [ -77.136592, 39.103886 ], [ -77.136245, 39.103892 ], [ -77.136019, 39.104076 ], [ -77.13603, 39.104437 ], [ -77.135692, 39.104713 ], [ -77.135229, 39.104722 ], [ -77.134894, 39.105088 ], [ -77.134434, 39.105187 ], [ -77.134316, 39.105099 ], [ -77.133622, 39.105111 ], [ -77.133504, 39.105023 ], [ -77.133042, 39.105032 ], [ -77.132934, 39.105304 ], [ -77.132708, 39.105488 ], [ -77.132136, 39.105679 ], [ -77.13112, 39.106509 ], [ -77.130658, 39.106517 ], [ -77.130545, 39.106609 ], [ -77.129852, 39.106622 ], [ -77.129166, 39.106905 ], [ -77.128701, 39.106823 ], [ -77.128363, 39.1071 ], [ -77.128368, 39.10728 ], [ -77.128142, 39.107464 ], [ -77.128027, 39.107466 ], [ -77.127554, 39.107114 ], [ -77.127438, 39.107117 ], [ -77.127314, 39.106848 ], [ -77.127078, 39.106673 ], [ -77.126728, 39.106589 ], [ -77.126373, 39.106325 ], [ -77.125795, 39.106336 ], [ -77.125677, 39.106248 ], [ -77.12533, 39.106254 ] ] } },
{ "type": "Feature", "properties": { "id": "SC22", "sc_id": 22, "segments": "Lake_Frank", "length_m": 2008.9444430272879, "slope_bed": 0.0035084612202775077, "z_up_m": 95.118468560544031, "z_dn_m": 88.070164888490794, "drainage_area_km2": 31.868 }, "geometry": { "type": "LineString", "coordinates": [ [ -77.104889, 39.11104 ], [ -77.104768, 39.110862 ], [ -77.104746, 39.110141 ], [ -77.10508, 39.109685 ], [ -77.105195, 39.109683 ], [ -77.105432, 39.109859 ], [ -77.105435, 39.109949 ], [ -77.105905, 39.110211 ], [ -77.106252, 39.110204 ], [ -77.10637, 39.110292 ], [ -77.107179, 39.110278 ], [ -77.107405, 39.110093 ], [ -77.107864, 39.109995 ], [ -77.108778, 39.109618 ], [ -77.109004, 39.109434 ], [ -77.109002, 39.109344 ], [ -77.108176, 39.108818 ], [ -77.107934, 39.108462 ], [ -77.107929, 39.108282 ], [ -77.107811, 39.108194 ], [ -77.1078, 39.107834 ], [ -77.107913, 39.107742 ], [ -77.108141, 39.107647 ], [ -77.108488, 39.107641 ], [ -77.108606, 39.107729 ], [ -77.109069, 39.107721 ], [ -77.109187, 39.107809 ], [ -77.109534, 39.107802 ], [ -77.109652, 39.10789 ], [ -77.110348, 39.107968 ], [ -77.110467, 39.108056 ], [ -77.111391, 39.108039 ], [ -77.111504, 39.107947 ], [ -77.112198, 39.107934 ], [ -77.112875, 39.107381 ], [ -77.112872, 39.107291 ], [ -77.113211, 39.107015 ], [ -77.113208, 39.106925 ], [ -77.113547, 39.106648 ], [ -77.113544, 39.106558 ], [ -77.114221, 39.106006 ], [ -77.114219, 39.105916 ], [ -77.114781, 39.105365 ], [ -77.115224, 39.104726 ], [ -77.115901, 39.104173 ], [ -77.117044, 39.103702 ], [ -77.117621, 39.103691 ], [ -77.118307, 39.103409 ] ] } },
{ "type": "Feature", "properties": { "id": "SC23", "sc_id": 23, "segments": "R23", "length_m": 946.98484809834997, "slope_bed": 0.00019999999999999462, "z_up_m": 87.621065454713133, "z_dn_m": 87.431668485093468, "drainage_area_km2": 44.016 }, "geometry": { "type": "LineString", "coordinates": [ [ -77.125215, 39.106256 ], [ -77.125199, 39.105716 ], [ -77.125419, 39.105351 ], [ -77.125645, 39.105167 ], [ -77.125639, 39.104987 ], [ -77.125752, 39.104895 ], [ -77.125741, 39.104535 ], [ -77.125623, 39.104447 ], [ -77.125618, 39.104267 ], [ -77.125731, 39.104174 ], [ -77.125714, 39.103634 ], [ -77.125596, 39.103546 ], [ -77.125585, 39.103186 ], [ -77.125467, 39.103098 ], [ -77.125338, 39.10265 ], [ -77.124983, 39.102386 ], [ -77.124969, 39.101936 ], [ -77.124733, 39.10176 ], [ -77.124617, 39.101762 ], [ -77.124505, 39.101854 ], [ -77.123811, 39.101867 ], [ -77.123698, 39.101959 ], [ -77.122427, 39.101982 ], [ -77.122086, 39.102169 ], [ -77.121508, 39.102179 ], [ -77.121389, 39.102091 ], [ -77.120927, 39.1021 ], [ -77.120814, 39.102192 ], [ -77.120583, 39.102196 ] ] } },
{ "type": "Feature", "properties": { "id": "SC24", "sc_id": 24, "segments": "R24", "length_m": 1906.1017305526675, "slope_bed": 0.0038833087324615834, "z_up_m": 87.431668485093468, "z_dn_m": 80.029686989878158, "drainage_area_km2": 77.277 }, "geometry": { "type": "LineString", "coordinates": [ [ -77.11842, 39.103316 ], [ -77.118879, 39.103218 ], [ -77.119105, 39.103034 ], [ -77.119102, 39.102944 ], [ -77.119444, 39.102757 ], [ -77.120137, 39.102745 ], [ -77.120589, 39.102376 ], [ -77.120586, 39.102286 ], [ -77.120349, 39.10211 ], [ -77.120003, 39.102116 ], [ -77.119884, 39.102028 ], [ -77.119876, 39.101758 ], [ -77.119758, 39.10167 ], [ -77.119632, 39.101312 ], [ -77.11904, 39.100872 ], [ -77.118809, 39.100877 ], [ -77.118454, 39.100613 ], [ -77.118489, 39.097909 ], [ -77.118602, 39.097817 ], [ -77.118594, 39.097547 ], [ -77.118707, 39.097455 ], [ -77.118795, 39.096552 ], [ -77.118908, 39.09646 ], [ -77.118897, 39.0961 ], [ -77.11901, 39.096008 ], [ -77.118997, 39.095557 ], [ -77.119107, 39.095375 ], [ -77.117924, 39.094496 ], [ -77.117922, 39.094406 ], [ -77.117567, 39.094142 ], [ -77.117325, 39.093786 ], [ -77.117188, 39.093068 ], [ -77.116833, 39.092804 ], [ -77.116825, 39.092533 ], [ -77.116352, 39.092182 ], [ -77.116237, 39.092184 ], [ -77.116124, 39.092276 ], [ -77.116134, 39.092636 ], [ -77.116022, 39.092728 ], [ -77.115903, 39.09264 ], [ -77.115782, 39.092462 ], [ -77.115618, 39.090844 ] ] } },
{ "type": "Feature", "properties": { "id": "SC25", "sc_id": 25, "segments": "R25", "length_m": 3969.6046148071168, "slope_bed": 0.0098141779279536014, "z_up_m": 119.18, "z_dn_m": 80.221594006657241, "drainage_area_km2": 4.607 }, "geometry": { "type": "LineString", "coordinates": [ [ -77.150323, 39.087686 ], [ -77.150317, 39.087506 ], [ -77.149841, 39.087064 ], [ -77.149839, 39.086974 ], [ -77.149011, 39.086358 ], [ -77.14878, 39.086363 ], [ -77.148543, 39.086187 ], [ -77.148538, 39.086007 ], [ -77.148183, 39.085743 ], [ -77.148059, 39.085475 ], [ -77.147704, 39.085211 ], [ -77.147592, 39.085303 ], [ -77.147129, 39.085312 ], [ -77.146788, 39.085498 ], [ -77.146442, 39.085505 ], [ -77.146329, 39.085597 ], [ -77.146095, 39.085511 ], [ -77.145638, 39.0857 ], [ -77.145528, 39.085882 ], [ -77.1453, 39.085976 ], [ -77.145069, 39.08598 ], [ -77.144832, 39.085805 ], [ -77.144486, 39.085811 ], [ -77.144373, 39.085903 ], [ -77.144142, 39.085907 ], [ -77.143916, 39.086092 ], [ -77.143558, 39.085738 ], [ -77.143099, 39.085836 ], [ -77.142513, 39.085577 ], [ -77.142166, 39.085583 ], [ -77.141812, 39.08532 ], [ -77.141349, 39.085328 ], [ -77.141229, 39.08515 ], [ -77.140995, 39.085064 ], [ -77.140885, 39.085246 ], [ -77.140659, 39.085431 ], [ -77.140543, 39.085433 ], [ -77.140549, 39.085613 ], [ -77.140098, 39.085982 ], [ -77.139877, 39.086346 ], [ -77.139088, 39.086991 ], [ -77.138631, 39.08718 ], [ -77.137503, 39.088102 ], [ -77.136232, 39.088125 ], [ -77.135761, 39.087863 ], [ -77.135646, 39.087865 ], [ -77.134697, 39.087072 ], [ -77.13435, 39.087078 ], [ -77.134237, 39.08717 ], [ -77.133775, 39.087179 ], [ -77.133662, 39.087271 ], [ -77.1332, 39.087279 ], [ -77.133087, 39.087372 ], [ -77.132625, 39.08738 ], [ -77.132512, 39.087472 ], [ -77.131937, 39.087573 ], [ -77.131483, 39.087851 ], [ -77.131368, 39.087854 ], [ -77.131029, 39.08813 ], [ -77.130683, 39.088136 ], [ -77.130344, 39.088413 ], [ -77.130113, 39.088417 ], [ -77.129887, 39.088601 ], [ -77.12931, 39.088612 ], [ -77.129197, 39.088704 ], [ -77.128501, 39.088627 ], [ -77.128388, 39.088719 ], [ -77.128157, 39.088723 ], [ -77.127593, 39.089184 ], [ -77.127364, 39.089278 ], [ -77.126555, 39.089293 ], [ -77.126082, 39.088941 ], [ -77.126077, 39.088761 ], [ -77.125838, 39.088495 ], [ -77.125491, 39.088502 ], [ -77.125373, 39.088414 ], [ -77.124336, 39.088523 ], [ -77.123747, 39.088173 ], [ -77.123285, 39.088181 ], [ -77.123048, 39.088005 ], [ -77.122237, 39.08793 ], [ -77.121766, 39.087668 ], [ -77.121417, 39.087585 ], [ -77.120624, 39.08814 ], [ -77.12052, 39.088502 ], [ -77.120407, 39.088594 ], [ -77.120412, 39.088774 ], [ -77.120071, 39.088961 ], [ -77.119964, 39.089233 ], [ -77.119738, 39.089417 ], [ -77.118698, 39.089436 ], [ -77.118585, 39.089528 ], [ -77.118354, 39.089532 ], [ -77.118128, 39.089717 ], [ -77.118147, 39.090347 ], [ -77.117809, 39.090624 ], [ -77.11758, 39.090718 ], [ -77.116656, 39.090735 ], [ -77.116537, 39.090647 ], [ -77.115847, 39.090749 ], [ -77.115729, 39.090661 ] ] } },
{ "type": "Feature", "properties": { "id": "SC26", "sc_id": 26, "segments": "R26", "length_m": 1547.5230867899763, "slope_bed": 0.0015709739848381221, "z_up_m": 80.01, "z_dn_m": 77.578881489716565, "drainage_area_km2": 83.086 }, "geometry": { "type": "LineString", "coordinates": [ [ -77.115616, 39.090753 ], [ -77.115497, 39.090666 ], [ -77.115371, 39.090307 ], [ -77.115135, 39.090132 ], [ -77.114901, 39.090046 ], [ -77.114208, 39.090058 ], [ -77.113853, 39.089794 ], [ -77.11396, 39.089522 ], [ -77.114296, 39.089156 ], [ -77.11417, 39.088798 ], [ -77.113815, 39.088534 ], [ -77.113812, 39.088444 ], [ -77.114267, 39.088165 ], [ -77.113794, 39.087813 ], [ -77.113678, 39.087815 ], [ -77.11309, 39.087466 ], [ -77.113079, 39.087105 ], [ -77.113305, 39.086921 ], [ -77.113764, 39.086823 ], [ -77.113877, 39.086731 ], [ -77.113872, 39.08655 ], [ -77.112904, 39.085126 ], [ -77.112668, 39.08495 ], [ -77.112437, 39.084955 ], [ -77.112211, 39.085139 ], [ -77.112103, 39.085411 ], [ -77.111875, 39.085505 ], [ -77.110217, 39.084184 ], [ -77.109524, 39.084197 ], [ -77.10929, 39.084111 ], [ -77.108935, 39.083847 ], [ -77.109024, 39.082944 ], [ -77.108667, 39.08259 ] ] } },
{ "type": "Feature", "properties": { "id": "SC27", "sc_id": 27, "segments": "R27", "length_m": 4015.878784786813, "slope_bed": 0.01257993604283885, "z_up_m": 128.25, "z_dn_m": 77.73050173158849, "drainage_area_km2": 4.106 }, "geometry": { "type": "LineString", "coordinates": [ [ -77.083233, 39.098274 ], [ -77.083674, 39.097546 ], [ -77.084465, 39.096901 ], [ -77.084693, 39.096807 ], [ -77.084924, 39.096803 ], [ -77.085043, 39.096891 ], [ -77.085155, 39.096798 ], [ -77.08526, 39.096436 ], [ -77.086841, 39.095147 ], [ -77.086839, 39.095056 ], [ -77.087519, 39.094594 ], [ -77.087981, 39.094586 ], [ -77.088548, 39.094215 ], [ -77.088779, 39.094211 ], [ -77.089233, 39.093932 ], [ -77.089465, 39.093928 ], [ -77.089583, 39.094016 ], [ -77.090147, 39.093556 ], [ -77.090258, 39.093373 ], [ -77.091066, 39.093359 ], [ -77.091179, 39.093267 ], [ -77.091644, 39.093349 ], [ -77.091757, 39.093256 ], [ -77.092112, 39.09352 ], [ -77.092114, 39.09361 ], [ -77.092348, 39.093696 ], [ -77.092802, 39.093418 ], [ -77.092794, 39.093148 ], [ -77.093133, 39.092871 ], [ -77.093598, 39.092953 ], [ -77.093711, 39.092861 ], [ -77.093692, 39.092231 ], [ -77.093918, 39.092046 ], [ -77.093902, 39.091506 ], [ -77.094456, 39.090685 ], [ -77.094445, 39.090325 ], [ -77.094558, 39.090233 ], [ -77.094553, 39.090053 ], [ -77.094666, 39.089961 ], [ -77.094655, 39.0896 ], [ -77.094875, 39.089236 ], [ -77.094757, 39.089148 ], [ -77.094867, 39.088966 ], [ -77.095096, 39.088872 ], [ -77.095547, 39.088503 ], [ -77.095658, 39.088321 ], [ -77.095776, 39.088409 ], [ -77.096461, 39.088126 ], [ -77.096923, 39.088118 ], [ -77.097149, 39.087934 ], [ -77.097609, 39.087835 ], [ -77.098063, 39.087557 ], [ -77.098528, 39.087639 ], [ -77.098764, 39.087815 ], [ -77.09888, 39.087812 ], [ -77.099237, 39.088166 ], [ -77.099468, 39.088162 ], [ -77.099705, 39.088338 ], [ -77.100054, 39.088422 ], [ -77.10018, 39.08878 ], [ -77.100892, 39.089398 ], [ -77.100895, 39.089488 ], [ -77.101131, 39.089664 ], [ -77.101481, 39.089748 ], [ -77.101954, 39.0901 ], [ -77.102074, 39.090278 ], [ -77.102883, 39.090263 ], [ -77.103332, 39.089805 ], [ -77.103319, 39.089354 ], [ -77.103201, 39.089266 ], [ -77.103313, 39.089174 ], [ -77.103305, 39.088904 ], [ -77.103531, 39.08872 ], [ -77.103636, 39.088357 ], [ -77.103749, 39.088265 ], [ -77.103727, 39.087545 ], [ -77.104295, 39.087174 ], [ -77.104872, 39.087164 ], [ -77.105224, 39.087338 ], [ -77.105455, 39.087333 ], [ -77.105912, 39.087145 ], [ -77.106248, 39.086779 ], [ -77.106245, 39.086689 ], [ -77.106812, 39.086318 ], [ -77.106807, 39.086138 ], [ -77.106571, 39.085962 ], [ -77.106565, 39.085782 ], [ -77.106447, 39.085694 ], [ -77.10667, 39.085419 ], [ -77.106549, 39.085241 ], [ -77.106538, 39.084881 ], [ -77.106764, 39.084697 ], [ -77.106646, 39.084609 ], [ -77.106759, 39.084517 ], [ -77.10699, 39.084513 ], [ -77.107439, 39.084054 ], [ -77.107312, 39.083696 ], [ -77.107654, 39.08351 ], [ -77.107533, 39.083332 ], [ -77.107987, 39.083053 ], [ -77.108218, 39.083049 ], [ -77.108557, 39.082772 ], [ -77.10832, 39.082597 ], [ -77.108433, 39.082504 ] ] } },
{ "type": "Feature", "properties": { "id": "SC28", "sc_id": 28, "segments": "R28", "length_m": 2187.6450198781763, "slope_bed": 0.011397851618477464, "z_up_m": 100.3, "z_dn_m": 75.365546669527362, "drainage_area_km2": 3.027 }, "geometry": { "type": "LineString", "coordinates": [ [ -77.12863, 39.077542 ], [ -77.127923, 39.077105 ], [ -77.127808, 39.077107 ], [ -77.127335, 39.076755 ], [ -77.127329, 39.076575 ], [ -77.126975, 39.076311 ], [ -77.126972, 39.076221 ], [ -77.126265, 39.075783 ], [ -77.126262, 39.075693 ], [ -77.126029, 39.075607 ], [ -77.125451, 39.075618 ], [ -77.124742, 39.07509 ], [ -77.124739, 39.075 ], [ -77.122495, 39.073419 ], [ -77.122146, 39.073336 ], [ -77.121791, 39.073072 ], [ -77.120856, 39.072728 ], [ -77.120394, 39.072737 ], [ -77.120276, 39.072649 ], [ -77.119121, 39.07267 ], [ -77.118554, 39.073041 ], [ -77.118557, 39.073131 ], [ -77.117657, 39.073958 ], [ -77.117428, 39.074052 ], [ -77.116735, 39.074065 ], [ -77.116617, 39.073977 ], [ -77.116155, 39.073985 ], [ -77.116037, 39.073897 ], [ -77.115806, 39.073901 ], [ -77.115338, 39.07373 ], [ -77.114865, 39.073378 ], [ -77.114632, 39.073292 ], [ -77.113253, 39.073587 ], [ -77.111956, 39.07271 ], [ -77.111953, 39.07262 ], [ -77.111717, 39.072444 ], [ -77.111706, 39.072084 ], [ -77.11147, 39.071908 ], [ -77.111238, 39.071912 ], [ -77.111002, 39.071736 ], [ -77.110655, 39.071742 ], [ -77.110537, 39.071654 ], [ -77.110309, 39.071749 ], [ -77.1095, 39.071763 ], [ -77.109148, 39.071589 ] ] } },
{ "type": "Feature", "properties": { "id": "SC29", "sc_id": 29, "segments": "R29", "length_m": 1542.2539674441641, "slope_bed": 0.0014848397529461461, "z_up_m": 77.56, "z_dn_m": 75.27, "drainage_area_km2": 89.481 }, "geometry": { "type": "LineString", "coordinates": [ [ -77.108549, 39.082502 ], [ -77.108543, 39.082322 ], [ -77.108189, 39.082058 ], [ -77.10818, 39.081788 ], [ -77.107941, 39.081522 ], [ -77.107936, 39.081342 ], [ -77.107573, 39.080808 ], [ -77.107563, 39.080448 ], [ -77.107444, 39.08036 ], [ -77.107418, 39.079459 ], [ -77.107299, 39.079371 ], [ -77.107267, 39.078291 ], [ -77.107028, 39.078025 ], [ -77.10702, 39.077755 ], [ -77.106778, 39.077399 ], [ -77.10677, 39.077128 ], [ -77.106652, 39.07704 ], [ -77.106647, 39.07686 ], [ -77.106405, 39.076504 ], [ -77.106397, 39.076234 ], [ -77.106155, 39.075878 ], [ -77.106147, 39.075608 ], [ -77.106029, 39.07552 ], [ -77.10601, 39.07489 ], [ -77.105892, 39.074802 ], [ -77.105878, 39.074351 ], [ -77.106437, 39.073711 ], [ -77.106319, 39.073623 ], [ -77.106308, 39.073263 ], [ -77.106642, 39.072806 ], [ -77.106631, 39.072446 ], [ -77.107308, 39.071893 ], [ -77.107993, 39.07161 ], [ -77.10834, 39.071604 ], [ -77.108812, 39.071956 ], [ -77.109041, 39.071862 ], [ -77.109033, 39.071591 ] ] } },
{ "type": "Feature", "properties": { "id": "SC30", "sc_id": 30, "segments": "R30,G30", "length_m": 3586.4675298172688, "slope_bed": 0.0098238257473113304, "z_up_m": 116.84156436729549, "z_dn_m": 81.608732305980539, "drainage_area_km2": 7.167 }, "geometry": { "type": "LineString", "coordinates": [ [ -77.065992, 39.089932 ], [ -77.066686, 39.089919 ], [ -77.066799, 39.089827 ], [ -77.067145, 39.089821 ], [ -77.067258, 39.089729 ], [ -77.06772, 39.089721 ], [ -77.068177, 39.089533 ], [ -77.068629, 39.089164 ], [ -77.06896, 39.088618 ], [ -77.068955, 39.088438 ], [ -77.069729, 39.087253 ], [ -77.070181, 39.086884 ], [ -77.070874, 39.086872 ], [ -77.071329, 39.086593 ], [ -77.071313, 39.086053 ], [ -77.071074, 39.085787 ], [ -77.071068, 39.085607 ], [ -77.070829, 39.085341 ], [ -77.070824, 39.085161 ], [ -77.070588, 39.084985 ], [ -77.070464, 39.084717 ], [ -77.07011, 39.084453 ], [ -77.070107, 39.084363 ], [ -77.069634, 39.084011 ], [ -77.069621, 39.08356 ], [ -77.06938, 39.083204 ], [ -77.069356, 39.082394 ], [ -77.069117, 39.082128 ], [ -77.069106, 39.081768 ], [ -77.068516, 39.081328 ], [ -77.06839, 39.080969 ], [ -77.068271, 39.080881 ], [ -77.06814, 39.080343 ], [ -77.068366, 39.080159 ], [ -77.068825, 39.080061 ], [ -77.069511, 39.079778 ], [ -77.070753, 39.078765 ], [ -77.071527, 39.07758 ], [ -77.071729, 39.076585 ], [ -77.071955, 39.076401 ], [ -77.072071, 39.076399 ], [ -77.073087, 39.07557 ], [ -77.073197, 39.075388 ], [ -77.073428, 39.075384 ], [ -77.073541, 39.075292 ], [ -77.073872, 39.074745 ], [ -77.073754, 39.074657 ], [ -77.073748, 39.074477 ], [ -77.073977, 39.074383 ], [ -77.074197, 39.074019 ], [ -77.074187, 39.073658 ], [ -77.0743, 39.073566 ], [ -77.074509, 39.072842 ], [ -77.0753, 39.072197 ], [ -77.075297, 39.072107 ], [ -77.075413, 39.072105 ], [ -77.075751, 39.071828 ], [ -77.075859, 39.071556 ], [ -77.076418, 39.070916 ], [ -77.076523, 39.070553 ], [ -77.076862, 39.070277 ], [ -77.076859, 39.070187 ], [ -77.077311, 39.069818 ], [ -77.077539, 39.069724 ], [ -77.077657, 39.069812 ], [ -77.078697, 39.069794 ], [ -77.078815, 39.069882 ], [ -77.079046, 39.069878 ], [ -77.079159, 39.069786 ], [ -77.079624, 39.069867 ], [ -77.079965, 39.069681 ], [ -77.080204, 39.069947 ], [ -77.080768, 39.069487 ], [ -77.080873, 39.069124 ], [ -77.080986, 39.069032 ], [ -77.080981, 39.068852 ], [ -77.081094, 39.06876 ], [ -77.081325, 39.068756 ], [ -77.081779, 39.068477 ] ] } },
{ "type": "Feature", "properties": { "id": "SC31", "sc_id": 31, "segments": "R31", "length_m": 2718.0613254816053, "slope_bed": 0.0014768454315829257, "z_up_m": 75.254156451299735, "z_dn_m": 71.24, "drainage_area_km2": 95.973 }, "geometry": { "type": "LineString", "coordinates": [ [ -77.10903, 39.071501 ], [ -77.108993, 39.070241 ], [ -77.108874, 39.070153 ], [ -77.108864, 39.069793 ], [ -77.108622, 39.069436 ], [ -77.108385, 39.069261 ], [ -77.10769, 39.069183 ], [ -77.106776, 39.06956 ], [ -77.106188, 39.06921 ], [ -77.106295, 39.068938 ], [ -77.106862, 39.068567 ], [ -77.106857, 39.068387 ], [ -77.105906, 39.067503 ], [ -77.105903, 39.067413 ], [ -77.104952, 39.06653 ], [ -77.10495, 39.066439 ], [ -77.104477, 39.066088 ], [ -77.104474, 39.065998 ], [ -77.103295, 39.065208 ], [ -77.103287, 39.064938 ], [ -77.103169, 39.06485 ], [ -77.102938, 39.064854 ], [ -77.102712, 39.065038 ], [ -77.101673, 39.065057 ], [ -77.101447, 39.065241 ], [ -77.101216, 39.065245 ], [ -77.101103, 39.065338 ], [ -77.101116, 39.065788 ], [ -77.100893, 39.066062 ], [ -77.100539, 39.065798 ], [ -77.100536, 39.065708 ], [ -77.099473, 39.064916 ], [ -77.099457, 39.064376 ], [ -77.099569, 39.064284 ], [ -77.099559, 39.063924 ], [ -77.099672, 39.063832 ], [ -77.099551, 39.063654 ], [ -77.099078, 39.063302 ], [ -77.099065, 39.062851 ], [ -77.098944, 39.062673 ], [ -77.098009, 39.06233 ], [ -77.097888, 39.062152 ], [ -77.09788, 39.061882 ], [ -77.097644, 39.061706 ], [ -77.097633, 39.061346 ], [ -77.097515, 39.061258 ], [ -77.097053, 39.061266 ], [ -77.096465, 39.060916 ], [ -77.096, 39.060834 ], [ -77.095527, 39.060482 ], [ -77.095517, 39.060122 ], [ -77.094572, 39.059418 ], [ -77.093752, 39.059073 ], [ -77.092807, 39.058369 ], [ -77.092802, 39.058189 ] ] } },
{ "type": "Feature", "properties": { "id": "SC32", "sc_id": 32, "segments": "R32", "length_m": 1884.091629284901, "slope_bed": 0.0054341150151947515, "z_up_m": 81.528699497480943, "z_dn_m": 71.290328884781118, "drainage_area_km2": 9.791 }, "geometry": { "type": "LineString", "coordinates": [ [ -77.081892, 39.068385 ], [ -77.082005, 39.068293 ], [ -77.082351, 39.068287 ], [ -77.082918, 39.067916 ], [ -77.083493, 39.067816 ], [ -77.083945, 39.067448 ], [ -77.084176, 39.067443 ], [ -77.084294, 39.067531 ], [ -77.084407, 39.067439 ], [ -77.084753, 39.067433 ], [ -77.085207, 39.067155 ], [ -77.085323, 39.067153 ], [ -77.085559, 39.067329 ], [ -77.085785, 39.067144 ], [ -77.085774, 39.066784 ], [ -77.085887, 39.066692 ], [ -77.086118, 39.066688 ], [ -77.086339, 39.066324 ], [ -77.087241, 39.065587 ], [ -77.087698, 39.065398 ], [ -77.08768, 39.064768 ], [ -77.087559, 39.06459 ], [ -77.087441, 39.064502 ], [ -77.086976, 39.06442 ], [ -77.086973, 39.06433 ], [ -77.087309, 39.063964 ], [ -77.087296, 39.063513 ], [ -77.087409, 39.063421 ], [ -77.087511, 39.062969 ], [ -77.087734, 39.062695 ], [ -77.087708, 39.061794 ], [ -77.087589, 39.061706 ], [ -77.087579, 39.061346 ], [ -77.087461, 39.061258 ], [ -77.087574, 39.061166 ], [ -77.087563, 39.060806 ], [ -77.088243, 39.060343 ], [ -77.088818, 39.060242 ], [ -77.089272, 39.059964 ], [ -77.089957, 39.059681 ], [ -77.090303, 39.059675 ], [ -77.090532, 39.059581 ], [ -77.090752, 39.059217 ], [ -77.090978, 39.059032 ], [ -77.091324, 39.059026 ], [ -77.091434, 39.058844 ], [ -77.091886, 39.058476 ], [ -77.09223, 39.058379 ], [ -77.092568, 39.058103 ], [ -77.092684, 39.058101 ] ] } },
{ "type": "Feature", "properties": { "id": "SC33", "sc_id": 33, "segments": "R33", "length_m": 2385.0966799187845, "slope_bed": 0.00029348915114997537, "z_up_m": 71.24, "z_dn_m": 70.54, "drainage_area_km2": 110.362 }, "geometry": { "type": "LineString", "coordinates": [ [ -77.092799, 39.058099 ], [ -77.093594, 39.057634 ], [ -77.093465, 39.057186 ], [ -77.093108, 39.056832 ], [ -77.092625, 39.05612 ], [ -77.092617, 39.055849 ], [ -77.092499, 39.055762 ], [ -77.092373, 39.055403 ], [ -77.091782, 39.054963 ], [ -77.091436, 39.05497 ], [ -77.090966, 39.054708 ], [ -77.090947, 39.054077 ], [ -77.09106, 39.053985 ], [ -77.091052, 39.053715 ], [ -77.091165, 39.053623 ], [ -77.091133, 39.052542 ], [ -77.09077, 39.052008 ], [ -77.090752, 39.051378 ], [ -77.090389, 39.050844 ], [ -77.090384, 39.050664 ], [ -77.090497, 39.050572 ], [ -77.090484, 39.050121 ], [ -77.090365, 39.050033 ], [ -77.090331, 39.048863 ], [ -77.090444, 39.048771 ], [ -77.090436, 39.0485 ], [ -77.090882, 39.047952 ], [ -77.090869, 39.047502 ], [ -77.090511, 39.047148 ], [ -77.090506, 39.046967 ], [ -77.090619, 39.046875 ], [ -77.090603, 39.046335 ], [ -77.090716, 39.046243 ], [ -77.090708, 39.045973 ], [ -77.090117, 39.045533 ], [ -77.090107, 39.045173 ], [ -77.089868, 39.044907 ], [ -77.089862, 39.044726 ], [ -77.090085, 39.044452 ], [ -77.09008, 39.044272 ], [ -77.089838, 39.043916 ], [ -77.089777, 39.041845 ], [ -77.08942, 39.041491 ], [ -77.089415, 39.041311 ], [ -77.089176, 39.041045 ], [ -77.089171, 39.040865 ], [ -77.088929, 39.040508 ], [ -77.089039, 39.040326 ], [ -77.088921, 39.040238 ], [ -77.088911, 39.039878 ], [ -77.088793, 39.03979 ], [ -77.088787, 39.03961 ] ] } },
{ "type": "Feature", "properties": { "id": "SC34", "sc_id": 34, "segments": "R34", "length_m": 4317.5945135393467, "slope_bed": 0.0094223115397977925, "z_up_m": 111.22172060908943, "z_dn_m": 70.54, "drainage_area_km2": 7.262 }, "geometry": { "type": "LineString", "coordinates": [ [ -77.06133, 39.060822 ], [ -77.061327, 39.060732 ], [ -77.061553, 39.060548 ], [ -77.061547, 39.060367 ], [ -77.061768, 39.060003 ], [ -77.062114, 39.059997 ], [ -77.062227, 39.059905 ], [ -77.06222, 39.059635 ], [ -77.062101, 39.059547 ], [ -77.062214, 39.059455 ], [ -77.062445, 39.059451 ], [ -77.062558, 39.059359 ], [ -77.063251, 39.059346 ], [ -77.063477, 39.059162 ], [ -77.063472, 39.058982 ], [ -77.063692, 39.058618 ], [ -77.063684, 39.058347 ], [ -77.063797, 39.058255 ], [ -77.063792, 39.058075 ], [ -77.064013, 39.057711 ], [ -77.064577, 39.05725 ], [ -77.064692, 39.057248 ], [ -77.065028, 39.056882 ], [ -77.064989, 39.055531 ], [ -77.065325, 39.055165 ], [ -77.065207, 39.055077 ], [ -77.06532, 39.054985 ], [ -77.065551, 39.054981 ], [ -77.065777, 39.054796 ], [ -77.066349, 39.054606 ], [ -77.066687, 39.05433 ], [ -77.067031, 39.054234 ], [ -77.067029, 39.054144 ], [ -77.067367, 39.053867 ], [ -77.067365, 39.053777 ], [ -77.067814, 39.053319 ], [ -77.068034, 39.052954 ], [ -77.068029, 39.052774 ], [ -77.068142, 39.052682 ], [ -77.068023, 39.052594 ], [ -77.068008, 39.052054 ], [ -77.06789, 39.051966 ], [ -77.067884, 39.051786 ], [ -77.067995, 39.051604 ], [ -77.068559, 39.051143 ], [ -77.068674, 39.051141 ], [ -77.069239, 39.050681 ], [ -77.069354, 39.050679 ], [ -77.070596, 39.049665 ], [ -77.070942, 39.049659 ], [ -77.071643, 39.049917 ], [ -77.071874, 39.049913 ], [ -77.072341, 39.050085 ], [ -77.072688, 39.050079 ], [ -77.072924, 39.050255 ], [ -77.073155, 39.050251 ], [ -77.073273, 39.050339 ], [ -77.073619, 39.050332 ], [ -77.073738, 39.05042 ], [ -77.074431, 39.050408 ], [ -77.074766, 39.050042 ], [ -77.074756, 39.049682 ], [ -77.074982, 39.049497 ], [ -77.075669, 39.049305 ], [ -77.076234, 39.048844 ], [ -77.076226, 39.048574 ], [ -77.076451, 39.04839 ], [ -77.077262, 39.048466 ], [ -77.077963, 39.048723 ], [ -77.078433, 39.048985 ], [ -77.07878, 39.048979 ], [ -77.078892, 39.048887 ], [ -77.079123, 39.048883 ], [ -77.079242, 39.048971 ], [ -77.079703, 39.048963 ], [ -77.080042, 39.048686 ], [ -77.080262, 39.048322 ], [ -77.080252, 39.047962 ], [ -77.080367, 39.04796 ], [ -77.080593, 39.047775 ], [ -77.080824, 39.047771 ], [ -77.081281, 39.047583 ], [ -77.081506, 39.047399 ], [ -77.08127, 39.047223 ], [ -77.081262, 39.046953 ], [ -77.081375, 39.046861 ], [ -77.081356, 39.04623 ], [ -77.081582, 39.046046 ], [ -77.081572, 39.045686 ], [ -77.081684, 39.045594 ], [ -77.081676, 39.045323 ], [ -77.081789, 39.045231 ], [ -77.081779, 39.044871 ], [ -77.081892, 39.044779 ], [ -77.081991, 39.044237 ], [ -77.082104, 39.044144 ], [ -77.081981, 39.043876 ], [ -77.081747, 39.04379 ], [ -77.081742, 39.04361 ], [ -77.081967, 39.043426 ], [ -77.081965, 39.043336 ], [ -77.082306, 39.04315 ], [ -77.082891, 39.04341 ], [ -77.083353, 39.043401 ], [ -77.083689, 39.043035 ], [ -77.083686, 39.042945 ], [ -77.084025, 39.042669 ], [ -77.084022, 39.042579 ], [ -77.084473, 39.04221 ], [ -77.084576, 39.041758 ], [ -77.084914, 39.041481 ], [ -77.08503, 39.041479 ], [ -77.085481, 39.041111 ], [ -77.085938, 39.040922 ], [ -77.086628, 39.04082 ], [ -77.087418, 39.040175 ], [ -77.087533, 39.040173 ], [ -77.087871, 39.039897 ], [ -77.088331, 39.039798 ], [ -77.088556, 39.039614 ] ] } },
{ "type": "Feature", "properties": { "id": "SC35", "sc_id": 35, "segments": "R35", "length_m": 3278.7720036002611, "slope_bed": 0.012165691477362664, "z_up_m": 105.498528620415, "z_dn_m": 65.61, "drainage_area_km2": 4.093 }, "geometry": { "type": "LineString", "coordinates": [ [ -77.117352, 39.040536 ], [ -77.117561, 39.039812 ], [ -77.117787, 39.039627 ], [ -77.117778, 39.039357 ], [ -77.118001, 39.039083 ], [ -77.11788, 39.038905 ], [ -77.117867, 39.038455 ], [ -77.11798, 39.038363 ], [ -77.117974, 39.038182 ], [ -77.117735, 39.037916 ], [ -77.117727, 39.037646 ], [ -77.117491, 39.03747 ], [ -77.117376, 39.037473 ], [ -77.11643, 39.036769 ], [ -77.116307, 39.036501 ], [ -77.115834, 39.036149 ], [ -77.115488, 39.036155 ], [ -77.114419, 39.035184 ], [ -77.114414, 39.035003 ], [ -77.114527, 39.034911 ], [ -77.114516, 39.034551 ], [ -77.114736, 39.034187 ], [ -77.114723, 39.033736 ], [ -77.114835, 39.033644 ], [ -77.114779, 39.031753 ], [ -77.114543, 39.031577 ], [ -77.114653, 39.031395 ], [ -77.114411, 39.031039 ], [ -77.114175, 39.030863 ], [ -77.114167, 39.030593 ], [ -77.11428, 39.030501 ], [ -77.114384, 39.030139 ], [ -77.113794, 39.029699 ], [ -77.113447, 39.029705 ], [ -77.112859, 39.029355 ], [ -77.112164, 39.029278 ], [ -77.111694, 39.029016 ], [ -77.111463, 39.02902 ], [ -77.111111, 39.028846 ], [ -77.110765, 39.028853 ], [ -77.110413, 39.028679 ], [ -77.109833, 39.028599 ], [ -77.108899, 39.028256 ], [ -77.108437, 39.028264 ], [ -77.108201, 39.028088 ], [ -77.108085, 39.02809 ], [ -77.107406, 39.028553 ], [ -77.107291, 39.028555 ], [ -77.106952, 39.028832 ], [ -77.106955, 39.028922 ], [ -77.10684, 39.028924 ], [ -77.106501, 39.0292 ], [ -77.10627, 39.029204 ], [ -77.106034, 39.029028 ], [ -77.106023, 39.028668 ], [ -77.105669, 39.028404 ], [ -77.105554, 39.028406 ], [ -77.105196, 39.028052 ], [ -77.105191, 39.027872 ], [ -77.105304, 39.02778 ], [ -77.105151, 39.026521 ], [ -77.105371, 39.026157 ], [ -77.104767, 39.025267 ], [ -77.104531, 39.025091 ], [ -77.104526, 39.024911 ], [ -77.104169, 39.024557 ], [ -77.104163, 39.024377 ], [ -77.103804, 39.023933 ], [ -77.103798, 39.023753 ], [ -77.103447, 39.023579 ], [ -77.102751, 39.023501 ], [ -77.102515, 39.023325 ], [ -77.1024, 39.023327 ], [ -77.102037, 39.022793 ], [ -77.102029, 39.022523 ], [ -77.101675, 39.022259 ], [ -77.101559, 39.022261 ], [ -77.101557, 39.022171 ] ] } },
{ "type": "Feature", "properties": { "id": "SC36", "sc_id": 36, "segments": "R36", "length_m": 3342.6197667087645, "slope_bed": 0.0014748910567396723, "z_up_m": 70.54, "z_dn_m": 65.61, "drainage_area_km2": 122.747 }, "geometry": { "type": "LineString", "coordinates": [ [ -77.088669, 39.039522 ], [ -77.088307, 39.038988 ], [ -77.086771, 39.037844 ], [ -77.08653, 39.037488 ], [ -77.086393, 39.03677 ], [ -77.086275, 39.036682 ], [ -77.086149, 39.036324 ], [ -77.085325, 39.035798 ], [ -77.084976, 39.035714 ], [ -77.084739, 39.035538 ], [ -77.084377, 39.035004 ], [ -77.084361, 39.034463 ], [ -77.084474, 39.034371 ], [ -77.084448, 39.033471 ], [ -77.08456, 39.033379 ], [ -77.084555, 39.033199 ], [ -77.085455, 39.032372 ], [ -77.086263, 39.032357 ], [ -77.08672, 39.032169 ], [ -77.087287, 39.031798 ], [ -77.087284, 39.031708 ], [ -77.087732, 39.03125 ], [ -77.087706, 39.030349 ], [ -77.087588, 39.030261 ], [ -77.087679, 39.029448 ], [ -77.08812, 39.02872 ], [ -77.088346, 39.028536 ], [ -77.091541, 39.027217 ], [ -77.091767, 39.027033 ], [ -77.091982, 39.026488 ], [ -77.092546, 39.026028 ], [ -77.093005, 39.025929 ], [ -77.093682, 39.025376 ], [ -77.09391, 39.025282 ], [ -77.094372, 39.025274 ], [ -77.094484, 39.025182 ], [ -77.095408, 39.025165 ], [ -77.095518, 39.024983 ], [ -77.095744, 39.024799 ], [ -77.095859, 39.024797 ], [ -77.096095, 39.024973 ], [ -77.096227, 39.025511 ], [ -77.096694, 39.025683 ], [ -77.09693, 39.025859 ], [ -77.097276, 39.025852 ], [ -77.097389, 39.02576 ], [ -77.097736, 39.025754 ], [ -77.097848, 39.025662 ], [ -77.09831, 39.025654 ], [ -77.098428, 39.025742 ], [ -77.098657, 39.025647 ], [ -77.099108, 39.025279 ], [ -77.099438, 39.024732 ], [ -77.099304, 39.024104 ], [ -77.099873, 39.023824 ], [ -77.09987, 39.023733 ], [ -77.099634, 39.023558 ], [ -77.09986, 39.023373 ], [ -77.100316, 39.023185 ], [ -77.100534, 39.02273 ], [ -77.100982, 39.022272 ], [ -77.101329, 39.022266 ], [ -77.101441, 39.022173 ] ] } },
{ "type": "Feature", "properties": { "id": "SC37", "sc_id": 37, "segments": "R37", "length_m": 1213.6753236814725, "slope_bed": 0.00087624938823042215, "z_up_m": 58.73, "z_dn_m": 57.666517740113747, "drainage_area_km2": 143.027 }, "geometry": { "type": "LineString", "coordinates": [ [ -77.073547, 39.008347 ], [ -77.07308, 39.008175 ], [ -77.072257, 39.007649 ], [ -77.07179, 39.007477 ], [ -77.071095, 39.007399 ], [ -77.070977, 39.007311 ], [ -77.07063, 39.007317 ], [ -77.070512, 39.007229 ], [ -77.068778, 39.00717 ], [ -77.067876, 39.007907 ], [ -77.067325, 39.008818 ], [ -77.066987, 39.009094 ], [ -77.066992, 39.009274 ], [ -77.066541, 39.009642 ], [ -77.06632, 39.010007 ], [ -77.065982, 39.010283 ], [ -77.065987, 39.010463 ], [ -77.065761, 39.010647 ], [ -77.065541, 39.011012 ], [ -77.064864, 39.011564 ], [ -77.064636, 39.011658 ], [ -77.06429, 39.011665 ], [ -77.063818, 39.011312 ], [ -77.063702, 39.011315 ] ] } },
{ "type": "Feature", "properties": { "id": "SC38", "sc_id": 38, "segments": "R38", "length_m": 1784.8023074035559, "slope_bed": 0.017365723338338641, "z_up_m": 88.68, "z_dn_m": 57.685616916001415, "drainage_area_km2": 2.665 }, "geometry": { "type": "LineString", "coordinates": [ [ -77.049841, 39.019218 ], [ -77.049959, 39.019306 ], [ -77.050187, 39.019212 ], [ -77.050423, 39.019388 ], [ -77.050539, 39.019386 ], [ -77.050652, 39.019293 ], [ -77.051113, 39.019285 ], [ -77.05157, 39.019097 ], [ -77.051567, 39.019007 ], [ -77.051906, 39.018731 ], [ -77.052024, 39.018819 ], [ -77.052252, 39.018725 ], [ -77.05237, 39.018813 ], [ -77.052483, 39.018721 ], [ -77.052945, 39.018712 ], [ -77.05317, 39.018528 ], [ -77.053289, 39.018616 ], [ -77.053401, 39.018524 ], [ -77.053519, 39.018612 ], [ -77.054081, 39.018062 ], [ -77.054312, 39.018058 ], [ -77.054538, 39.017874 ], [ -77.054648, 39.017691 ], [ -77.05464, 39.017421 ], [ -77.054522, 39.017333 ], [ -77.054632, 39.017151 ], [ -77.055322, 39.017049 ], [ -77.055545, 39.016775 ], [ -77.055537, 39.016504 ], [ -77.055763, 39.01632 ], [ -77.056222, 39.016222 ], [ -77.056561, 39.015946 ], [ -77.057022, 39.015938 ], [ -77.057133, 39.015755 ], [ -77.057584, 39.015387 ], [ -77.057812, 39.015293 ], [ -77.05781, 39.015203 ], [ -77.058153, 39.015107 ], [ -77.058379, 39.014923 ], [ -77.05861, 39.014918 ], [ -77.058835, 39.014734 ], [ -77.059528, 39.014722 ], [ -77.059646, 39.01481 ], [ -77.059992, 39.014804 ], [ -77.060218, 39.01462 ], [ -77.060318, 39.014077 ], [ -77.060656, 39.013801 ], [ -77.061002, 39.013795 ], [ -77.061459, 39.013607 ], [ -77.062474, 39.012778 ], [ -77.062469, 39.012598 ], [ -77.063031, 39.012047 ], [ -77.063471, 39.011319 ] ] } },
{ "type": "Feature", "properties": { "id": "SC39", "sc_id": 39, "segments": "R39", "length_m": 4261.0259710444252, "slope_bed": 0.0015973516483965093, "z_up_m": 65.539257030221421, "z_dn_m": 58.732900171513272, "drainage_area_km2": 137.106 }, "geometry": { "type": "LineString", "coordinates": [ [ -77.101554, 39.022081 ], [ -77.101535, 39.021451 ], [ -77.100948, 39.021101 ], [ -77.100717, 39.021105 ], [ -77.100604, 39.021197 ], [ -77.100132, 39.020846 ], [ -77.099879, 39.020129 ], [ -77.099525, 39.019865 ], [ -77.099058, 39.019694 ], [ -77.099045, 39.019243 ], [ -77.099157, 39.019151 ], [ -77.098921, 39.018975 ], [ -77.098459, 39.018984 ], [ -77.098341, 39.018896 ], [ -77.098323, 39.018265 ], [ -77.097617, 39.017827 ], [ -77.097601, 39.017287 ], [ -77.09701, 39.016847 ], [ -77.096779, 39.016851 ], [ -77.096071, 39.016323 ], [ -77.095722, 39.01624 ], [ -77.095486, 39.016064 ], [ -77.094909, 39.016074 ], [ -77.094796, 39.016166 ], [ -77.094565, 39.01617 ], [ -77.094326, 39.015904 ], [ -77.094197, 39.015456 ], [ -77.093959, 39.01519 ], [ -77.093725, 39.015104 ], [ -77.092917, 39.015119 ], [ -77.09245, 39.014947 ], [ -77.092327, 39.014679 ], [ -77.092439, 39.014587 ], [ -77.092431, 39.014317 ], [ -77.092544, 39.014224 ], [ -77.092646, 39.013772 ], [ -77.09332, 39.013129 ], [ -77.093312, 39.012859 ], [ -77.093192, 39.012681 ], [ -77.092132, 39.011979 ], [ -77.091667, 39.011897 ], [ -77.091549, 39.01181 ], [ -77.090508, 39.011738 ], [ -77.090274, 39.011652 ], [ -77.089799, 39.01121 ], [ -77.089684, 39.011212 ], [ -77.089096, 39.010862 ], [ -77.088162, 39.010519 ], [ -77.087931, 39.010523 ], [ -77.087464, 39.010351 ], [ -77.087225, 39.010085 ], [ -77.087217, 39.009815 ], [ -77.087097, 39.009637 ], [ -77.086624, 39.009285 ], [ -77.086391, 39.009199 ], [ -77.086045, 39.009205 ], [ -77.085688, 39.008851 ], [ -77.08568, 39.008581 ], [ -77.085444, 39.008405 ], [ -77.085097, 39.008411 ], [ -77.084979, 39.008323 ], [ -77.084971, 39.008053 ], [ -77.085082, 39.007871 ], [ -77.084963, 39.007783 ], [ -77.084958, 39.007603 ], [ -77.084722, 39.007427 ], [ -77.08426, 39.007435 ], [ -77.084148, 39.007527 ], [ -77.084156, 39.007797 ], [ -77.083935, 39.008162 ], [ -77.083484, 39.00853 ], [ -77.083022, 39.008538 ], [ -77.082666, 39.008184 ], [ -77.082652, 39.007734 ], [ -77.081826, 39.007118 ], [ -77.081244, 39.006948 ], [ -77.080771, 39.006596 ], [ -77.080769, 39.006506 ], [ -77.080535, 39.00642 ], [ -77.080312, 39.006695 ], [ -77.079845, 39.006523 ], [ -77.079281, 39.006983 ], [ -77.079061, 39.007348 ], [ -77.079077, 39.007888 ], [ -77.078621, 39.008076 ], [ -77.078274, 39.008082 ], [ -77.078277, 39.008172 ], [ -77.078749, 39.008524 ], [ -77.078752, 39.008615 ], [ -77.078414, 39.008891 ], [ -77.078183, 39.008895 ], [ -77.077844, 39.009171 ], [ -77.077267, 39.009182 ], [ -77.077034, 39.009096 ], [ -77.076677, 39.008742 ], [ -77.075982, 39.008664 ], [ -77.075869, 39.008756 ], [ -77.075523, 39.008762 ], [ -77.07541, 39.008854 ], [ -77.074948, 39.008862 ], [ -77.074481, 39.008691 ], [ -77.074245, 39.008515 ], [ -77.073665, 39.008435 ] ] } },
{ "type": "Feature", "properties": { "id": "SC40", "sc_id": 40, "segments": "R40", "length_m": 4437.5945135393495, "slope_bed": 0.011818473912658009, "z_up_m": 111.17559499321911, "z_dn_m": 58.73, "drainage_area_km2": 4.46 }, "geometry": { "type": "LineString", "coordinates": [ [ -77.064063, 39.0396 ], [ -77.06406, 39.03951 ], [ -77.064512, 39.039141 ], [ -77.064743, 39.039137 ], [ -77.065081, 39.038861 ], [ -77.066115, 39.038662 ], [ -77.066228, 39.03857 ], [ -77.066223, 39.03839 ], [ -77.067128, 39.037744 ], [ -77.067123, 39.037563 ], [ -77.067461, 39.037287 ], [ -77.067561, 39.036745 ], [ -77.067787, 39.036561 ], [ -77.067894, 39.036288 ], [ -77.068236, 39.036102 ], [ -77.068346, 39.03592 ], [ -77.068228, 39.035832 ], [ -77.068564, 39.035466 ], [ -77.068558, 39.035285 ], [ -77.068784, 39.035101 ], [ -77.069002, 39.034647 ], [ -77.069228, 39.034463 ], [ -77.069222, 39.034283 ], [ -77.069561, 39.034006 ], [ -77.069558, 39.033916 ], [ -77.070012, 39.033638 ], [ -77.070122, 39.033456 ], [ -77.070002, 39.033278 ], [ -77.069996, 39.033097 ], [ -77.070109, 39.033005 ], [ -77.069991, 39.032917 ], [ -77.070096, 39.032555 ], [ -77.069855, 39.032199 ], [ -77.069967, 39.032107 ], [ -77.069731, 39.031931 ], [ -77.069616, 39.031933 ], [ -77.06938, 39.031757 ], [ -77.069377, 39.031667 ], [ -77.069146, 39.031671 ], [ -77.069033, 39.031763 ], [ -77.068456, 39.031773 ], [ -77.06822, 39.031597 ], [ -77.068212, 39.031327 ], [ -77.067973, 39.031061 ], [ -77.068083, 39.030879 ], [ -77.068065, 39.030249 ], [ -77.068291, 39.030064 ], [ -77.06817, 39.029886 ], [ -77.068731, 39.029336 ], [ -77.068839, 39.029063 ], [ -77.069065, 39.028879 ], [ -77.06938, 39.027792 ], [ -77.069605, 39.027608 ], [ -77.069484, 39.02743 ], [ -77.069477, 39.02716 ], [ -77.069589, 39.027068 ], [ -77.069571, 39.026438 ], [ -77.070135, 39.025977 ], [ -77.070356, 39.025613 ], [ -77.07035, 39.025433 ], [ -77.070794, 39.024794 ], [ -77.070676, 39.024706 ], [ -77.070901, 39.024522 ], [ -77.071229, 39.023885 ], [ -77.071345, 39.023883 ], [ -77.071342, 39.023793 ], [ -77.071568, 39.023609 ], [ -77.07167, 39.023157 ], [ -77.072444, 39.021972 ], [ -77.072546, 39.021519 ], [ -77.073108, 39.020969 ], [ -77.073102, 39.020789 ], [ -77.073328, 39.020604 ], [ -77.073323, 39.020424 ], [ -77.073664, 39.020238 ], [ -77.073895, 39.020234 ], [ -77.074233, 39.019958 ], [ -77.07423, 39.019868 ], [ -77.074794, 39.019407 ], [ -77.074781, 39.018957 ], [ -77.075233, 39.018588 ], [ -77.07523, 39.018498 ], [ -77.076248, 39.017759 ], [ -77.076219, 39.016769 ], [ -77.076332, 39.016677 ], [ -77.076326, 39.016496 ], [ -77.076208, 39.016408 ], [ -77.076321, 39.016316 ], [ -77.076297, 39.015506 ], [ -77.076179, 39.015418 ], [ -77.076174, 39.015238 ], [ -77.076287, 39.015146 ], [ -77.07626, 39.014245 ], [ -77.075906, 39.013981 ], [ -77.075544, 39.013447 ], [ -77.075308, 39.013271 ], [ -77.074841, 39.013099 ], [ -77.074369, 39.012747 ], [ -77.074248, 39.012569 ], [ -77.073899, 39.012485 ], [ -77.073545, 39.012221 ], [ -77.073527, 39.011591 ], [ -77.073409, 39.011503 ], [ -77.073521, 39.011411 ], [ -77.073513, 39.01114 ], [ -77.073736, 39.010866 ], [ -77.073726, 39.010506 ], [ -77.073487, 39.01024 ], [ -77.073435, 39.008439 ] ] } },
{ "type": "Feature", "properties": { "id": "SC41", "sc_id": 41, "segments": "R41", "length_m": 3439.482681718916, "slope_bed": 0.010330706231849909, "z_up_m": 89.06, "z_dn_m": 53.52771482562656, "drainage_area_km2": 4.493 }, "geometry": { "type": "LineString", "coordinates": [ [ -77.081071, 38.981363 ], [ -77.081197, 38.981721 ], [ -77.081433, 38.981897 ], [ -77.081323, 38.982079 ], [ -77.081559, 38.982255 ], [ -77.081693, 38.982883 ], [ -77.082173, 38.983505 ], [ -77.082184, 38.983866 ], [ -77.082658, 38.984308 ], [ -77.082782, 38.984576 ], [ -77.083844, 38.985368 ], [ -77.083854, 38.985728 ], [ -77.083411, 38.986366 ], [ -77.083417, 38.986547 ], [ -77.083084, 38.987003 ], [ -77.083089, 38.987183 ], [ -77.082756, 38.98764 ], [ -77.082761, 38.98782 ], [ -77.082431, 38.988366 ], [ -77.081977, 38.988645 ], [ -77.08176, 38.989099 ], [ -77.081647, 38.989191 ], [ -77.081416, 38.989195 ], [ -77.081298, 38.989107 ], [ -77.080837, 38.989115 ], [ -77.080496, 38.989302 ], [ -77.080501, 38.989482 ], [ -77.080388, 38.989574 ], [ -77.080404, 38.990114 ], [ -77.080522, 38.990202 ], [ -77.080409, 38.990294 ], [ -77.080425, 38.990835 ], [ -77.080543, 38.990923 ], [ -77.080433, 38.991105 ], [ -77.079979, 38.991383 ], [ -77.07988, 38.991926 ], [ -77.079767, 38.992018 ], [ -77.079077, 38.99212 ], [ -77.078964, 38.992212 ], [ -77.078972, 38.992482 ], [ -77.07886, 38.992575 ], [ -77.078742, 38.992487 ], [ -77.078736, 38.992306 ], [ -77.078618, 38.992218 ], [ -77.078388, 38.992223 ], [ -77.078162, 38.992407 ], [ -77.078167, 38.992587 ], [ -77.077375, 38.993142 ], [ -77.076916, 38.99324 ], [ -77.076691, 38.993424 ], [ -77.076696, 38.993604 ], [ -77.076583, 38.993696 ], [ -77.076122, 38.993705 ], [ -77.076004, 38.993617 ], [ -77.075657, 38.993623 ], [ -77.075306, 38.993449 ], [ -77.075075, 38.993453 ], [ -77.074962, 38.993545 ], [ -77.07497, 38.993815 ], [ -77.074742, 38.993909 ], [ -77.074745, 38.993999 ], [ -77.074068, 38.994552 ], [ -77.073491, 38.994562 ], [ -77.07314, 38.994388 ], [ -77.072914, 38.994573 ], [ -77.07304, 38.994931 ], [ -77.072815, 38.995115 ], [ -77.072581, 38.995029 ], [ -77.071312, 38.995052 ], [ -77.07096, 38.994878 ], [ -77.070729, 38.994882 ], [ -77.070378, 38.994708 ], [ -77.069914, 38.994626 ], [ -77.069347, 38.994996 ], [ -77.069353, 38.995176 ], [ -77.069124, 38.995271 ], [ -77.069127, 38.995361 ], [ -77.068676, 38.995729 ], [ -77.06833, 38.995735 ], [ -77.068101, 38.995829 ], [ -77.067983, 38.995741 ], [ -77.067406, 38.995752 ], [ -77.066937, 38.99549 ], [ -77.066706, 38.995494 ], [ -77.066588, 38.995406 ], [ -77.065432, 38.995336 ], [ -77.064729, 38.994988 ], [ -77.064149, 38.994908 ], [ -77.063798, 38.994734 ], [ -77.063569, 38.994828 ], [ -77.063336, 38.994742 ] ] } },
{ "type": "Feature", "properties": { "id": "SC42", "sc_id": 42, "segments": "R42", "length_m": 2423.0865786510199, "slope_bed": 0.0015894193392866269, "z_up_m": 57.4, "z_dn_m": 53.548699331126201, "drainage_area_km2": 147.644 }, "geometry": { "type": "LineString", "coordinates": [ [ -77.063584, 39.011227 ], [ -77.062876, 39.010698 ], [ -77.062634, 39.010342 ], [ -77.062629, 39.010162 ], [ -77.062511, 39.010074 ], [ -77.062503, 39.009804 ], [ -77.062385, 39.009716 ], [ -77.062372, 39.009266 ], [ -77.062254, 39.009178 ], [ -77.062223, 39.008097 ], [ -77.061982, 39.007741 ], [ -77.061963, 39.007111 ], [ -77.062076, 39.007018 ], [ -77.06195, 39.00666 ], [ -77.061714, 39.006484 ], [ -77.060783, 39.00623 ], [ -77.060662, 39.006052 ], [ -77.060744, 39.00488 ], [ -77.060626, 39.004792 ], [ -77.060164, 39.0048 ], [ -77.060056, 39.005072 ], [ -77.059944, 39.005164 ], [ -77.059713, 39.005168 ], [ -77.059123, 39.004728 ], [ -77.059002, 39.00455 ], [ -77.058994, 39.00428 ], [ -77.058753, 39.003924 ], [ -77.058735, 39.003293 ], [ -77.059065, 39.002747 ], [ -77.060309, 39.001824 ], [ -77.060416, 39.001552 ], [ -77.060642, 39.001367 ], [ -77.061106, 39.001449 ], [ -77.061444, 39.001173 ], [ -77.061552, 39.000901 ], [ -77.062229, 39.000348 ], [ -77.062331, 38.999896 ], [ -77.062667, 38.99953 ], [ -77.062761, 38.998807 ], [ -77.062874, 38.998715 ], [ -77.062861, 38.998265 ], [ -77.062622, 38.997999 ], [ -77.062609, 38.997548 ], [ -77.062491, 38.99746 ], [ -77.062465, 38.99656 ], [ -77.062801, 38.996193 ], [ -77.062788, 38.995743 ], [ -77.06267, 38.995655 ], [ -77.062539, 38.995117 ], [ -77.06299, 38.994748 ], [ -77.063221, 38.994744 ] ] } },
{ "type": "Feature", "properties": { "id": "SC43", "sc_id": 43, "segments": "R43", "length_m": 2527.9393923934063, "slope_bed": 0.012501562936101645, "z_up_m": 81.42, "z_dn_m": 49.816806587343279, "drainage_area_km2": 2.969 }, "geometry": { "type": "LineString", "coordinates": [ [ -77.040699, 39.002529 ], [ -77.040693, 39.002349 ], [ -77.040575, 39.002261 ], [ -77.040801, 39.002077 ], [ -77.041032, 39.002073 ], [ -77.04115, 39.002161 ], [ -77.041494, 39.002065 ], [ -77.041719, 39.00188 ], [ -77.041714, 39.0017 ], [ -77.041827, 39.001608 ], [ -77.041822, 39.001428 ], [ -77.041704, 39.00134 ], [ -77.041816, 39.001248 ], [ -77.041698, 39.00116 ], [ -77.041234, 39.001078 ], [ -77.041229, 39.000898 ], [ -77.041111, 39.00081 ], [ -77.04156, 39.000351 ], [ -77.041431, 38.999903 ], [ -77.041544, 38.999811 ], [ -77.041536, 38.999541 ], [ -77.041649, 38.999449 ], [ -77.041529, 38.999271 ], [ -77.041521, 38.999001 ], [ -77.041403, 38.998913 ], [ -77.041398, 38.998732 ], [ -77.041511, 38.99864 ], [ -77.041469, 38.9972 ], [ -77.041582, 38.997107 ], [ -77.041548, 38.995937 ], [ -77.041428, 38.995759 ], [ -77.041882, 38.99548 ], [ -77.041876, 38.9953 ], [ -77.042102, 38.995116 ], [ -77.042099, 38.995026 ], [ -77.042666, 38.994656 ], [ -77.042656, 38.994295 ], [ -77.042884, 38.994201 ], [ -77.043561, 38.993649 ], [ -77.043558, 38.993559 ], [ -77.043897, 38.993283 ], [ -77.043894, 38.993193 ], [ -77.044235, 38.993006 ], [ -77.044217, 38.992376 ], [ -77.04444, 38.992102 ], [ -77.044432, 38.991832 ], [ -77.044545, 38.99174 ], [ -77.044527, 38.991109 ], [ -77.044409, 38.991021 ], [ -77.044401, 38.990751 ], [ -77.04428, 38.990573 ], [ -77.043929, 38.990399 ], [ -77.044037, 38.990127 ], [ -77.04368, 38.989772 ], [ -77.04379, 38.98959 ], [ -77.043777, 38.98914 ], [ -77.043424, 38.988876 ], [ -77.043182, 38.98852 ], [ -77.043177, 38.98834 ], [ -77.043403, 38.988155 ], [ -77.043282, 38.987977 ], [ -77.043274, 38.987707 ], [ -77.042803, 38.987355 ], [ -77.042913, 38.987173 ], [ -77.042441, 38.986821 ], [ -77.042415, 38.98592 ], [ -77.042179, 38.985744 ], [ -77.042174, 38.985564 ], [ -77.041935, 38.985298 ], [ -77.041925, 38.984938 ], [ -77.042263, 38.984661 ], [ -77.042258, 38.984481 ], [ -77.04214, 38.984393 ], [ -77.042248, 38.984121 ] ] } },
{ "type": "Feature", "properties": { "id": "SC44", "sc_id": 44, "segments": "R44", "length_m": 3414.3354954613037, "slope_bed": 0.0011665422457282431, "z_up_m": 53.482966596545083, "z_dn_m": 49.5, "drainage_area_km2": 156.155 }, "geometry": { "type": "LineString", "coordinates": [ [ -77.063333, 38.994652 ], [ -77.063323, 38.994292 ], [ -77.063205, 38.994204 ], [ -77.062974, 38.994208 ], [ -77.062261, 38.9935 ], [ -77.062256, 38.99332 ], [ -77.062014, 38.992964 ], [ -77.062004, 38.992604 ], [ -77.061886, 38.992515 ], [ -77.061881, 38.992335 ], [ -77.061639, 38.991979 ], [ -77.061631, 38.991709 ], [ -77.061393, 38.991443 ], [ -77.06139, 38.991353 ], [ -77.061616, 38.991169 ], [ -77.061962, 38.991163 ], [ -77.062195, 38.991249 ], [ -77.062647, 38.99088 ], [ -77.062641, 38.9907 ], [ -77.062285, 38.990346 ], [ -77.062274, 38.989986 ], [ -77.062607, 38.989529 ], [ -77.062599, 38.989259 ], [ -77.062712, 38.989167 ], [ -77.062689, 38.988357 ], [ -77.062571, 38.988269 ], [ -77.062563, 38.987998 ], [ -77.062899, 38.987632 ], [ -77.062891, 38.987362 ], [ -77.062649, 38.987006 ], [ -77.062295, 38.986742 ], [ -77.062172, 38.986474 ], [ -77.061936, 38.986298 ], [ -77.061931, 38.986117 ], [ -77.061695, 38.985941 ], [ -77.061003, 38.985954 ], [ -77.060546, 38.986142 ], [ -77.05919, 38.987157 ], [ -77.05896, 38.987161 ], [ -77.05837, 38.986721 ], [ -77.058254, 38.986723 ], [ -77.058018, 38.986547 ], [ -77.058008, 38.986187 ], [ -77.057772, 38.986011 ], [ -77.057541, 38.986015 ], [ -77.05709, 38.986383 ], [ -77.056975, 38.986385 ], [ -77.056295, 38.986848 ], [ -77.055611, 38.98713 ], [ -77.055272, 38.987406 ], [ -77.055044, 38.9875 ], [ -77.054465, 38.987421 ], [ -77.054239, 38.987605 ], [ -77.054244, 38.987785 ], [ -77.054019, 38.987969 ], [ -77.053903, 38.987971 ], [ -77.05367, 38.987885 ], [ -77.05249, 38.987005 ], [ -77.052257, 38.986919 ], [ -77.052367, 38.986737 ], [ -77.052356, 38.986376 ], [ -77.052005, 38.986202 ], [ -77.051774, 38.986206 ], [ -77.051656, 38.986118 ], [ -77.050964, 38.986131 ], [ -77.050508, 38.986319 ], [ -77.050156, 38.986145 ], [ -77.049461, 38.986067 ], [ -77.049107, 38.985803 ], [ -77.049105, 38.985713 ], [ -77.048635, 38.985451 ], [ -77.047712, 38.985467 ], [ -77.047479, 38.985381 ], [ -77.047125, 38.985117 ], [ -77.047002, 38.984849 ], [ -77.046412, 38.984409 ], [ -77.046297, 38.984411 ], [ -77.045709, 38.98406 ], [ -77.045363, 38.984067 ], [ -77.044896, 38.983895 ], [ -77.043858, 38.983913 ], [ -77.043745, 38.984005 ], [ -77.042361, 38.984029 ] ] } },
{ "type": "Feature", "properties": { "id": "SC45", "sc_id": 45, "segments": "R45,G45", "length_m": 2073.7972567696738, "slope_bed": 0.0011090765948753719, "z_up_m": 49.5, "z_dn_m": 47.2, "drainage_area_km2": 161.45 }, "geometry": { "type": "LineString", "coordinates": [ [ -77.042245, 38.984031 ], [ -77.042001, 38.983585 ], [ -77.04153, 38.983233 ], [ -77.040835, 38.983155 ], [ -77.040009, 38.982538 ], [ -77.040001, 38.982268 ], [ -77.039883, 38.98218 ], [ -77.039993, 38.981998 ], [ -77.039986, 38.981728 ], [ -77.040321, 38.981362 ], [ -77.040539, 38.980907 ], [ -77.041111, 38.980717 ], [ -77.041337, 38.980533 ], [ -77.041567, 38.980529 ], [ -77.042252, 38.980247 ], [ -77.042598, 38.980241 ], [ -77.043419, 38.980677 ], [ -77.044111, 38.980665 ], [ -77.044108, 38.980575 ], [ -77.044675, 38.980204 ], [ -77.044667, 38.979934 ], [ -77.044195, 38.979582 ], [ -77.044187, 38.979312 ], [ -77.044069, 38.979224 ], [ -77.044062, 38.978954 ], [ -77.043944, 38.978866 ], [ -77.043931, 38.978415 ], [ -77.043577, 38.978151 ], [ -77.04311, 38.977979 ], [ -77.042879, 38.977983 ], [ -77.04241, 38.977721 ], [ -77.042295, 38.977723 ], [ -77.041351, 38.977019 ], [ -77.0403, 38.976587 ], [ -77.039828, 38.976235 ], [ -77.039823, 38.976054 ], [ -77.039936, 38.975962 ], [ -77.039818, 38.975874 ], [ -77.0398, 38.975244 ], [ -77.040023, 38.97497 ], [ -77.039905, 38.974882 ], [ -77.039897, 38.974611 ], [ -77.039543, 38.974347 ], [ -77.03953, 38.973897 ], [ -77.039753, 38.973623 ], [ -77.039855, 38.973171 ], [ -77.040081, 38.972986 ], [ -77.03996, 38.972808 ], [ -77.040073, 38.972716 ], [ -77.040068, 38.972536 ] ] } },
{ "type": "Feature", "properties": { "id": "SC46", "sc_id": 46, "segments": "R46", "length_m": 3321.1984104714547, "slope_bed": 0.014348816953468707, "z_up_m": 94.855268058006132, "z_dn_m": 47.2, "drainage_area_km2": 2.689 }, "geometry": { "type": "LineString", "coordinates": [ [ -77.071476, 38.980903 ], [ -77.071251, 38.981087 ], [ -77.068715, 38.981222 ], [ -77.068361, 38.980958 ], [ -77.068018, 38.981054 ], [ -77.0679, 38.980966 ], [ -77.067089, 38.98089 ], [ -77.066617, 38.980538 ], [ -77.066153, 38.980456 ], [ -77.06522, 38.980113 ], [ -77.064512, 38.979585 ], [ -77.064507, 38.979404 ], [ -77.064391, 38.979406 ], [ -77.063801, 38.978966 ], [ -77.063799, 38.978876 ], [ -77.06345, 38.978792 ], [ -77.063329, 38.978614 ], [ -77.06286, 38.978352 ], [ -77.062052, 38.978367 ], [ -77.061934, 38.978279 ], [ -77.061706, 38.978373 ], [ -77.060783, 38.978389 ], [ -77.060665, 38.978301 ], [ -77.060212, 38.978579 ], [ -77.059863, 38.978495 ], [ -77.05975, 38.978587 ], [ -77.059519, 38.978592 ], [ -77.059063, 38.97878 ], [ -77.058371, 38.978792 ], [ -77.057902, 38.97853 ], [ -77.057671, 38.978534 ], [ -77.057435, 38.978358 ], [ -77.057089, 38.978364 ], [ -77.056737, 38.97819 ], [ -77.056625, 38.978282 ], [ -77.056386, 38.978016 ], [ -77.056155, 38.97802 ], [ -77.056043, 38.978112 ], [ -77.055235, 38.978127 ], [ -77.054999, 38.97795 ], [ -77.054884, 38.977953 ], [ -77.05453, 38.977688 ], [ -77.054288, 38.977332 ], [ -77.053935, 38.977068 ], [ -77.053822, 38.97716 ], [ -77.053229, 38.97663 ], [ -77.052999, 38.976634 ], [ -77.052881, 38.976546 ], [ -77.05265, 38.97655 ], [ -77.052532, 38.976462 ], [ -77.052068, 38.97638 ], [ -77.050767, 38.975322 ], [ -77.050647, 38.975144 ], [ -77.049955, 38.975156 ], [ -77.049837, 38.975068 ], [ -77.049606, 38.975072 ], [ -77.04937, 38.974896 ], [ -77.049257, 38.974988 ], [ -77.04868, 38.974998 ], [ -77.048324, 38.974644 ], [ -77.048321, 38.974554 ], [ -77.048547, 38.97437 ], [ -77.048529, 38.973739 ], [ -77.048642, 38.973647 ], [ -77.048167, 38.973205 ], [ -77.04759, 38.973215 ], [ -77.047124, 38.973043 ], [ -77.046777, 38.973049 ], [ -77.046542, 38.972873 ], [ -77.046539, 38.972783 ], [ -77.046077, 38.972791 ], [ -77.04596, 38.972703 ], [ -77.045847, 38.972795 ], [ -77.045613, 38.972709 ], [ -77.045503, 38.972891 ], [ -77.04505, 38.97317 ], [ -77.044355, 38.973092 ], [ -77.044116, 38.972826 ], [ -77.043865, 38.972109 ], [ -77.043626, 38.971843 ], [ -77.043734, 38.971571 ], [ -77.043959, 38.971387 ], [ -77.043954, 38.971207 ] ] } },
{ "type": "Feature", "properties": { "id": "SC47", "sc_id": 47, "segments": "R47,G47", "length_m": 2740.4877323527994, "slope_bed": 0.01351311669296089, "z_up_m": 84.62, "z_dn_m": 47.587469477088852, "drainage_area_km2": 2.561 }, "geometry": { "type": "LineString", "coordinates": [ [ -77.024378, 38.976864 ], [ -77.024373, 38.976684 ], [ -77.024486, 38.976592 ], [ -77.024465, 38.975871 ], [ -77.024578, 38.975779 ], [ -77.024809, 38.975775 ], [ -77.024927, 38.975863 ], [ -77.025155, 38.975769 ], [ -77.025386, 38.975765 ], [ -77.025504, 38.975853 ], [ -77.025617, 38.975761 ], [ -77.025847, 38.975757 ], [ -77.025965, 38.975845 ], [ -77.026078, 38.975753 ], [ -77.026309, 38.975749 ], [ -77.026427, 38.975837 ], [ -77.026647, 38.975473 ], [ -77.027452, 38.975369 ], [ -77.027562, 38.975187 ], [ -77.027909, 38.975181 ], [ -77.028134, 38.974997 ], [ -77.028234, 38.974454 ], [ -77.028347, 38.974362 ], [ -77.028578, 38.974358 ], [ -77.028803, 38.974174 ], [ -77.029034, 38.97417 ], [ -77.029485, 38.973802 ], [ -77.029593, 38.97353 ], [ -77.029708, 38.973528 ], [ -77.030162, 38.97325 ], [ -77.030157, 38.973069 ], [ -77.030498, 38.972883 ], [ -77.030262, 38.972707 ], [ -77.030259, 38.972617 ], [ -77.030716, 38.972429 ], [ -77.030826, 38.972247 ], [ -77.031618, 38.971692 ], [ -77.031615, 38.971602 ], [ -77.031951, 38.971236 ], [ -77.032295, 38.97114 ], [ -77.032748, 38.970862 ], [ -77.032628, 38.970684 ], [ -77.032848, 38.97032 ], [ -77.033297, 38.969861 ], [ -77.033056, 38.969505 ], [ -77.033051, 38.969325 ], [ -77.033394, 38.969229 ], [ -77.033733, 38.968953 ], [ -77.033848, 38.968951 ], [ -77.034299, 38.968582 ], [ -77.034409, 38.9684 ], [ -77.034755, 38.968394 ], [ -77.035207, 38.968026 ], [ -77.035314, 38.967754 ], [ -77.035988, 38.967111 ], [ -77.035868, 38.966933 ], [ -77.036206, 38.966657 ], [ -77.036198, 38.966387 ], [ -77.036424, 38.966203 ], [ -77.036414, 38.965842 ], [ -77.036293, 38.965664 ], [ -77.036403, 38.965482 ], [ -77.03697, 38.965112 ], [ -77.036734, 38.964936 ], [ -77.036847, 38.964844 ], [ -77.036839, 38.964573 ], [ -77.036949, 38.964391 ], [ -77.037062, 38.964299 ], [ -77.037521, 38.964201 ], [ -77.038533, 38.963282 ], [ -77.039112, 38.963362 ], [ -77.039553, 38.962634 ], [ -77.039891, 38.962358 ], [ -77.040804, 38.961981 ], [ -77.041378, 38.961881 ] ] } },
{ "type": "Feature", "properties": { "id": "SC48", "sc_id": 48, "segments": "R48,G48", "length_m": 2045.218613006984, "slope_bed": 0.0020730688751916014, "z_up_m": 47.2, "z_dn_m": 42.960120950412687, "drainage_area_km2": 166.438 }, "geometry": { "type": "LineString", "coordinates": [ [ -77.040065, 38.972446 ], [ -77.040178, 38.972354 ], [ -77.04006, 38.972266 ], [ -77.040053, 38.971996 ], [ -77.040616, 38.971535 ], [ -77.040732, 38.971533 ], [ -77.040729, 38.971443 ], [ -77.040955, 38.971259 ], [ -77.041298, 38.971163 ], [ -77.041524, 38.970979 ], [ -77.041642, 38.971067 ], [ -77.04187, 38.970973 ], [ -77.042331, 38.970965 ], [ -77.042801, 38.971227 ], [ -77.043724, 38.971211 ], [ -77.044175, 38.970842 ], [ -77.044405, 38.970838 ], [ -77.044631, 38.970654 ], [ -77.044736, 38.970292 ], [ -77.044849, 38.9702 ], [ -77.044841, 38.96993 ], [ -77.045064, 38.969656 ], [ -77.045051, 38.969205 ], [ -77.045161, 38.969023 ], [ -77.045499, 38.968747 ], [ -77.045497, 38.968657 ], [ -77.045612, 38.968655 ], [ -77.046627, 38.967826 ], [ -77.046727, 38.967284 ], [ -77.04684, 38.967192 ], [ -77.046834, 38.967011 ], [ -77.046717, 38.966923 ], [ -77.046829, 38.966831 ], [ -77.046816, 38.966381 ], [ -77.047039, 38.966107 ], [ -77.047034, 38.965927 ], [ -77.04726, 38.965743 ], [ -77.047254, 38.965562 ], [ -77.047475, 38.965198 ], [ -77.047459, 38.964658 ], [ -77.047341, 38.96457 ], [ -77.047336, 38.96439 ], [ -77.046744, 38.96386 ], [ -77.0465, 38.963413 ], [ -77.045792, 38.962885 ], [ -77.045677, 38.962887 ], [ -77.044972, 38.962449 ], [ -77.044857, 38.962451 ], [ -77.042024, 38.960248 ] ] } },
{ "type": "Feature", "properties": { "id": "SC49", "sc_id": 49, "segments": "R49", "length_m": 4028.893936688462, "slope_bed": 0.012853176907547902, "z_up_m": 71.434983463243185, "z_dn_m": 19.650896953239283, "drainage_area_km2": 6.846 }, "geometry": { "type": "LineString", "coordinates": [ [ -77.076229, 38.961807 ], [ -77.075075, 38.961827 ], [ -77.074839, 38.961651 ], [ -77.074142, 38.961483 ], [ -77.073914, 38.961578 ], [ -77.073463, 38.961946 ], [ -77.073109, 38.961682 ], [ -77.072645, 38.9616 ], [ -77.072648, 38.96169 ], [ -77.072532, 38.961692 ], [ -77.072082, 38.962061 ], [ -77.071964, 38.961973 ], [ -77.071617, 38.961979 ], [ -77.071505, 38.962071 ], [ -77.071271, 38.961985 ], [ -77.071043, 38.962079 ], [ -77.070121, 38.962096 ], [ -77.070003, 38.962007 ], [ -77.069775, 38.962102 ], [ -77.069536, 38.961836 ], [ -77.069528, 38.961565 ], [ -77.069287, 38.961209 ], [ -77.069051, 38.961033 ], [ -77.069043, 38.960763 ], [ -77.068569, 38.960321 ], [ -77.068445, 38.960053 ], [ -77.067384, 38.959261 ], [ -77.067268, 38.959263 ], [ -77.067033, 38.959087 ], [ -77.067025, 38.958817 ], [ -77.066438, 38.958467 ], [ -77.065976, 38.958475 ], [ -77.065974, 38.958385 ], [ -77.065738, 38.958209 ], [ -77.065507, 38.958213 ], [ -77.065389, 38.958125 ], [ -77.065043, 38.958131 ], [ -77.064925, 38.958043 ], [ -77.064812, 38.958135 ], [ -77.064582, 38.958139 ], [ -77.064464, 38.958051 ], [ -77.064233, 38.958055 ], [ -77.063997, 38.957879 ], [ -77.063884, 38.957971 ], [ -77.063415, 38.957709 ], [ -77.063184, 38.957713 ], [ -77.063072, 38.957805 ], [ -77.061572, 38.957832 ], [ -77.06146, 38.957924 ], [ -77.061342, 38.957836 ], [ -77.061111, 38.95784 ], [ -77.060998, 38.957932 ], [ -77.060652, 38.957938 ], [ -77.060534, 38.95785 ], [ -77.059378, 38.957781 ], [ -77.058791, 38.95743 ], [ -77.058676, 38.957433 ], [ -77.057968, 38.956904 ], [ -77.057847, 38.956726 ], [ -77.057845, 38.956636 ], [ -77.05807, 38.956452 ], [ -77.058186, 38.95645 ], [ -77.058291, 38.956088 ], [ -77.057821, 38.955826 ], [ -77.057473, 38.955742 ], [ -77.057352, 38.955564 ], [ -77.057337, 38.955023 ], [ -77.057449, 38.954931 ], [ -77.057439, 38.954571 ], [ -77.056498, 38.953957 ], [ -77.056149, 38.953873 ], [ -77.055324, 38.953257 ], [ -77.055321, 38.953167 ], [ -77.054847, 38.952725 ], [ -77.054842, 38.952545 ], [ -77.054724, 38.952456 ], [ -77.054834, 38.952274 ], [ -77.054713, 38.952096 ], [ -77.054019, 38.952018 ], [ -77.053901, 38.95193 ], [ -77.053788, 38.952022 ], [ -77.05367, 38.951934 ], [ -77.05344, 38.951938 ], [ -77.052973, 38.951766 ], [ -77.052852, 38.951588 ], [ -77.052847, 38.951408 ], [ -77.05296, 38.951316 ], [ -77.052937, 38.950506 ], [ -77.052701, 38.95033 ], [ -77.052575, 38.949971 ], [ -77.052103, 38.949619 ], [ -77.051873, 38.949623 ], [ -77.051516, 38.949269 ], [ -77.051503, 38.948819 ], [ -77.051385, 38.948731 ], [ -77.05137, 38.948191 ], [ -77.051252, 38.948103 ], [ -77.051244, 38.947832 ], [ -77.051357, 38.94774 ], [ -77.051457, 38.947198 ], [ -77.051569, 38.947106 ], [ -77.051549, 38.946385 ], [ -77.050943, 38.945405 ], [ -77.050236, 38.944877 ], [ -77.050233, 38.944787 ], [ -77.049877, 38.944433 ], [ -77.049864, 38.943982 ], [ -77.049977, 38.94389 ], [ -77.049971, 38.94371 ] ] } },
{ "type": "Feature", "properties": { "id": "SC50", "sc_id": 50, "segments": "R50", "length_m": 2885.3405460951853, "slope_bed": 0.0081045533657961508, "z_up_m": 42.861442761870997, "z_dn_m": 19.477046327547157, "drainage_area_km2": 170.605 }, "geometry": { "type": "LineString", "coordinates": [ [ -77.041908, 38.96025 ], [ -77.041672, 38.960074 ], [ -77.041096, 38.960084 ], [ -77.040509, 38.959734 ], [ -77.040503, 38.959554 ], [ -77.040954, 38.959186 ], [ -77.041059, 38.958823 ], [ -77.041172, 38.958731 ], [ -77.041167, 38.958551 ], [ -77.041505, 38.958275 ], [ -77.041621, 38.958273 ], [ -77.042184, 38.957812 ], [ -77.042295, 38.95763 ], [ -77.042177, 38.957542 ], [ -77.042153, 38.956732 ], [ -77.042266, 38.95664 ], [ -77.042366, 38.956097 ], [ -77.042248, 38.956009 ], [ -77.042235, 38.955559 ], [ -77.042117, 38.955471 ], [ -77.042097, 38.954751 ], [ -77.042207, 38.954568 ], [ -77.042432, 38.954384 ], [ -77.042548, 38.954382 ], [ -77.042999, 38.954014 ], [ -77.042996, 38.953924 ], [ -77.044236, 38.952911 ], [ -77.044231, 38.952731 ], [ -77.044569, 38.952455 ], [ -77.0449, 38.951908 ], [ -77.044884, 38.951368 ], [ -77.04511, 38.951184 ], [ -77.045107, 38.951094 ], [ -77.046009, 38.950357 ], [ -77.04658, 38.950167 ], [ -77.047029, 38.949708 ], [ -77.047016, 38.949258 ], [ -77.046898, 38.94917 ], [ -77.046885, 38.94872 ], [ -77.046998, 38.948628 ], [ -77.04699, 38.948358 ], [ -77.046636, 38.948094 ], [ -77.046521, 38.948096 ], [ -77.046052, 38.947833 ], [ -77.045473, 38.947754 ], [ -77.045022, 38.948122 ], [ -77.045027, 38.948302 ], [ -77.044689, 38.948578 ], [ -77.044458, 38.948582 ], [ -77.044104, 38.948318 ], [ -77.044091, 38.947868 ], [ -77.045216, 38.946857 ], [ -77.045436, 38.946493 ], [ -77.045431, 38.946313 ], [ -77.045984, 38.945492 ], [ -77.04633, 38.945486 ], [ -77.04703, 38.945744 ], [ -77.047607, 38.945734 ], [ -77.04772, 38.945642 ], [ -77.04795, 38.945638 ], [ -77.048391, 38.944909 ], [ -77.049518, 38.943988 ], [ -77.049515, 38.943898 ], [ -77.049741, 38.943714 ] ] } },
{ "type": "Feature", "properties": { "id": "SC51", "sc_id": 51, "segments": "R51", "length_m": 1339.1168824543147, "slope_bed": 0.0025389867341292314, "z_up_m": 19.43, "z_dn_m": 16.03, "drainage_area_km2": 179.754 }, "geometry": { "type": "LineString", "coordinates": [ [ -77.049854, 38.943622 ], [ -77.049958, 38.94326 ], [ -77.050184, 38.943076 ], [ -77.050404, 38.942711 ], [ -77.050855, 38.942343 ], [ -77.05096, 38.941981 ], [ -77.051183, 38.941707 ], [ -77.051178, 38.941526 ], [ -77.051398, 38.941162 ], [ -77.051257, 38.940264 ], [ -77.051697, 38.939535 ], [ -77.051687, 38.939175 ], [ -77.051799, 38.939083 ], [ -77.051794, 38.938903 ], [ -77.052015, 38.938538 ], [ -77.052114, 38.937996 ], [ -77.051873, 38.93764 ], [ -77.051525, 38.937556 ], [ -77.051289, 38.93738 ], [ -77.050943, 38.937386 ], [ -77.050477, 38.937214 ], [ -77.048862, 38.937242 ], [ -77.04875, 38.937334 ], [ -77.04817, 38.937254 ], [ -77.047814, 38.9369 ], [ -77.047786, 38.93591 ], [ -77.047898, 38.935817 ], [ -77.047885, 38.935367 ] ] } },
{ "type": "Feature", "properties": { "id": "SC52", "sc_id": 52, "segments": "R52", "length_m": 6330.1428534987172, "slope_bed": 0.0074962093606845753, "z_up_m": 63.482076112867652, "z_dn_m": 16.03, "drainage_area_km2": 9.551 }, "geometry": { "type": "LineString", "coordinates": [ [ -77.016144, 38.97142 ], [ -77.016128, 38.97088 ], [ -77.016241, 38.970788 ], [ -77.016003, 38.970522 ], [ -77.016115, 38.97043 ], [ -77.016105, 38.970069 ], [ -77.016218, 38.969977 ], [ -77.016213, 38.969797 ], [ -77.016095, 38.969709 ], [ -77.016321, 38.969525 ], [ -77.016203, 38.969437 ], [ -77.016313, 38.969255 ], [ -77.016195, 38.969167 ], [ -77.016182, 38.968717 ], [ -77.016064, 38.968629 ], [ -77.016177, 38.968537 ], [ -77.016141, 38.967276 ], [ -77.016254, 38.967184 ], [ -77.016244, 38.966823 ], [ -77.016126, 38.966735 ], [ -77.016352, 38.966551 ], [ -77.016234, 38.966463 ], [ -77.016229, 38.966283 ], [ -77.016685, 38.966095 ], [ -77.01679, 38.965733 ], [ -77.017129, 38.965457 ], [ -77.017359, 38.965453 ], [ -77.017346, 38.965002 ], [ -77.017459, 38.96491 ], [ -77.017106, 38.964646 ], [ -77.0171, 38.964466 ], [ -77.016865, 38.96429 ], [ -77.01686, 38.96411 ], [ -77.016742, 38.964022 ], [ -77.016852, 38.96384 ], [ -77.016731, 38.963661 ], [ -77.017072, 38.963475 ], [ -77.017067, 38.963295 ], [ -77.016711, 38.962941 ], [ -77.016703, 38.962671 ], [ -77.016816, 38.962579 ], [ -77.016698, 38.962491 ], [ -77.016808, 38.962309 ], [ -77.016796, 38.961858 ], [ -77.016678, 38.96177 ], [ -77.016791, 38.961678 ], [ -77.016673, 38.96159 ], [ -77.016668, 38.96141 ], [ -77.017121, 38.961132 ], [ -77.017116, 38.960952 ], [ -77.016998, 38.960864 ], [ -77.017111, 38.960772 ], [ -77.01707, 38.959331 ], [ -77.01695, 38.959153 ], [ -77.017173, 38.958878 ], [ -77.017052, 38.9587 ], [ -77.017163, 38.958518 ], [ -77.017045, 38.95843 ], [ -77.016919, 38.958072 ], [ -77.017032, 38.95798 ], [ -77.017027, 38.9578 ], [ -77.017252, 38.957616 ], [ -77.017483, 38.957612 ], [ -77.017821, 38.957335 ], [ -77.017752, 38.954904 ], [ -77.017632, 38.954726 ], [ -77.01797, 38.95445 ], [ -77.01947, 38.954424 ], [ -77.019808, 38.954147 ], [ -77.01978, 38.953157 ], [ -77.019893, 38.953065 ], [ -77.019775, 38.952977 ], [ -77.019701, 38.950365 ], [ -77.019813, 38.950273 ], [ -77.019808, 38.950093 ], [ -77.020034, 38.949909 ], [ -77.020362, 38.949272 ], [ -77.021033, 38.94854 ], [ -77.021141, 38.948268 ], [ -77.02159, 38.947809 ], [ -77.021697, 38.947537 ], [ -77.022146, 38.947079 ], [ -77.022253, 38.946807 ], [ -77.022702, 38.946348 ], [ -77.02281, 38.946076 ], [ -77.023035, 38.945892 ], [ -77.023143, 38.94562 ], [ -77.023368, 38.945436 ], [ -77.023476, 38.945164 ], [ -77.023701, 38.94498 ], [ -77.023809, 38.944707 ], [ -77.024035, 38.944523 ], [ -77.024475, 38.943795 ], [ -77.024924, 38.943337 ], [ -77.025032, 38.943064 ], [ -77.025257, 38.94288 ], [ -77.025365, 38.942608 ], [ -77.02559, 38.942424 ], [ -77.025808, 38.94197 ], [ -77.026256, 38.941511 ], [ -77.026697, 38.940783 ], [ -77.027146, 38.940325 ], [ -77.027253, 38.940052 ], [ -77.027479, 38.939868 ], [ -77.027919, 38.93914 ], [ -77.02837, 38.938772 ], [ -77.028599, 38.938677 ], [ -77.030444, 38.938645 ], [ -77.030561, 38.938733 ], [ -77.034597, 38.938663 ], [ -77.034715, 38.938751 ], [ -77.034828, 38.938659 ], [ -77.035517, 38.938557 ], [ -77.035858, 38.938371 ], [ -77.036091, 38.938457 ], [ -77.03666, 38.938177 ], [ -77.037006, 38.938171 ], [ -77.037231, 38.937986 ], [ -77.037577, 38.93798 ], [ -77.03769, 38.937888 ], [ -77.037808, 38.937976 ], [ -77.037921, 38.937884 ], [ -77.038151, 38.93788 ], [ -77.038823, 38.937148 ], [ -77.039507, 38.936865 ], [ -77.039737, 38.936861 ], [ -77.040193, 38.936673 ], [ -77.040419, 38.936489 ], [ -77.040767, 38.936573 ], [ -77.041221, 38.936295 ], [ -77.042605, 38.936271 ], [ -77.04283, 38.936087 ], [ -77.042948, 38.936175 ], [ -77.043178, 38.936171 ], [ -77.043404, 38.935986 ], [ -77.043755, 38.93616 ], [ -77.045485, 38.93613 ], [ -77.045823, 38.935854 ], [ -77.046284, 38.935846 ], [ -77.047652, 38.935281 ] ] } },
{ "type": "Feature", "properties": { "id": "SC53", "sc_id": 53, "segments": "R53", "length_m": 4870.559159102153, "slope_bed": 0.0020634181151908304, "z_up_m": 16.03, "z_dn_m": 5.98, "drainage_area_km2": 193.947 }, "geometry": { "type": "LineString", "coordinates": [ [ -77.047767, 38.935279 ], [ -77.04934, 38.93381 ], [ -77.049571, 38.933806 ], [ -77.049796, 38.933622 ], [ -77.050593, 38.933247 ], [ -77.050931, 38.932971 ], [ -77.050926, 38.932791 ], [ -77.050685, 38.932435 ], [ -77.050331, 38.932171 ], [ -77.050103, 38.932265 ], [ -77.049757, 38.932271 ], [ -77.049639, 38.932183 ], [ -77.049294, 38.932189 ], [ -77.048942, 38.932015 ], [ -77.048363, 38.931935 ], [ -77.048012, 38.931761 ], [ -77.047666, 38.931767 ], [ -77.046726, 38.931153 ], [ -77.045883, 38.929906 ], [ -77.045055, 38.9292 ], [ -77.044575, 38.928577 ], [ -77.044555, 38.927857 ], [ -77.044668, 38.927765 ], [ -77.044754, 38.926772 ], [ -77.04498, 38.926588 ], [ -77.044977, 38.926498 ], [ -77.045092, 38.926496 ], [ -77.045659, 38.926126 ], [ -77.045887, 38.926032 ], [ -77.046463, 38.926022 ], [ -77.046699, 38.926198 ], [ -77.046822, 38.926466 ], [ -77.048472, 38.927698 ], [ -77.048587, 38.927696 ], [ -77.049059, 38.928048 ], [ -77.049523, 38.92813 ], [ -77.049861, 38.927854 ], [ -77.049843, 38.927224 ], [ -77.049725, 38.927136 ], [ -77.049714, 38.926775 ], [ -77.049597, 38.926687 ], [ -77.049573, 38.925877 ], [ -77.049455, 38.925789 ], [ -77.049448, 38.925519 ], [ -77.048853, 38.924898 ], [ -77.048848, 38.924718 ], [ -77.04873, 38.92463 ], [ -77.04872, 38.92427 ], [ -77.048602, 38.924182 ], [ -77.048714, 38.92409 ], [ -77.048594, 38.923912 ], [ -77.048555, 38.922561 ], [ -77.049119, 38.9221 ], [ -77.049575, 38.921912 ], [ -77.049913, 38.921636 ], [ -77.04991, 38.921546 ], [ -77.050358, 38.921088 ], [ -77.050466, 38.920815 ], [ -77.050691, 38.920631 ], [ -77.050911, 38.920267 ], [ -77.050906, 38.920087 ], [ -77.051357, 38.919719 ], [ -77.051585, 38.919624 ], [ -77.052161, 38.919614 ], [ -77.053096, 38.920048 ], [ -77.053791, 38.920126 ], [ -77.053901, 38.919944 ], [ -77.053547, 38.91968 ], [ -77.05366, 38.919588 ], [ -77.054006, 38.919582 ], [ -77.054459, 38.919304 ], [ -77.054574, 38.919301 ], [ -77.055476, 38.918565 ], [ -77.055821, 38.918559 ], [ -77.055934, 38.918467 ], [ -77.056165, 38.918463 ], [ -77.056277, 38.91837 ], [ -77.056736, 38.918272 ], [ -77.057299, 38.917812 ], [ -77.057297, 38.917722 ], [ -77.057522, 38.917538 ], [ -77.057742, 38.917173 ], [ -77.05808, 38.916897 ], [ -77.0583, 38.916533 ], [ -77.058282, 38.915902 ], [ -77.058041, 38.915546 ], [ -77.056627, 38.91449 ], [ -77.056511, 38.914492 ], [ -77.055453, 38.91379 ], [ -77.055338, 38.913792 ], [ -77.054984, 38.913528 ], [ -77.054167, 38.913182 ], [ -77.053813, 38.912918 ], [ -77.053583, 38.912922 ], [ -77.053114, 38.91266 ], [ -77.052999, 38.912662 ], [ -77.052056, 38.911957 ], [ -77.052053, 38.911867 ], [ -77.0517, 38.911603 ], [ -77.051697, 38.911513 ] ] } },
{ "type": "Feature", "properties": { "id": "SC54", "sc_id": 54, "segments": "R54", "length_m": 1955.8073580374398, "slope_bed": 0.0025820538915792999, "z_up_m": 5.98, "z_dn_m": 0.93, "drainage_area_km2": 197.828 }, "geometry": { "type": "LineString", "coordinates": [ [ -77.05181, 38.911421 ], [ -77.052043, 38.911507 ], [ -77.052753, 38.912125 ], [ -77.052983, 38.912121 ], [ -77.053334, 38.912295 ], [ -77.053565, 38.912291 ], [ -77.053444, 38.912113 ], [ -77.053418, 38.911213 ], [ -77.0533, 38.911125 ], [ -77.053238, 38.908963 ], [ -77.053466, 38.908869 ], [ -77.054255, 38.908224 ], [ -77.054698, 38.907586 ], [ -77.0548, 38.907134 ], [ -77.055023, 38.906859 ], [ -77.055017, 38.906679 ], [ -77.055348, 38.906133 ], [ -77.05523, 38.906045 ], [ -77.054999, 38.906049 ], [ -77.054997, 38.905959 ], [ -77.055657, 38.904866 ], [ -77.055995, 38.90459 ], [ -77.056325, 38.904043 ], [ -77.056778, 38.903765 ], [ -77.057219, 38.903036 ], [ -77.057444, 38.902852 ], [ -77.057559, 38.90285 ], [ -77.057554, 38.90267 ], [ -77.057782, 38.902576 ], [ -77.057774, 38.902306 ], [ -77.057999, 38.902122 ], [ -77.058115, 38.90212 ], [ -77.058107, 38.901849 ], [ -77.05845, 38.901753 ], [ -77.05844, 38.901393 ], [ -77.058552, 38.901301 ], [ -77.058314, 38.901035 ], [ -77.058427, 38.900943 ], [ -77.058193, 38.900857 ], [ -77.057955, 38.900591 ], [ -77.057607, 38.900507 ], [ -77.057248, 38.900063 ], [ -77.057583, 38.899696 ] ] } }
]
}
